player_matchName,player_playerId,contestantId,team_name,duelLost,aerialLost,player_position,player_positionSide,player_subPosition,successfulOpenPlayPass,totalContest,duelWon,penAreaEntries,accurateBackZonePass,possWonDef3rd,wonContest,accurateFwdZonePass,openPlayPass,totalBackZonePass,minsPlayed,fwdPass,finalThirdEntries,ballRecovery,totalFwdZonePass,successfulFinalThirdPasses,totalFinalThirdPasses,attAssistOpenplay,aerialWon,totalAttAssist,possWonMid3rd,interception,totalCrossNocorner,interceptionWon,attOpenplay,touchesInOppBox,attemptsIbox,totalThroughBall,possWonAtt3rd,accurateCrossNocorner,bigChanceCreated,accurateThroughBall,totalLayoffs,accurateLayoffs,totalFastbreak,shotFastbreak,formationUsed,label,match_id,date,totalLongBalls,accurateCrossNocorner,totalCross,possLostAll,goals,attemptsConcededIbox,goalAssist
B. Bayrak,dqqswfn9s1tdxjoslts8ks6xg,8cfkisxf1fkxdqtt6tx1tup48,HB Køge,NaN,NaN,Goalkeeper,Centre,NaN,16,NaN,1,NaN,17,1,NaN,3,21,19,90,22,12,6,16,2,12,NaN,NaN,NaN,NaN,NaN,NaN,NaN,NaN,NaN,NaN,NaN,NaN,NaN,NaN,NaN,NaN,NaN,NaN,NaN,343,HB Køge vs Hobro,brnzj43frth2y4gjyeex6n5lg,2025-07-18,19,NaN,NaN,15,NaN,9,NaN
L. Bust,6gmm4awyvlf9p7jr9dvnmp0tm,8cfkisxf1fkxdqtt6tx1tup48,HB Køge,5,3,Defender,Left/Centre,NaN,23,NaN,2,2,10,NaN,NaN,14,32,14,62,22,8,1,19,4,9,NaN,2,NaN,1,NaN,NaN,NaN,NaN,1,NaN,NaN,NaN,NaN,NaN,NaN,NaN,NaN,NaN,NaN,343,HB Køge vs Hobro,brnzj43frth2y4gjyeex6n5lg,2025-07-18,11,NaN,NaN,10,NaN,5,NaN
M. Westergren,7al9w77ailhli8g487tkl32tw,8cfkisxf1fkxdqtt6tx1tup48,HB Køge,4,2,Defender,Centre,NaN,44,NaN,10,6,29,4,NaN,15,54,33,90,22,4,5,21,6,7,NaN,7,NaN,1,4,NaN,4,NaN,1,NaN,NaN,NaN,NaN,NaN,NaN,2,2,NaN,NaN,343,HB Køge vs Hobro,brnzj43frth2y4gjyeex6n5lg,2025-07-18,5,NaN,NaN,14,NaN,9,NaN
H. Bonnesen,2pm5oqzyonn0dysa5nszgq3xm,8cfkisxf1fkxdqtt6tx1tup48,HB Køge,1,NaN,Defender,Centre/Right,NaN,34,NaN,2,1,25,NaN,NaN,10,45,30,90,20,6,5,16,6,10,NaN,1,NaN,4,1,NaN,1,NaN,1,NaN,NaN,1,NaN,NaN,NaN,NaN,NaN,NaN,NaN,343,HB Køge vs Hobro,brnzj43frth2y4gjyeex6n5lg,2025-07-18,4,NaN,NaN,11,NaN,9,NaN
N. Jakobsen,4ti8pdx03j8dh4mdb626ltmvo,8cfkisxf1fkxdqtt6tx1tup48,HB Køge,2,1,Midfielder,Left,NaN,31,NaN,3,6,16,2,NaN,21,35,17,90,5,8,4,24,10,12,1,1,2,2,1,4,1,1,NaN,NaN,NaN,NaN,4,1,NaN,NaN,NaN,1,1,343,HB Køge vs Hobro,brnzj43frth2y4gjyeex6n5lg,2025-07-18,3,4,5,6,NaN,9,NaN
G. Larsen,3mgrufy83uhzs9liw8pwxi784,8cfkisxf1fkxdqtt6tx1tup48,HB Køge,6,2,Midfielder,Left/Centre,NaN,41,1,1,4,13,3,NaN,28,52,16,90,15,7,7,37,12,18,3,NaN,3,4,2,1,2,NaN,2,NaN,NaN,NaN,NaN,NaN,NaN,3,3,NaN,NaN,343,HB Køge vs Hobro,brnzj43frth2y4gjyeex6n5lg,2025-07-18,7,NaN,1,13,NaN,9,NaN
M. Schütt,k43cten7yb6p59yo0firhb84,8cfkisxf1fkxdqtt6tx1tup48,HB Køge,3,NaN,Midfielder,Centre/Right,NaN,18,NaN,3,2,6,1,NaN,14,20,6,62,2,2,5,18,3,5,NaN,NaN,NaN,3,NaN,3,NaN,1,1,NaN,NaN,1,1,NaN,NaN,NaN,NaN,NaN,NaN,343,HB Køge vs Hobro,brnzj43frth2y4gjyeex6n5lg,2025-07-18,1,1,3,7,NaN,5,NaN
S. Larsen,4m7gr5z6b40dj02yrmlwgeluc,8cfkisxf1fkxdqtt6tx1tup48,HB Køge,4,1,Midfielder,Right,NaN,21,2,4,2,9,1,1,13,27,11,90,12,4,3,18,5,7,NaN,1,NaN,2,NaN,2,NaN,2,3,NaN,NaN,NaN,1,NaN,NaN,NaN,NaN,NaN,NaN,343,HB Køge vs Hobro,brnzj43frth2y4gjyeex6n5lg,2025-07-18,3,1,2,10,NaN,9,NaN
C. Jensen,74m58jsznzu8l89b8h7rkh1bd,8cfkisxf1fkxdqtt6tx1tup48,HB Køge,3,1,Striker,Left/Centre,NaN,16,1,2,4,3,NaN,1,13,17,3,80,4,NaN,NaN,16,10,10,NaN,NaN,NaN,NaN,NaN,1,NaN,2,7,3,NaN,NaN,NaN,NaN,NaN,NaN,NaN,1,1,343,HB Køge vs Hobro,brnzj43frth2y4gjyeex6n5lg,2025-07-18,1,NaN,2,9,2,7,NaN
M. Rochester,444n8m1tirk6lp739iigw42c5,8cfkisxf1fkxdqtt6tx1tup48,HB Køge,8,6,Striker,Centre,NaN,9,1,2,1,3,NaN,NaN,7,11,3,62,3,NaN,2,9,5,6,NaN,1,1,1,NaN,NaN,NaN,NaN,6,NaN,NaN,1,NaN,1,NaN,1,1,NaN,NaN,343,HB Køge vs Hobro,brnzj43frth2y4gjyeex6n5lg,2025-07-18,NaN,NaN,NaN,6,NaN,5,1
G. Çulhacı,1icurh5jrnw1e6jdgqxjnhdnu,8cfkisxf1fkxdqtt6tx1tup48,HB Køge,6,3,Striker,Centre/Right,NaN,17,2,4,7,1,NaN,1,16,20,1,71,5,NaN,1,22,9,11,2,NaN,2,NaN,NaN,3,NaN,2,2,NaN,NaN,1,NaN,NaN,NaN,3,3,NaN,NaN,343,HB Køge vs Hobro,brnzj43frth2y4gjyeex6n5lg,2025-07-18,1,NaN,3,10,NaN,6,NaN
Mohamad Al Naser,abhfq12njxxutqjtb9zvcusyc,8cfkisxf1fkxdqtt6tx1tup48,HB Køge,2,1,Substitute,NaN,Attacker,5,NaN,1,NaN,NaN,NaN,NaN,5,5,NaN,19,3,2,1,5,2,2,1,NaN,1,1,1,NaN,1,NaN,1,NaN,NaN,NaN,NaN,1,NaN,NaN,NaN,NaN,NaN,343,HB Køge vs Hobro,brnzj43frth2y4gjyeex6n5lg,2025-07-18,NaN,NaN,NaN,1,NaN,3,NaN
B. Alkhoudari,6orujbbswf771s9rv0dcd8kd0,8cfkisxf1fkxdqtt6tx1tup48,HB Køge,1,NaN,Substitute,NaN,Attacker,1,1,2,NaN,1,NaN,NaN,NaN,1,1,10,NaN,NaN,1,NaN,NaN,NaN,NaN,NaN,NaN,1,NaN,NaN,NaN,1,1,1,NaN,NaN,NaN,NaN,NaN,NaN,NaN,1,1,343,HB Køge vs Hobro,brnzj43frth2y4gjyeex6n5lg,2025-07-18,NaN,NaN,NaN,2,NaN,2,NaN
I. Dorgu,bmvcofmie6om4muxij4kdkro4,8cfkisxf1fkxdqtt6tx1tup48,HB Køge,NaN,NaN,Substitute,NaN,Attacker,NaN,NaN,NaN,NaN,NaN,NaN,NaN,NaN,NaN,NaN,NaN,NaN,NaN,NaN,NaN,NaN,NaN,NaN,NaN,NaN,NaN,NaN,NaN,NaN,NaN,NaN,NaN,NaN,NaN,NaN,NaN,NaN,NaN,NaN,NaN,NaN,343,HB Køge vs Hobro,brnzj43frth2y4gjyeex6n5lg,2025-07-18,NaN,NaN,NaN,NaN,NaN,NaN,NaN
A. Gøthler,d2ukggo2v5jsw4pctznmaijo4,8cfkisxf1fkxdqtt6tx1tup48,HB Køge,3,1,Substitute,NaN,Attacker,1,NaN,1,NaN,1,NaN,NaN,NaN,1,1,28,1,NaN,NaN,NaN,NaN,NaN,NaN,NaN,NaN,NaN,NaN,NaN,NaN,1,1,1,NaN,NaN,NaN,NaN,NaN,NaN,NaN,NaN,NaN,343,HB Køge vs Hobro,brnzj43frth2y4gjyeex6n5lg,2025-07-18,NaN,NaN,NaN,1,NaN,4,NaN
S. Hald,67p0s4o54xcmiustgy8k5gljo,8cfkisxf1fkxdqtt6tx1tup48,HB Køge,2,2,Substitute,NaN,Defender,14,NaN,1,1,13,NaN,NaN,1,18,15,28,9,2,NaN,3,NaN,2,NaN,1,NaN,NaN,1,NaN,1,NaN,1,1,NaN,NaN,NaN,NaN,NaN,NaN,NaN,NaN,NaN,343,HB Køge vs Hobro,brnzj43frth2y4gjyeex6n5lg,2025-07-18,4,NaN,NaN,4,NaN,4,NaN
M. Jensen,619s1phj5bkgkug3aszc1y9cl,8cfkisxf1fkxdqtt6tx1tup48,HB Køge,1,NaN,Substitute,NaN,Midfielder,11,1,1,1,6,1,NaN,5,14,6,28,3,2,4,9,1,3,1,NaN,1,3,NaN,1,NaN,NaN,NaN,NaN,NaN,NaN,NaN,NaN,NaN,NaN,NaN,NaN,NaN,343,HB Køge vs Hobro,brnzj43frth2y4gjyeex6n5lg,2025-07-18,2,NaN,1,7,NaN,4,NaN
V. Sørensen,egxik3guom123v43rthy89c7o,8cfkisxf1fkxdqtt6tx1tup48,HB Køge,NaN,NaN,Substitute,NaN,Midfielder,NaN,NaN,NaN,NaN,NaN,NaN,NaN,NaN,NaN,NaN,NaN,NaN,NaN,NaN,NaN,NaN,NaN,NaN,NaN,NaN,NaN,NaN,NaN,NaN,NaN,NaN,NaN,NaN,NaN,NaN,NaN,NaN,NaN,NaN,NaN,NaN,343,HB Køge vs Hobro,brnzj43frth2y4gjyeex6n5lg,2025-07-18,NaN,NaN,NaN,NaN,NaN,NaN,NaN
M. Salah,5jv4a1295xd5oonpj9w9fy61g,8cfkisxf1fkxdqtt6tx1tup48,HB Køge,NaN,NaN,Substitute,NaN,Attacker,NaN,NaN,NaN,NaN,NaN,NaN,NaN,NaN,NaN,NaN,NaN,NaN,NaN,NaN,NaN,NaN,NaN,NaN,NaN,NaN,NaN,NaN,NaN,NaN,NaN,NaN,NaN,NaN,NaN,NaN,NaN,NaN,NaN,NaN,NaN,NaN,343,HB Køge vs Hobro,brnzj43frth2y4gjyeex6n5lg,2025-07-18,NaN,NaN,NaN,NaN,NaN,NaN,NaN
N. Sømmergaard,bwxxfcjd31gykfbpomwr1od90,8cfkisxf1fkxdqtt6tx1tup48,HB Køge,NaN,NaN,Substitute,NaN,Goalkeeper,NaN,NaN,NaN,NaN,NaN,NaN,NaN,NaN,NaN,NaN,NaN,NaN,NaN,NaN,NaN,NaN,NaN,NaN,NaN,NaN,NaN,NaN,NaN,NaN,NaN,NaN,NaN,NaN,NaN,NaN,NaN,NaN,NaN,NaN,NaN,NaN,343,HB Køge vs Hobro,brnzj43frth2y4gjyeex6n5lg,2025-07-18,NaN,NaN,NaN,NaN,NaN,NaN,NaN
J. Dakir,9yxhg70gpwi3e9s84c8qwg0yx,b2vft81kyjurzbmekvgrqwr64,Hobro,1,NaN,Goalkeeper,Centre,NaN,15,NaN,NaN,NaN,20,2,NaN,1,23,20,90,20,6,10,11,NaN,6,NaN,NaN,NaN,NaN,NaN,NaN,NaN,NaN,NaN,NaN,NaN,NaN,NaN,NaN,NaN,NaN,NaN,NaN,NaN,352,HB Køge vs Hobro,brnzj43frth2y4gjyeex6n5lg,2025-07-18,13,NaN,NaN,10,NaN,6,NaN
F. Dietz,ebd3uvtt54wkdsahc2127j02c,b2vft81kyjurzbmekvgrqwr64,Hobro,5,NaN,Defender,Left/Centre,NaN,86,NaN,8,6,54,5,NaN,32,97,58,90,36,10,8,40,8,14,1,5,1,3,2,1,2,NaN,1,NaN,NaN,NaN,NaN,NaN,NaN,NaN,NaN,NaN,NaN,352,HB Køge vs Hobro,brnzj43frth2y4gjyeex6n5lg,2025-07-18,14,NaN,1,13,NaN,6,NaN
M. Jacobsen,6bv0j0ezhh9u5u5hqz64p790q,b2vft81kyjurzbmekvgrqwr64,Hobro,2,NaN,Defender,Centre,NaN,89,NaN,1,1,70,2,NaN,20,96,72,90,20,4,4,25,NaN,4,NaN,NaN,NaN,2,1,NaN,1,NaN,NaN,NaN,NaN,NaN,NaN,NaN,NaN,NaN,NaN,NaN,NaN,352,HB Køge vs Hobro,brnzj43frth2y4gjyeex6n5lg,2025-07-18,12,NaN,NaN,8,NaN,6,NaN
E. Søgaard,cflwegqpzch8y30pb3dhigqnd,b2vft81kyjurzbmekvgrqwr64,Hobro,2,1,Defender,Centre/Right,NaN,91,NaN,3,2,55,2,NaN,39,101,59,90,49,10,3,45,13,16,NaN,1,NaN,1,NaN,NaN,NaN,NaN,NaN,NaN,NaN,NaN,NaN,NaN,NaN,NaN,NaN,NaN,NaN,352,HB Køge vs Hobro,brnzj43frth2y4gjyeex6n5lg,2025-07-18,10,NaN,NaN,11,NaN,6,NaN
L. Klitten,ea2x4o6ufsqoz2zz7tqcnvo16,b2vft81kyjurzbmekvgrqwr64,Hobro,NaN,NaN,Midfielder,Left,NaN,38,1,2,8,21,1,1,21,48,23,80,12,7,2,32,8,13,1,NaN,1,1,1,3,1,1,1,1,1,NaN,1,NaN,1,NaN,NaN,NaN,NaN,352,HB Køge vs Hobro,brnzj43frth2y4gjyeex6n5lg,2025-07-18,4,1,5,13,NaN,3,NaN
V. Rasmussen,dwuxps3jv2852642q000wep6,b2vft81kyjurzbmekvgrqwr64,Hobro,2,NaN,Midfielder,Left/Centre,NaN,14,2,7,1,9,NaN,2,5,16,10,67,5,1,NaN,7,4,5,NaN,1,NaN,NaN,NaN,1,NaN,NaN,2,NaN,NaN,NaN,NaN,NaN,NaN,NaN,NaN,NaN,NaN,352,HB Køge vs Hobro,brnzj43frth2y4gjyeex6n5lg,2025-07-18,1,NaN,1,7,NaN,3,NaN
T. Hansen,e0rgqk3gxzs005m9ok9hvp1ck,b2vft81kyjurzbmekvgrqwr64,Hobro,3,2,Midfielder,Centre,NaN,47,NaN,10,1,24,1,NaN,24,57,28,88,15,9,4,30,9,11,1,7,1,3,1,NaN,1,NaN,1,NaN,NaN,NaN,NaN,NaN,NaN,1,1,NaN,NaN,352,HB Køge vs Hobro,brnzj43frth2y4gjyeex6n5lg,2025-07-18,4,NaN,NaN,12,NaN,5,NaN
O. Klitten,e19g5bz7s9wqcvj8mttztxi0a,b2vft81kyjurzbmekvgrqwr64,Hobro,3,NaN,Midfielder,Centre/Right,NaN,31,3,4,2,15,1,NaN,16,44,17,90,15,8,5,27,7,15,1,3,1,4,NaN,NaN,NaN,3,4,3,NaN,NaN,NaN,NaN,NaN,NaN,NaN,NaN,NaN,352,HB Køge vs Hobro,brnzj43frth2y4gjyeex6n5lg,2025-07-18,3,NaN,NaN,17,NaN,6,NaN
M. Nielsen,8q8yol44e42o9hwttlopznvh0,b2vft81kyjurzbmekvgrqwr64,Hobro,3,1,Midfielder,Right,NaN,25,2,2,2,14,2,NaN,12,32,18,90,7,1,8,17,4,5,2,1,2,5,NaN,3,NaN,NaN,2,NaN,NaN,1,1,NaN,NaN,NaN,NaN,NaN,NaN,352,HB Køge vs Hobro,brnzj43frth2y4gjyeex6n5lg,2025-07-18,1,1,3,12,NaN,6,NaN
M. Bruhn,8gqvlydur0v4cpmz1ozqkejh0,b2vft81kyjurzbmekvgrqwr64,Hobro,6,4,Striker,Left/Centre,NaN,12,1,4,NaN,6,NaN,NaN,9,17,7,80,2,3,NaN,13,6,9,NaN,3,NaN,NaN,NaN,NaN,NaN,1,4,1,NaN,NaN,NaN,NaN,NaN,3,3,NaN,NaN,352,HB Køge vs Hobro,brnzj43frth2y4gjyeex6n5lg,2025-07-18,NaN,NaN,NaN,10,NaN,3,NaN
S. Andreasen,4qyfoq5fjiochtj89w426lm21,b2vft81kyjurzbmekvgrqwr64,Hobro,3,1,Striker,Centre/Right,NaN,9,2,3,2,2,NaN,1,7,12,2,66,4,4,2,10,3,6,NaN,NaN,NaN,2,NaN,NaN,NaN,2,1,1,NaN,NaN,NaN,NaN,NaN,NaN,NaN,NaN,NaN,352,HB Køge vs Hobro,brnzj43frth2y4gjyeex6n5lg,2025-07-18,NaN,NaN,NaN,6,NaN,3,NaN
M. Boye,5jyv1dctfxa6335l1mlifwavo,b2vft81kyjurzbmekvgrqwr64,Hobro,2,2,Substitute,NaN,Attacker,2,NaN,2,1,NaN,NaN,NaN,2,2,NaN,23,1,NaN,NaN,2,1,1,NaN,2,NaN,NaN,NaN,NaN,NaN,NaN,4,3,NaN,NaN,NaN,NaN,NaN,NaN,NaN,NaN,NaN,352,HB Køge vs Hobro,brnzj43frth2y4gjyeex6n5lg,2025-07-18,NaN,NaN,NaN,2,NaN,3,NaN
Z. Hyltoft,b0yv1pcxifawqx6r1cfqq3otm,b2vft81kyjurzbmekvgrqwr64,Hobro,NaN,NaN,Substitute,NaN,Midfielder,NaN,NaN,NaN,NaN,NaN,NaN,NaN,NaN,NaN,NaN,NaN,NaN,NaN,NaN,NaN,NaN,NaN,NaN,NaN,NaN,NaN,NaN,NaN,NaN,NaN,NaN,NaN,NaN,NaN,NaN,NaN,NaN,NaN,NaN,NaN,NaN,352,HB Køge vs Hobro,brnzj43frth2y4gjyeex6n5lg,2025-07-18,NaN,NaN,NaN,NaN,NaN,NaN,NaN
M. Kannegaard,3sog1gsk11bwwrf7l7wm2j7dg,b2vft81kyjurzbmekvgrqwr64,Hobro,NaN,NaN,Substitute,NaN,Defender,NaN,NaN,NaN,NaN,NaN,NaN,NaN,NaN,NaN,NaN,NaN,NaN,NaN,NaN,NaN,NaN,NaN,NaN,NaN,NaN,NaN,NaN,NaN,NaN,NaN,NaN,NaN,NaN,NaN,NaN,NaN,NaN,NaN,NaN,NaN,NaN,352,HB Køge vs Hobro,brnzj43frth2y4gjyeex6n5lg,2025-07-18,NaN,NaN,NaN,NaN,NaN,NaN,NaN
M. Pedersen,9xub4z9b3bog8wqhn5yfihecp,b2vft81kyjurzbmekvgrqwr64,Hobro,1,NaN,Substitute,NaN,Midfielder,13,2,3,5,4,NaN,1,12,13,4,24,2,3,NaN,14,5,5,NaN,NaN,2,NaN,NaN,2,NaN,NaN,NaN,NaN,NaN,NaN,1,1,NaN,NaN,NaN,NaN,NaN,352,HB Køge vs Hobro,brnzj43frth2y4gjyeex6n5lg,2025-07-18,2,1,5,3,NaN,3,NaN
A. Nathan,beu3ypladd5dexnm9x946kjkk,b2vft81kyjurzbmekvgrqwr64,Hobro,1,NaN,Substitute,NaN,Midfielder,2,1,NaN,NaN,NaN,NaN,NaN,2,2,NaN,2,1,1,NaN,2,1,1,NaN,NaN,NaN,NaN,NaN,NaN,NaN,NaN,NaN,NaN,NaN,NaN,NaN,NaN,NaN,NaN,NaN,NaN,NaN,352,HB Køge vs Hobro,brnzj43frth2y4gjyeex6n5lg,2025-07-18,NaN,NaN,NaN,1,NaN,1,NaN
O. Meedom,4dmz3u7j1eoz4ofr1o8tbxedw,b2vft81kyjurzbmekvgrqwr64,Hobro,3,1,Substitute,NaN,Attacker,6,1,1,NaN,3,NaN,NaN,3,9,4,10,2,1,NaN,5,1,3,NaN,NaN,NaN,NaN,NaN,NaN,NaN,NaN,NaN,NaN,NaN,NaN,NaN,NaN,NaN,NaN,NaN,NaN,NaN,352,HB Køge vs Hobro,brnzj43frth2y4gjyeex6n5lg,2025-07-18,1,NaN,NaN,4,NaN,3,NaN
A. Bryld,izewe5fthjad6hv14xgpm3v8,b2vft81kyjurzbmekvgrqwr64,Hobro,NaN,NaN,Substitute,NaN,Midfielder,NaN,NaN,NaN,NaN,NaN,NaN,NaN,NaN,NaN,NaN,NaN,NaN,NaN,NaN,NaN,NaN,NaN,NaN,NaN,NaN,NaN,NaN,NaN,NaN,NaN,NaN,NaN,NaN,NaN,NaN,NaN,NaN,NaN,NaN,NaN,NaN,352,HB Køge vs Hobro,brnzj43frth2y4gjyeex6n5lg,2025-07-18,NaN,NaN,NaN,NaN,NaN,NaN,NaN
V. Schmølker,2f0p63eeg2yc4jsyotle88q38,b2vft81kyjurzbmekvgrqwr64,Hobro,3,2,Substitute,NaN,Midfielder,2,2,1,1,1,NaN,1,2,2,1,10,NaN,NaN,1,2,NaN,NaN,1,NaN,1,1,NaN,1,NaN,NaN,NaN,NaN,NaN,NaN,1,NaN,NaN,NaN,NaN,NaN,NaN,352,HB Køge vs Hobro,brnzj43frth2y4gjyeex6n5lg,2025-07-18,1,1,1,1,NaN,3,NaN
A. Søndergaard,dxv40hh07gxq4hn0i6dwb2l4a,b2vft81kyjurzbmekvgrqwr64,Hobro,NaN,NaN,Substitute,NaN,Goalkeeper,NaN,NaN,NaN,NaN,NaN,NaN,NaN,NaN,NaN,NaN,NaN,NaN,NaN,NaN,NaN,NaN,NaN,NaN,NaN,NaN,NaN,NaN,NaN,NaN,NaN,NaN,NaN,NaN,NaN,NaN,NaN,NaN,NaN,NaN,NaN,NaN,352,HB Køge vs Hobro,brnzj43frth2y4gjyeex6n5lg,2025-07-18,NaN,NaN,NaN,NaN,NaN,NaN,NaN
A. Ravn,4qz1pnlx3d0m5wkhpocl0euj8,8gxd9ry2580pu1b1dd5ny9ymy,Hvidovre,NaN,NaN,Goalkeeper,Centre,NaN,20,NaN,1,NaN,22,1,NaN,4,25,27,90,20,2,11,5,2,2,NaN,NaN,NaN,NaN,NaN,NaN,NaN,NaN,NaN,NaN,,NaN,NaN,NaN,,NaN,NaN,,,442,Hvidovre vs B 93,bsnoje72zc76mcdjiutfqzthw,2025-07-18,14,NaN,NaN,6,NaN,6,NaN
N. Clausen,6dzg820946z4848whaa6ny2nd,8gxd9ry2580pu1b1dd5ny9ymy,Hvidovre,NaN,NaN,Defender,Left,NaN,17,NaN,6,11,12,3,NaN,9,29,14,90,19,14,8,23,5,14,NaN,3,NaN,4,1,3,1,NaN,NaN,NaN,,1,1,NaN,,NaN,NaN,,,442,Hvidovre vs B 93,bsnoje72zc76mcdjiutfqzthw,2025-07-18,8,1,6,22,NaN,6,NaN
D. Stenderup,a30gduuv9d1s4pkthgu2jhyol,8gxd9ry2580pu1b1dd5ny9ymy,Hvidovre,1,NaN,Defender,Left/Centre,NaN,47,NaN,3,3,41,2,NaN,12,61,46,90,32,11,2,22,4,11,NaN,NaN,NaN,NaN,3,NaN,3,NaN,NaN,NaN,,NaN,NaN,NaN,,NaN,NaN,,,442,Hvidovre vs B 93,bsnoje72zc76mcdjiutfqzthw,2025-07-18,17,NaN,NaN,17,NaN,6,NaN
N. Jungvig,3pk6hii2s8tbv2zux8mvbapec,8gxd9ry2580pu1b1dd5ny9ymy,Hvidovre,1,NaN,Defender,Centre/Right,NaN,42,NaN,6,1,30,5,NaN,12,49,32,90,26,7,6,17,4,7,NaN,3,1,1,NaN,NaN,NaN,NaN,1,NaN,,NaN,NaN,1,,NaN,NaN,,,442,Hvidovre vs B 93,bsnoje72zc76mcdjiutfqzthw,2025-07-18,10,NaN,NaN,8,NaN,6,1
A. Iljazovski,bfvdr7ckiersz26ya2kq9f1g4,8gxd9ry2580pu1b1dd5ny9ymy,Hvidovre,5,1,Defender,Right,NaN,21,3,7,4,9,2,2,14,30,11,90,12,6,5,23,6,8,3,2,3,3,1,4,1,NaN,1,NaN,,NaN,2,1,,NaN,NaN,,,442,Hvidovre vs B 93,bsnoje72zc76mcdjiutfqzthw,2025-07-18,4,2,4,15,NaN,6,NaN
J. Singh,2cup1vjw8n43kbzzxfflnmplg,8gxd9ry2580pu1b1dd5ny9ymy,Hvidovre,NaN,NaN,Midfielder,Left,NaN,10,2,5,4,4,NaN,2,8,12,4,70,2,NaN,3,11,3,5,1,NaN,1,1,NaN,3,NaN,NaN,1,NaN,,2,2,NaN,,1,1,,,442,Hvidovre vs B 93,bsnoje72zc76mcdjiutfqzthw,2025-07-18,1,2,3,5,NaN,5,NaN
A. Okosun,a7eramyy1bd8msxmg84ctc8ut,8gxd9ry2580pu1b1dd5ny9ymy,Hvidovre,2,NaN,Midfielder,Left/Centre,NaN,28,NaN,NaN,NaN,21,NaN,NaN,8,32,22,59,4,3,2,12,4,7,NaN,NaN,NaN,2,NaN,NaN,NaN,NaN,2,1,,NaN,NaN,NaN,,1,1,,,442,Hvidovre vs B 93,bsnoje72zc76mcdjiutfqzthw,2025-07-18,3,NaN,NaN,6,1,2,NaN
F. Krogstad,dm6xpphbyyooqriwaambi7njd,8gxd9ry2580pu1b1dd5ny9ymy,Hvidovre,4,1,Midfielder,Centre/Right,NaN,41,NaN,3,2,19,4,NaN,22,49,20,90,20,5,7,30,10,12,NaN,1,NaN,3,NaN,1,NaN,NaN,NaN,NaN,,NaN,NaN,NaN,,NaN,NaN,,,442,Hvidovre vs B 93,bsnoje72zc76mcdjiutfqzthw,2025-07-18,5,NaN,1,10,NaN,6,NaN
J. Adjei-Broni,1cumsropo1r0msfzxxteml1w,8gxd9ry2580pu1b1dd5ny9ymy,Hvidovre,5,NaN,Midfielder,Right,NaN,7,4,6,NaN,2,2,1,5,12,4,59,3,1,2,9,3,6,NaN,1,NaN,NaN,NaN,1,NaN,NaN,4,NaN,,NaN,NaN,NaN,,NaN,NaN,,,442,Hvidovre vs B 93,bsnoje72zc76mcdjiutfqzthw,2025-07-18,NaN,NaN,1,12,NaN,2,NaN
F. Høgh,9tt9eo9bsff7dp7aqjal1obo4,8gxd9ry2580pu1b1dd5ny9ymy,Hvidovre,4,2,Striker,Left/Centre,NaN,7,1,4,2,2,NaN,NaN,7,12,2,70,3,1,NaN,12,5,7,NaN,3,NaN,NaN,NaN,NaN,NaN,3,4,3,,NaN,NaN,NaN,,1,NaN,,,442,Hvidovre vs B 93,bsnoje72zc76mcdjiutfqzthw,2025-07-18,1,NaN,NaN,8,NaN,5,NaN
A. Smed,dncrhma6gwcn6pxiu7hfc6qz8,8gxd9ry2580pu1b1dd5ny9ymy,Hvidovre,2,1,Striker,Centre/Right,NaN,12,NaN,1,3,3,1,NaN,9,18,6,90,7,2,3,14,7,9,2,NaN,2,2,1,1,1,NaN,2,NaN,,NaN,NaN,NaN,,3,2,,,442,Hvidovre vs B 93,bsnoje72zc76mcdjiutfqzthw,2025-07-18,2,NaN,2,11,NaN,6,NaN
E. Aby,907vtkod58b7986k7u1619gr8,8gxd9ry2580pu1b1dd5ny9ymy,Hvidovre,1,1,Substitute,NaN,Attacker,4,NaN,1,NaN,1,NaN,NaN,3,5,1,31,1,NaN,NaN,4,2,3,1,1,1,NaN,NaN,NaN,NaN,NaN,2,NaN,,NaN,NaN,NaN,,NaN,NaN,,,442,Hvidovre vs B 93,bsnoje72zc76mcdjiutfqzthw,2025-07-18,NaN,NaN,NaN,1,NaN,4,NaN
Z. Aliji,aajgld24isoem1ycoysyxxp1w,8gxd9ry2580pu1b1dd5ny9ymy,Hvidovre,1,1,Substitute,NaN,Midfielder,6,NaN,2,NaN,2,NaN,NaN,4,8,2,31,NaN,NaN,NaN,6,2,4,NaN,NaN,NaN,NaN,4,NaN,4,1,1,NaN,,NaN,NaN,NaN,,NaN,NaN,,,442,Hvidovre vs B 93,bsnoje72zc76mcdjiutfqzthw,2025-07-18,2,NaN,NaN,2,NaN,4,NaN
E. Jensen,3njsc9nturnshsiofmiy19gr8,8gxd9ry2580pu1b1dd5ny9ymy,Hvidovre,NaN,NaN,Substitute,NaN,Attacker,NaN,NaN,NaN,NaN,NaN,NaN,NaN,NaN,NaN,NaN,NaN,NaN,NaN,NaN,NaN,NaN,NaN,NaN,NaN,NaN,NaN,NaN,NaN,NaN,NaN,NaN,NaN,,NaN,NaN,NaN,,NaN,NaN,,,442,Hvidovre vs B 93,bsnoje72zc76mcdjiutfqzthw,2025-07-18,NaN,NaN,NaN,NaN,NaN,NaN,NaN
M. Brylov,8r9iqig43yjty7l1oq6yg73mc,8gxd9ry2580pu1b1dd5ny9ymy,Hvidovre,NaN,NaN,Substitute,NaN,Goalkeeper,NaN,NaN,NaN,NaN,NaN,NaN,NaN,NaN,NaN,NaN,NaN,NaN,NaN,NaN,NaN,NaN,NaN,NaN,NaN,NaN,NaN,NaN,NaN,NaN,NaN,NaN,NaN,,NaN,NaN,NaN,,NaN,NaN,,,442,Hvidovre vs B 93,bsnoje72zc76mcdjiutfqzthw,2025-07-18,NaN,NaN,NaN,NaN,NaN,NaN,NaN
M. Coşkun,db671oj1jx2uknf12t8b3s7x0,8gxd9ry2580pu1b1dd5ny9ymy,Hvidovre,NaN,NaN,Substitute,NaN,Defender,NaN,NaN,NaN,NaN,NaN,NaN,NaN,NaN,NaN,NaN,NaN,NaN,NaN,NaN,NaN,NaN,NaN,NaN,NaN,NaN,NaN,NaN,NaN,NaN,NaN,NaN,NaN,,NaN,NaN,NaN,,NaN,NaN,,,442,Hvidovre vs B 93,bsnoje72zc76mcdjiutfqzthw,2025-07-18,NaN,NaN,NaN,NaN,NaN,NaN,NaN
M. Egho,4m9sp9mxlsjk6fv7v218yqfv9,8gxd9ry2580pu1b1dd5ny9ymy,Hvidovre,5,4,Substitute,NaN,Attacker,2,1,6,1,1,NaN,1,1,5,1,20,1,NaN,NaN,4,1,4,NaN,4,NaN,NaN,NaN,NaN,NaN,3,4,2,,NaN,NaN,NaN,,NaN,NaN,,,442,Hvidovre vs B 93,bsnoje72zc76mcdjiutfqzthw,2025-07-18,NaN,NaN,NaN,3,NaN,1,NaN
A. Johansen,7ymn0ytcqi6l43nqraxt9s1zo,8gxd9ry2580pu1b1dd5ny9ymy,Hvidovre,4,1,Substitute,NaN,Attacker,4,2,1,NaN,NaN,NaN,NaN,4,6,NaN,20,2,1,2,7,4,5,NaN,1,NaN,2,NaN,1,NaN,1,2,1,,NaN,NaN,NaN,,NaN,NaN,,,442,Hvidovre vs B 93,bsnoje72zc76mcdjiutfqzthw,2025-07-18,1,NaN,1,5,NaN,1,NaN
M. Lysholm,g2cgdv428rmpmb0om40ldses,8gxd9ry2580pu1b1dd5ny9ymy,Hvidovre,NaN,NaN,Substitute,NaN,Defender,NaN,NaN,NaN,NaN,NaN,NaN,NaN,NaN,NaN,NaN,NaN,NaN,NaN,NaN,NaN,NaN,NaN,NaN,NaN,NaN,NaN,NaN,NaN,NaN,NaN,NaN,NaN,,NaN,NaN,NaN,,NaN,NaN,,,442,Hvidovre vs B 93,bsnoje72zc76mcdjiutfqzthw,2025-07-18,NaN,NaN,NaN,NaN,NaN,NaN,NaN
M. Spelmann,615e0bjcd0tyge047sy43y5sl,8gxd9ry2580pu1b1dd5ny9ymy,Hvidovre,NaN,NaN,Substitute,NaN,Midfielder,NaN,NaN,NaN,NaN,NaN,NaN,NaN,NaN,NaN,NaN,NaN,NaN,NaN,NaN,NaN,NaN,NaN,NaN,NaN,NaN,NaN,NaN,NaN,NaN,NaN,NaN,NaN,,NaN,NaN,NaN,,NaN,NaN,,,442,Hvidovre vs B 93,bsnoje72zc76mcdjiutfqzthw,2025-07-18,NaN,NaN,NaN,NaN,NaN,NaN,NaN
A. Vaporakis,9y3vs6l0mjj38z0kw062jlh3p,ajtb177oqwawkdwbqhldmq6mx,B 93,NaN,NaN,Goalkeeper,Centre,NaN,38,NaN,NaN,1,35,1,NaN,8,44,37,90,27,5,10,12,2,5,NaN,NaN,NaN,NaN,NaN,NaN,NaN,NaN,NaN,NaN,,NaN,NaN,NaN,,NaN,NaN,,,4231,Hvidovre vs B 93,bsnoje72zc76mcdjiutfqzthw,2025-07-18,22,NaN,NaN,6,NaN,7,NaN
N. Mouritsen,eyvv6b94feknnp1uew6n0ytat,ajtb177oqwawkdwbqhldmq6mx,B 93,4,1,Defender,Left,NaN,24,NaN,1,5,12,2,NaN,12,33,13,90,10,6,4,25,5,10,NaN,NaN,NaN,2,2,3,2,1,3,1,,NaN,NaN,NaN,,NaN,NaN,,,4231,Hvidovre vs B 93,bsnoje72zc76mcdjiutfqzthw,2025-07-18,6,NaN,5,15,NaN,7,NaN
A. Heimer,6dki65mdd3letfjjj51i0w3c9,ajtb177oqwawkdwbqhldmq6mx,B 93,3,1,Defender,Left/Centre,NaN,45,NaN,6,NaN,36,4,NaN,16,59,40,90,27,10,7,27,3,10,NaN,2,NaN,3,1,NaN,1,NaN,NaN,NaN,,NaN,NaN,NaN,,NaN,NaN,,,4231,Hvidovre vs B 93,bsnoje72zc76mcdjiutfqzthw,2025-07-18,5,NaN,NaN,16,NaN,7,NaN
E. Christensen,8xe0fufxfgf5cuwgysz3r2j85,ajtb177oqwawkdwbqhldmq6mx,B 93,4,3,Defender,Centre/Right,NaN,36,NaN,5,1,31,NaN,NaN,6,42,33,90,10,3,NaN,10,NaN,3,NaN,5,NaN,NaN,NaN,NaN,NaN,NaN,1,1,,NaN,NaN,NaN,,NaN,NaN,,,4231,Hvidovre vs B 93,bsnoje72zc76mcdjiutfqzthw,2025-07-18,3,NaN,NaN,6,NaN,7,NaN
L. Henriksen,6g671k5lvgoo2bgub2516q1w4,ajtb177oqwawkdwbqhldmq6mx,B 93,3,2,Defender,Right,NaN,33,NaN,3,2,20,2,NaN,14,43,23,90,21,9,5,21,4,7,1,1,1,3,NaN,1,NaN,NaN,NaN,NaN,,NaN,1,NaN,,NaN,NaN,,,4231,Hvidovre vs B 93,bsnoje72zc76mcdjiutfqzthw,2025-07-18,6,1,1,13,NaN,7,NaN
M. Wohlgemuth,e8vt8711wb40afht2v13omket,ajtb177oqwawkdwbqhldmq6mx,B 93,4,3,Defensive Midfielder,Left/Centre,NaN,42,NaN,7,1,27,NaN,NaN,19,51,30,90,17,3,5,25,6,8,1,2,1,5,3,NaN,3,3,NaN,NaN,,NaN,NaN,NaN,,4,3,,,4231,Hvidovre vs B 93,bsnoje72zc76mcdjiutfqzthw,2025-07-18,3,NaN,NaN,9,1,7,NaN
V. Hammershøy-Mistrati,e3n8xatusmgu7ttqpfdjanp3p,ajtb177oqwawkdwbqhldmq6mx,B 93,5,NaN,Defensive Midfielder,Centre/Right,NaN,16,NaN,1,4,5,NaN,NaN,13,20,5,69,12,6,2,19,7,10,1,NaN,1,2,NaN,NaN,NaN,1,NaN,NaN,,NaN,NaN,NaN,,NaN,NaN,,,4231,Hvidovre vs B 93,bsnoje72zc76mcdjiutfqzthw,2025-07-18,3,NaN,2,7,NaN,4,NaN
K. Grabovskis,3u184ybkonoa5ubxjzoy06ntg,ajtb177oqwawkdwbqhldmq6mx,B 93,1,NaN,Attacking Midfielder,Left,NaN,15,NaN,3,2,6,NaN,NaN,9,20,7,58,7,1,1,13,5,7,NaN,NaN,NaN,1,1,NaN,1,1,NaN,NaN,,NaN,NaN,NaN,,1,1,,,4231,Hvidovre vs B 93,bsnoje72zc76mcdjiutfqzthw,2025-07-18,3,NaN,NaN,7,NaN,3,NaN
F. Isaki,86mx27krl6c613x6e3t9g3cic,ajtb177oqwawkdwbqhldmq6mx,B 93,6,3,Attacking Midfielder,Centre,NaN,19,4,3,3,8,2,2,12,24,9,70,6,2,4,17,7,10,1,NaN,2,1,NaN,1,NaN,1,4,1,,1,1,NaN,,1,1,,,4231,Hvidovre vs B 93,bsnoje72zc76mcdjiutfqzthw,2025-07-18,NaN,1,2,10,NaN,4,1
A. Ahmad,4csz412vb3lquessbnf999ct0,ajtb177oqwawkdwbqhldmq6mx,B 93,5,NaN,Attacking Midfielder,Right,NaN,19,3,1,4,4,1,1,15,23,5,88,5,NaN,3,18,10,12,3,NaN,3,2,1,NaN,1,2,4,2,,NaN,NaN,NaN,,NaN,NaN,,,4231,Hvidovre vs B 93,bsnoje72zc76mcdjiutfqzthw,2025-07-18,1,NaN,NaN,12,NaN,5,NaN
E. Nnamani,8i0o1b8rjsab9se3v6vteqmfo,ajtb177oqwawkdwbqhldmq6mx,B 93,6,1,Striker,Centre,NaN,6,2,2,1,5,NaN,1,3,9,5,58,1,NaN,NaN,6,2,5,NaN,NaN,NaN,NaN,NaN,NaN,NaN,NaN,2,NaN,,NaN,NaN,NaN,,NaN,NaN,,,4231,Hvidovre vs B 93,bsnoje72zc76mcdjiutfqzthw,2025-07-18,1,NaN,NaN,8,NaN,3,NaN
R. Arabaci,7h02v4ymnko5fh01iylbh34es,ajtb177oqwawkdwbqhldmq6mx,B 93,2,2,Substitute,NaN,Attacker,3,NaN,NaN,1,2,NaN,NaN,1,4,2,20,NaN,NaN,NaN,3,1,2,NaN,NaN,NaN,NaN,NaN,1,NaN,NaN,1,NaN,,NaN,NaN,NaN,,2,2,,,4231,Hvidovre vs B 93,bsnoje72zc76mcdjiutfqzthw,2025-07-18,NaN,NaN,1,4,NaN,3,NaN
C. Björk,x3ad9hfxts6jpfugy3kvq9d5,ajtb177oqwawkdwbqhldmq6mx,B 93,5,1,Substitute,NaN,Attacker,6,NaN,NaN,1,2,NaN,NaN,4,7,2,32,1,NaN,NaN,5,4,5,NaN,NaN,NaN,NaN,2,NaN,2,1,2,1,,NaN,NaN,NaN,,1,1,,,4231,Hvidovre vs B 93,bsnoje72zc76mcdjiutfqzthw,2025-07-18,NaN,NaN,NaN,4,NaN,4,NaN
Ahmed Daghim,6otr0cifkk9jbmxc2ew2spka,ajtb177oqwawkdwbqhldmq6mx,B 93,NaN,NaN,Substitute,NaN,Midfielder,NaN,NaN,NaN,NaN,NaN,NaN,NaN,NaN,NaN,NaN,NaN,NaN,NaN,NaN,NaN,NaN,NaN,NaN,NaN,NaN,NaN,NaN,NaN,NaN,NaN,NaN,NaN,,NaN,NaN,NaN,,NaN,NaN,,,4231,Hvidovre vs B 93,bsnoje72zc76mcdjiutfqzthw,2025-07-18,NaN,NaN,NaN,NaN,NaN,NaN,NaN
Muhammad Huzaifa,1j48dmn5tafd2gp4rjmjlbm6s,ajtb177oqwawkdwbqhldmq6mx,B 93,NaN,NaN,Substitute,NaN,Defender,NaN,NaN,NaN,NaN,NaN,NaN,NaN,NaN,NaN,NaN,NaN,NaN,NaN,NaN,NaN,NaN,NaN,NaN,NaN,NaN,NaN,NaN,NaN,NaN,NaN,NaN,NaN,,NaN,NaN,NaN,,NaN,NaN,,,4231,Hvidovre vs B 93,bsnoje72zc76mcdjiutfqzthw,2025-07-18,NaN,NaN,NaN,NaN,NaN,NaN,NaN
F. Ibsen,7k2c7wgoywy7boesjer5578q1,ajtb177oqwawkdwbqhldmq6mx,B 93,NaN,NaN,Substitute,NaN,Goalkeeper,NaN,NaN,NaN,NaN,NaN,NaN,NaN,NaN,NaN,NaN,NaN,NaN,NaN,NaN,NaN,NaN,NaN,NaN,NaN,NaN,NaN,NaN,NaN,NaN,NaN,NaN,NaN,,NaN,NaN,NaN,,NaN,NaN,,,4231,Hvidovre vs B 93,bsnoje72zc76mcdjiutfqzthw,2025-07-18,NaN,NaN,NaN,NaN,NaN,NaN,NaN
O. Søe,9213debwtuph6cjborx73sx78,ajtb177oqwawkdwbqhldmq6mx,B 93,NaN,NaN,Substitute,NaN,Defender,NaN,NaN,NaN,NaN,NaN,NaN,NaN,NaN,NaN,NaN,NaN,NaN,NaN,NaN,NaN,NaN,NaN,NaN,NaN,NaN,NaN,NaN,NaN,NaN,NaN,NaN,NaN,,NaN,NaN,NaN,,NaN,NaN,,,4231,Hvidovre vs B 93,bsnoje72zc76mcdjiutfqzthw,2025-07-18,NaN,NaN,NaN,NaN,NaN,NaN,NaN
N. Thomsen,4a0jmv6qmwn01iuqp1mhnyzth,ajtb177oqwawkdwbqhldmq6mx,B 93,2,2,Substitute,NaN,Midfielder,13,NaN,NaN,NaN,8,NaN,NaN,6,15,8,21,3,1,NaN,9,2,2,1,NaN,1,NaN,2,1,2,NaN,1,NaN,,NaN,NaN,NaN,,NaN,NaN,,,4231,Hvidovre vs B 93,bsnoje72zc76mcdjiutfqzthw,2025-07-18,1,NaN,1,3,NaN,3,NaN
T. Blidegn,dja68kdmhtsm9x5zqzgtpqas4,ajtb177oqwawkdwbqhldmq6mx,B 93,2,NaN,Substitute,NaN,Midfielder,6,1,1,2,3,NaN,NaN,3,9,3,32,3,3,NaN,6,3,6,1,NaN,1,NaN,NaN,NaN,NaN,NaN,NaN,NaN,,NaN,NaN,NaN,,1,1,,,4231,Hvidovre vs B 93,bsnoje72zc76mcdjiutfqzthw,2025-07-18,NaN,NaN,NaN,7,NaN,4,NaN
J. Voldby,5mmgppapbchmcj9zdtyw0w5xw,ajtb177oqwawkdwbqhldmq6mx,B 93,NaN,NaN,Substitute,NaN,Attacker,1,NaN,2,NaN,NaN,NaN,NaN,1,2,1,2,NaN,NaN,NaN,1,NaN,NaN,NaN,2,NaN,NaN,NaN,NaN,NaN,NaN,NaN,NaN,,NaN,NaN,NaN,,1,1,,,4231,Hvidovre vs B 93,bsnoje72zc76mcdjiutfqzthw,2025-07-18,NaN,NaN,NaN,1,NaN,2,NaN
L. Moser,6sdv4s8oz558wfhx72vwlpvu2,b8oqgvx1ijeyn6y1cn6929ix4,Kolding,1,NaN,Goalkeeper,Centre,NaN,24,NaN,NaN,NaN,23,3,NaN,5,37,25,90,30,7,12,21,2,7,NaN,NaN,NaN,NaN,NaN,NaN,NaN,NaN,NaN,NaN,,NaN,NaN,NaN,,NaN,NaN,,,3421,Kolding vs AaB,bs7i18mhro0d46fg5m0727rpw,2025-07-19,27,NaN,NaN,20,NaN,13,NaN
A. Nørager,8ewvm6ux4yvpwgrzjkc1chqwa,b8oqgvx1ijeyn6y1cn6929ix4,Kolding,2,NaN,Defender,Left/Centre,NaN,26,2,1,3,20,NaN,NaN,10,31,20,90,10,6,4,16,3,6,1,1,2,4,1,2,1,NaN,NaN,NaN,,NaN,1,1,,NaN,NaN,,,3421,Kolding vs AaB,bs7i18mhro0d46fg5m0727rpw,2025-07-19,6,1,2,12,NaN,13,1
A. Leifsson,dqssvdpt2iwg8qn9wto3miind,b8oqgvx1ijeyn6y1cn6929ix4,Kolding,2,NaN,Defender,Centre,NaN,37,NaN,2,NaN,35,1,NaN,5,38,36,43,13,NaN,3,5,NaN,NaN,NaN,2,NaN,2,NaN,NaN,NaN,NaN,NaN,NaN,,NaN,NaN,NaN,,NaN,NaN,,,3421,Kolding vs AaB,bs7i18mhro0d46fg5m0727rpw,2025-07-19,2,NaN,NaN,1,NaN,1,NaN
C. Vestergaard,3xz0h3d6r2qgmv9egms8yaz56,b8oqgvx1ijeyn6y1cn6929ix4,Kolding,2,NaN,Defender,Centre/Right,NaN,30,NaN,5,2,32,4,NaN,5,41,34,90,20,7,5,14,3,8,NaN,2,NaN,1,1,NaN,1,NaN,NaN,NaN,,NaN,NaN,NaN,,NaN,NaN,,,3421,Kolding vs AaB,bs7i18mhro0d46fg5m0727rpw,2025-07-19,6,NaN,NaN,13,NaN,13,NaN
M. Olsen,4zpmxlmdfa5wx79cr0q14pfx1,b8oqgvx1ijeyn6y1cn6929ix4,Kolding,8,2,Midfielder,Left,NaN,13,1,1,4,NaN,NaN,NaN,14,15,1,90,5,NaN,1,17,8,9,1,1,1,1,NaN,3,NaN,2,4,2,,NaN,1,NaN,,NaN,NaN,,,3421,Kolding vs AaB,bs7i18mhro0d46fg5m0727rpw,2025-07-19,NaN,1,3,11,NaN,13,NaN
M. Saaby,423hv4unq5vvnp7kecv6wp3is,b8oqgvx1ijeyn6y1cn6929ix4,Kolding,3,1,Midfielder,Left/Centre,NaN,29,NaN,NaN,2,17,NaN,NaN,12,29,17,45,9,1,2,12,3,3,NaN,NaN,NaN,2,NaN,NaN,NaN,NaN,NaN,NaN,,NaN,NaN,NaN,,NaN,NaN,,,3421,Kolding vs AaB,bs7i18mhro0d46fg5m0727rpw,2025-07-19,NaN,NaN,NaN,1,NaN,2,NaN
N. Morberg,5u9zrgsm6wycfcbk04m64wd1w,b8oqgvx1ijeyn6y1cn6929ix4,Kolding,7,NaN,Midfielder,Centre/Right,NaN,30,1,3,NaN,20,2,NaN,10,36,22,90,12,3,3,14,2,5,1,1,1,1,3,NaN,3,1,NaN,NaN,,NaN,NaN,NaN,,2,2,,,3421,Kolding vs AaB,bs7i18mhro0d46fg5m0727rpw,2025-07-19,2,NaN,NaN,8,NaN,13,NaN
I. Tånnander,6bajck5osvj7trnwt2a5mc3dg,b8oqgvx1ijeyn6y1cn6929ix4,Kolding,4,NaN,Midfielder,Right,NaN,14,1,2,2,8,1,NaN,6,19,10,71,5,1,4,9,4,6,1,2,1,3,NaN,NaN,NaN,NaN,4,NaN,,NaN,NaN,NaN,,NaN,NaN,,,3421,Kolding vs AaB,bs7i18mhro0d46fg5m0727rpw,2025-07-19,NaN,NaN,NaN,7,NaN,2,NaN
C. Jørgensen,9fvf8z6p8ok0n5vu999ysfywa,b8oqgvx1ijeyn6y1cn6929ix4,Kolding,3,1,Attacking Midfielder,Left/Centre,NaN,14,NaN,2,4,9,NaN,NaN,9,18,9,90,6,5,2,15,6,9,NaN,NaN,NaN,2,NaN,1,NaN,1,1,1,,NaN,NaN,NaN,,NaN,NaN,,,3421,Kolding vs AaB,bs7i18mhro0d46fg5m0727rpw,2025-07-19,2,NaN,4,8,NaN,13,NaN
V. Westh,8h3cyhuw5049gcxrsld3rw1ec,b8oqgvx1ijeyn6y1cn6929ix4,Kolding,3,1,Attacking Midfielder,Centre/Right,NaN,13,1,6,2,5,1,1,9,15,6,71,6,2,3,12,5,6,1,NaN,1,2,NaN,3,NaN,NaN,4,NaN,,NaN,1,NaN,,1,1,,,3421,Kolding vs AaB,bs7i18mhro0d46fg5m0727rpw,2025-07-19,2,1,3,6,NaN,2,NaN
S. Yatéké,9ircna8pbskreztmy1wiqwx9m,b8oqgvx1ijeyn6y1cn6929ix4,Kolding,4,2,Striker,Centre,NaN,12,4,6,NaN,5,1,2,7,19,5,89,2,1,6,14,5,9,NaN,3,NaN,2,1,NaN,1,3,7,2,,3,NaN,NaN,,4,3,,,3421,Kolding vs AaB,bs7i18mhro0d46fg5m0727rpw,2025-07-19,NaN,NaN,NaN,14,1,7,NaN
F. Møller,e3546n3qj447qgmizao50zx1w,b8oqgvx1ijeyn6y1cn6929ix4,Kolding,5,2,Substitute,NaN,Midfielder,2,2,1,NaN,NaN,NaN,1,2,2,NaN,19,1,NaN,NaN,2,2,2,1,NaN,1,NaN,NaN,NaN,NaN,NaN,2,NaN,,NaN,NaN,NaN,,NaN,NaN,,,3421,Kolding vs AaB,bs7i18mhro0d46fg5m0727rpw,2025-07-19,NaN,NaN,NaN,1,NaN,11,NaN
J. Guldbrand,atpzaapboc464gg54zjpb6vx0,b8oqgvx1ijeyn6y1cn6929ix4,Kolding,NaN,NaN,Substitute,NaN,Midfielder,NaN,NaN,NaN,NaN,NaN,NaN,NaN,NaN,NaN,NaN,NaN,NaN,NaN,NaN,NaN,NaN,NaN,NaN,NaN,NaN,NaN,NaN,NaN,NaN,NaN,NaN,NaN,,NaN,NaN,NaN,,NaN,NaN,,,3421,Kolding vs AaB,bs7i18mhro0d46fg5m0727rpw,2025-07-19,NaN,NaN,NaN,NaN,NaN,NaN,NaN
M. Døj,ditbnaezwo4x10717bf53uwb8,b8oqgvx1ijeyn6y1cn6929ix4,Kolding,4,2,Substitute,NaN,Defender,1,1,1,NaN,NaN,1,NaN,1,1,NaN,19,1,NaN,2,1,1,1,1,1,1,NaN,1,NaN,1,1,NaN,NaN,,1,NaN,NaN,,NaN,NaN,,,3421,Kolding vs AaB,bs7i18mhro0d46fg5m0727rpw,2025-07-19,NaN,NaN,NaN,1,NaN,11,NaN
A. Kjaergaard,9pkt3zisfh07p916zvcx6lkpg,b8oqgvx1ijeyn6y1cn6929ix4,Kolding,NaN,NaN,Substitute,NaN,Midfielder,NaN,NaN,NaN,NaN,NaN,NaN,NaN,NaN,NaN,NaN,NaN,NaN,NaN,NaN,NaN,NaN,NaN,NaN,NaN,NaN,NaN,NaN,NaN,NaN,NaN,NaN,NaN,,NaN,NaN,NaN,,NaN,NaN,,,3421,Kolding vs AaB,bs7i18mhro0d46fg5m0727rpw,2025-07-19,NaN,NaN,NaN,NaN,NaN,NaN,NaN
M. Pedersen,44gqeji9twbkdtrcr2ias4efo,b8oqgvx1ijeyn6y1cn6929ix4,Kolding,2,NaN,Substitute,NaN,Midfielder,1,1,NaN,NaN,NaN,NaN,NaN,1,1,NaN,1,NaN,NaN,NaN,1,1,1,NaN,NaN,NaN,NaN,NaN,NaN,NaN,1,1,1,,NaN,NaN,NaN,,NaN,NaN,,,3421,Kolding vs AaB,bs7i18mhro0d46fg5m0727rpw,2025-07-19,NaN,NaN,NaN,2,NaN,6,NaN
A. Sheik Ali,oh5nt783w2dfdwzo7ap5zg9g,b8oqgvx1ijeyn6y1cn6929ix4,Kolding,NaN,NaN,Substitute,NaN,Midfielder,NaN,NaN,NaN,NaN,NaN,NaN,NaN,NaN,NaN,NaN,NaN,NaN,NaN,NaN,NaN,NaN,NaN,NaN,NaN,NaN,NaN,NaN,NaN,NaN,NaN,NaN,NaN,,NaN,NaN,NaN,,NaN,NaN,,,3421,Kolding vs AaB,bs7i18mhro0d46fg5m0727rpw,2025-07-19,NaN,NaN,NaN,NaN,NaN,NaN,NaN
K. Shushman,ae86fel4p9nioy219v3lg62hg,b8oqgvx1ijeyn6y1cn6929ix4,Kolding,NaN,NaN,Substitute,NaN,Goalkeeper,NaN,NaN,NaN,NaN,NaN,NaN,NaN,NaN,NaN,NaN,NaN,NaN,NaN,NaN,NaN,NaN,NaN,NaN,NaN,NaN,NaN,NaN,NaN,NaN,NaN,NaN,NaN,,NaN,NaN,NaN,,NaN,NaN,,,3421,Kolding vs AaB,bs7i18mhro0d46fg5m0727rpw,2025-07-19,NaN,NaN,NaN,NaN,NaN,NaN,NaN
J. Vadstrup,b55jtl3ixolidn6cvc4t90efo,b8oqgvx1ijeyn6y1cn6929ix4,Kolding,1,1,Substitute,NaN,Defender,8,NaN,NaN,1,12,NaN,NaN,NaN,14,13,45,7,2,NaN,5,NaN,2,NaN,NaN,NaN,NaN,NaN,NaN,NaN,NaN,NaN,NaN,,NaN,NaN,NaN,,NaN,NaN,,,3421,Kolding vs AaB,bs7i18mhro0d46fg5m0727rpw,2025-07-19,8,NaN,NaN,6,NaN,11,NaN
W. Warrer,ce6gikhvmfn8km63yyod2xz4k,b8oqgvx1ijeyn6y1cn6929ix4,Kolding,NaN,NaN,Substitute,NaN,Defender,NaN,NaN,NaN,NaN,NaN,NaN,NaN,NaN,NaN,NaN,NaN,NaN,NaN,NaN,NaN,NaN,NaN,NaN,NaN,NaN,NaN,NaN,NaN,NaN,NaN,NaN,NaN,,NaN,NaN,NaN,,NaN,NaN,,,3421,Kolding vs AaB,bs7i18mhro0d46fg5m0727rpw,2025-07-19,NaN,NaN,NaN,NaN,NaN,NaN,NaN
V. Müller,a2l4ep71txn2edtjjcgewai5m,36g6ifzjliec1jqnbtf7yesme,AaB,1,NaN,Goalkeeper,Centre,NaN,24,NaN,NaN,NaN,29,1,NaN,NaN,26,29,90,7,1,4,2,NaN,1,NaN,NaN,NaN,NaN,NaN,NaN,NaN,NaN,NaN,NaN,,NaN,NaN,NaN,,NaN,NaN,,,4231,Kolding vs AaB,bs7i18mhro0d46fg5m0727rpw,2025-07-19,3,NaN,NaN,2,NaN,6,NaN
M. Nielsen,bcdp9e3dezuaybm8ndrsanbx0,36g6ifzjliec1jqnbtf7yesme,AaB,3,1,Defender,Left,NaN,36,NaN,3,NaN,18,1,NaN,19,41,19,72,11,2,3,24,4,7,NaN,NaN,NaN,2,NaN,1,NaN,NaN,NaN,NaN,,NaN,NaN,NaN,,NaN,NaN,,,4231,Kolding vs AaB,bs7i18mhro0d46fg5m0727rpw,2025-07-19,3,NaN,1,7,NaN,4,NaN
C. Olsson,5uo9saax5iqsctxq7w3si8w0k,36g6ifzjliec1jqnbtf7yesme,AaB,3,2,Defender,Left/Centre,NaN,109,NaN,1,3,49,8,NaN,65,122,58,90,47,22,9,69,28,31,2,NaN,2,1,NaN,1,NaN,NaN,1,NaN,,NaN,1,NaN,,NaN,NaN,,,4231,Kolding vs AaB,bs7i18mhro0d46fg5m0727rpw,2025-07-19,14,1,1,13,NaN,6,NaN
E. Makolli,697f50qoetodmfe8ybcuey2ac,36g6ifzjliec1jqnbtf7yesme,AaB,2,2,Defender,Centre/Right,NaN,116,1,5,NaN,45,4,1,74,121,46,90,39,19,6,78,23,25,NaN,3,NaN,2,1,NaN,1,1,2,2,,NaN,NaN,NaN,,NaN,NaN,,,4231,Kolding vs AaB,bs7i18mhro0d46fg5m0727rpw,2025-07-19,5,NaN,NaN,5,NaN,6,NaN
M. Kallesøe,a6ymx4wkrn260rtpb360nsiqd,36g6ifzjliec1jqnbtf7yesme,AaB,2,NaN,Defender,Right,NaN,50,NaN,6,6,28,1,NaN,24,59,31,79,19,6,1,32,9,14,1,2,1,NaN,NaN,3,NaN,NaN,NaN,NaN,,NaN,1,NaN,,NaN,NaN,,,4231,Kolding vs AaB,bs7i18mhro0d46fg5m0727rpw,2025-07-19,6,1,3,11,NaN,4,NaN
F. Børsting,egwhlgopjtjkop7ozy7ltk1cl,36g6ifzjliec1jqnbtf7yesme,AaB,2,1,Defensive Midfielder,Left/Centre,NaN,31,1,3,3,18,NaN,1,18,37,19,64,9,3,3,24,6,9,NaN,NaN,NaN,2,2,1,2,NaN,NaN,NaN,,1,NaN,NaN,,1,1,,,4231,Kolding vs AaB,bs7i18mhro0d46fg5m0727rpw,2025-07-19,3,NaN,1,9,NaN,3,NaN
A. Håpnes,5y2mfgruizah0ylcz7q1abw9g,36g6ifzjliec1jqnbtf7yesme,AaB,4,1,Defensive Midfielder,Centre/Right,NaN,64,3,2,4,28,3,1,37,71,29,90,18,7,9,44,16,21,NaN,NaN,NaN,5,NaN,1,NaN,NaN,NaN,NaN,,1,NaN,NaN,,2,2,,,4231,Kolding vs AaB,bs7i18mhro0d46fg5m0727rpw,2025-07-19,3,NaN,1,11,NaN,6,NaN
O. Ross,5lz41celw55rz3zh8pohclw5w,36g6ifzjliec1jqnbtf7yesme,AaB,3,NaN,Attacking Midfielder,Left,NaN,16,5,6,6,4,NaN,2,14,20,5,72,3,NaN,2,21,5,8,NaN,1,1,2,NaN,2,NaN,NaN,1,NaN,,NaN,NaN,NaN,,1,1,,,4231,Kolding vs AaB,bs7i18mhro0d46fg5m0727rpw,2025-07-19,NaN,NaN,5,12,NaN,4,NaN
M. Bomholt,ejixz16616b7krftxyzv9yiac,36g6ifzjliec1jqnbtf7yesme,AaB,3,1,Attacking Midfielder,Centre,NaN,49,3,8,2,10,2,3,40,55,10,90,13,12,4,47,24,30,3,NaN,3,2,1,1,1,NaN,1,NaN,,NaN,NaN,NaN,,3,3,,,4231,Kolding vs AaB,bs7i18mhro0d46fg5m0727rpw,2025-07-19,7,NaN,1,9,NaN,6,NaN
M. Jørgensen,1arzd8hqj73byhduozscqz5uy,36g6ifzjliec1jqnbtf7yesme,AaB,NaN,NaN,Attacking Midfielder,Right,NaN,13,NaN,2,1,4,NaN,NaN,10,17,5,90,4,1,NaN,13,4,7,1,NaN,1,NaN,NaN,1,NaN,2,4,2,,NaN,1,NaN,,NaN,NaN,,,4231,Kolding vs AaB,bs7i18mhro0d46fg5m0727rpw,2025-07-19,3,1,1,7,NaN,6,NaN
K. John,5vrsflxiv2dgfa8199a2qxsve,36g6ifzjliec1jqnbtf7yesme,AaB,3,3,Striker,Centre,NaN,4,NaN,2,NaN,2,NaN,NaN,4,5,2,72,1,1,NaN,5,2,2,NaN,NaN,NaN,NaN,NaN,NaN,NaN,1,3,2,,NaN,NaN,NaN,,NaN,NaN,,,4231,Kolding vs AaB,bs7i18mhro0d46fg5m0727rpw,2025-07-19,1,NaN,NaN,6,NaN,4,NaN
N. Arnórsson,brinkgys7026490q3ixx6h9uc,36g6ifzjliec1jqnbtf7yesme,AaB,2,2,Substitute,NaN,Defender,12,NaN,3,2,3,NaN,NaN,9,13,4,18,1,NaN,NaN,9,2,2,NaN,2,NaN,NaN,NaN,NaN,NaN,NaN,1,1,,NaN,NaN,NaN,,NaN,NaN,,,4231,Kolding vs AaB,bs7i18mhro0d46fg5m0727rpw,2025-07-19,NaN,NaN,NaN,2,NaN,2,NaN
M. Bonde,e7wytawxwiszq1aass5ujio7o,36g6ifzjliec1jqnbtf7yesme,AaB,NaN,NaN,Substitute,NaN,Midfielder,NaN,NaN,NaN,NaN,NaN,NaN,NaN,NaN,NaN,NaN,NaN,NaN,NaN,NaN,NaN,NaN,NaN,NaN,NaN,NaN,NaN,NaN,NaN,NaN,NaN,NaN,NaN,,NaN,NaN,NaN,,NaN,NaN,,,4231,Kolding vs AaB,bs7i18mhro0d46fg5m0727rpw,2025-07-19,NaN,NaN,NaN,NaN,NaN,NaN,NaN
B. Pedersen,3tka46re2gsi9uw7pbxx5m0pg,36g6ifzjliec1jqnbtf7yesme,AaB,NaN,NaN,Substitute,NaN,Goalkeeper,NaN,NaN,NaN,NaN,NaN,NaN,NaN,NaN,NaN,NaN,NaN,NaN,NaN,NaN,NaN,NaN,NaN,NaN,NaN,NaN,NaN,NaN,NaN,NaN,NaN,NaN,NaN,,NaN,NaN,NaN,,NaN,NaN,,,4231,Kolding vs AaB,bs7i18mhro0d46fg5m0727rpw,2025-07-19,NaN,NaN,NaN,NaN,NaN,NaN,NaN
A. Jasson,8bi1tlz62rjwyak4pnnzgp562,36g6ifzjliec1jqnbtf7yesme,AaB,2,NaN,Substitute,NaN,Attacker,11,NaN,5,1,4,2,NaN,7,13,5,11,1,NaN,2,10,6,7,NaN,1,NaN,NaN,NaN,2,NaN,NaN,3,1,,NaN,NaN,NaN,,NaN,NaN,,,4231,Kolding vs AaB,bs7i18mhro0d46fg5m0727rpw,2025-07-19,NaN,NaN,2,6,NaN,2,NaN
M. Jiménez,8mkrj5bnkyhx8kutc4656cy96,36g6ifzjliec1jqnbtf7yesme,AaB,NaN,NaN,Substitute,NaN,Midfielder,NaN,NaN,NaN,NaN,NaN,NaN,NaN,NaN,NaN,NaN,NaN,NaN,NaN,NaN,NaN,NaN,NaN,NaN,NaN,NaN,NaN,NaN,NaN,NaN,NaN,NaN,NaN,,NaN,NaN,NaN,,NaN,NaN,,,4231,Kolding vs AaB,bs7i18mhro0d46fg5m0727rpw,2025-07-19,NaN,NaN,NaN,NaN,NaN,NaN,NaN
A. Maarup,cf6zq49y8v1ekw07e7yi3uac,36g6ifzjliec1jqnbtf7yesme,AaB,NaN,NaN,Substitute,NaN,Midfielder,12,NaN,2,NaN,1,NaN,NaN,11,13,1,18,3,2,NaN,12,4,5,NaN,1,NaN,NaN,NaN,NaN,NaN,NaN,2,1,,NaN,NaN,NaN,,NaN,NaN,,,4231,Kolding vs AaB,bs7i18mhro0d46fg5m0727rpw,2025-07-19,NaN,NaN,NaN,1,NaN,2,NaN
V. Møller,5521epytthhw9afm2r3jn3384,36g6ifzjliec1jqnbtf7yesme,AaB,NaN,NaN,Substitute,NaN,Midfielder,1,NaN,2,5,NaN,NaN,NaN,3,3,NaN,26,2,NaN,NaN,8,NaN,2,NaN,1,2,NaN,NaN,NaN,NaN,2,1,1,,NaN,NaN,NaN,,NaN,NaN,,,4231,Kolding vs AaB,bs7i18mhro0d46fg5m0727rpw,2025-07-19,NaN,NaN,5,6,NaN,3,NaN
B. Skovgaard,cimgdip8em45rbnjq5fwlrx90,36g6ifzjliec1jqnbtf7yesme,AaB,NaN,NaN,Substitute,NaN,Attacker,1,NaN,1,NaN,1,NaN,NaN,NaN,2,1,18,1,NaN,NaN,1,NaN,NaN,NaN,1,NaN,NaN,NaN,NaN,NaN,2,3,3,,NaN,NaN,NaN,,NaN,NaN,,,4231,Kolding vs AaB,bs7i18mhro0d46fg5m0727rpw,2025-07-19,NaN,NaN,NaN,2,NaN,2,NaN
C. Tcacenco,2s4umgp3yqnb2hubfoaxhwr2s,36g6ifzjliec1jqnbtf7yesme,AaB,NaN,NaN,Substitute,NaN,Defender,NaN,NaN,NaN,NaN,NaN,NaN,NaN,NaN,NaN,NaN,NaN,NaN,NaN,NaN,NaN,NaN,NaN,NaN,NaN,NaN,NaN,NaN,NaN,NaN,NaN,NaN,NaN,,NaN,NaN,NaN,,NaN,NaN,,,4231,Kolding vs AaB,bs7i18mhro0d46fg5m0727rpw,2025-07-19,NaN,NaN,NaN,NaN,NaN,NaN,NaN
A. Kappenberger,8mswl5vzza12hylodrrsq3zvu,aqtkb4mgrz8c6iqfufj6qjbv9,Hillerød,NaN,NaN,Goalkeeper,Centre,NaN,12,NaN,2,1,13,3,NaN,1,16,14,90,17,8,9,10,NaN,8,NaN,1,NaN,NaN,NaN,NaN,NaN,NaN,NaN,NaN,NaN,NaN,NaN,,,NaN,NaN,,,3421,Hillerød vs Middelfart,bt425ex9tsvly0uo72zljc74k,2025-07-19,12,NaN,NaN,10,NaN,1,
G. Arndal-Lauritzen,5i6n6yne6fh410vk7p7kkokmi,aqtkb4mgrz8c6iqfufj6qjbv9,Hillerød,4,2,Defender,Left/Centre,NaN,64,1,15,3,34,4,1,32,77,38,90,29,17,6,42,19,25,NaN,9,NaN,2,1,1,1,NaN,1,NaN,NaN,NaN,NaN,,,NaN,NaN,,,3421,Hillerød vs Middelfart,bt425ex9tsvly0uo72zljc74k,2025-07-19,9,NaN,1,17,NaN,1,
J. Witt,5z7y55t2o577r8ki3i5855as,aqtkb4mgrz8c6iqfufj6qjbv9,Hillerød,1,1,Defender,Centre,NaN,76,NaN,5,4,48,1,NaN,32,87,50,90,44,21,3,41,15,23,NaN,3,NaN,2,2,NaN,2,NaN,1,NaN,NaN,NaN,NaN,,,NaN,NaN,,,3421,Hillerød vs Middelfart,bt425ex9tsvly0uo72zljc74k,2025-07-19,14,NaN,NaN,12,NaN,1,
W. Glindtvad,559w0q3q2smb3aeotyi724s9g,aqtkb4mgrz8c6iqfufj6qjbv9,Hillerød,5,2,Defender,Centre/Right,NaN,81,1,5,1,38,NaN,1,45,88,39,90,32,9,2,51,11,15,NaN,1,NaN,1,2,NaN,2,NaN,1,1,NaN,1,NaN,,,NaN,NaN,,,3421,Hillerød vs Middelfart,bt425ex9tsvly0uo72zljc74k,2025-07-19,5,NaN,NaN,8,NaN,1,
V. Dedes,a5ixxqmfo537cvlb0a9x5n2ms,aqtkb4mgrz8c6iqfufj6qjbv9,Hillerød,5,4,Midfielder,Left,NaN,23,2,3,2,12,1,1,12,25,12,60,6,NaN,3,15,2,3,1,1,1,1,1,2,1,NaN,NaN,NaN,NaN,1,1,,,NaN,NaN,,,3421,Hillerød vs Middelfart,bt425ex9tsvly0uo72zljc74k,2025-07-19,NaN,1,2,6,NaN,1,
N. Schmidt,5dlh0fa9yo6z283w9p58xmnoq,aqtkb4mgrz8c6iqfufj6qjbv9,Hillerød,4,1,Midfielder,Left/Centre,NaN,69,1,6,3,37,2,NaN,33,75,40,60,12,6,6,36,12,13,1,2,1,4,1,NaN,1,NaN,NaN,NaN,NaN,NaN,NaN,,,1,1,,,3421,Hillerød vs Middelfart,bt425ex9tsvly0uo72zljc74k,2025-07-19,2,NaN,NaN,8,NaN,1,
M. Mouritz,ezbixgm2km8iapnsl57bn4wkp,aqtkb4mgrz8c6iqfufj6qjbv9,Hillerød,2,NaN,Midfielder,Centre/Right,NaN,62,NaN,NaN,7,21,1,NaN,43,71,21,90,20,13,5,55,17,24,NaN,NaN,1,3,2,1,2,2,1,1,NaN,1,NaN,,,1,1,,,3421,Hillerød vs Middelfart,bt425ex9tsvly0uo72zljc74k,2025-07-19,7,NaN,5,12,NaN,1,
C. Allen,81gka3mi69fh8gyehyy8xo9as,aqtkb4mgrz8c6iqfufj6qjbv9,Hillerød,2,NaN,Midfielder,Right,NaN,34,2,1,5,17,1,NaN,18,44,17,90,6,4,3,31,9,18,1,1,1,NaN,NaN,4,NaN,NaN,2,NaN,NaN,2,1,,,NaN,NaN,,,3421,Hillerød vs Middelfart,bt425ex9tsvly0uo72zljc74k,2025-07-19,1,1,4,18,NaN,1,
A. Justinussen,uiyol728wan4mxco2foplknp,aqtkb4mgrz8c6iqfufj6qjbv9,Hillerød,4,1,Attacking Midfielder,Left/Centre,NaN,25,NaN,3,3,6,NaN,NaN,19,33,6,81,6,3,1,27,10,15,1,1,1,1,NaN,NaN,NaN,2,5,1,NaN,NaN,NaN,,,1,1,,,3421,Hillerød vs Middelfart,bt425ex9tsvly0uo72zljc74k,2025-07-19,1,NaN,NaN,12,1,1,
T. Arndal,1n4eldqa7h9jvcx1693zqu06i,aqtkb4mgrz8c6iqfufj6qjbv9,Hillerød,2,NaN,Attacking Midfielder,Centre/Right,NaN,20,2,6,3,3,1,2,18,26,4,71,10,5,4,23,16,20,2,2,2,3,NaN,1,NaN,2,7,1,2,NaN,1,,,NaN,NaN,,,3421,Hillerød vs Middelfart,bt425ex9tsvly0uo72zljc74k,2025-07-19,2,1,1,10,NaN,1,
M. Etim,1fjkjzsei9slx2t4zhsqdkve1,aqtkb4mgrz8c6iqfufj6qjbv9,Hillerød,4,1,Striker,Centre,NaN,12,1,3,NaN,4,NaN,NaN,10,18,5,81,1,NaN,3,15,4,9,NaN,1,NaN,1,NaN,NaN,NaN,2,6,3,NaN,2,NaN,,,5,2,,,3421,Hillerød vs Middelfart,bt425ex9tsvly0uo72zljc74k,2025-07-19,NaN,NaN,NaN,9,1,1,
A. Alicino,7l7f98nn8gohmdacsdb2labkk,aqtkb4mgrz8c6iqfufj6qjbv9,Hillerød,2,NaN,Substitute,NaN,Midfielder,12,NaN,1,NaN,6,NaN,NaN,6,14,6,19,5,4,2,8,2,4,NaN,NaN,NaN,2,NaN,NaN,NaN,NaN,NaN,NaN,NaN,NaN,NaN,,,1,1,,,3421,Hillerød vs Middelfart,bt425ex9tsvly0uo72zljc74k,2025-07-19,1,NaN,NaN,2,NaN,NaN,
L. Bøje-Larsen,elsygne5tjybbxrqgehtovnro,aqtkb4mgrz8c6iqfufj6qjbv9,Hillerød,NaN,NaN,Substitute,NaN,Defender,9,1,2,NaN,4,1,1,6,10,4,30,3,1,1,7,2,2,NaN,NaN,NaN,NaN,NaN,NaN,NaN,NaN,NaN,NaN,NaN,NaN,NaN,,,NaN,NaN,,,3421,Hillerød vs Middelfart,bt425ex9tsvly0uo72zljc74k,2025-07-19,1,NaN,NaN,3,NaN,NaN,
A. Dithmer,ekbi29eljngvxgx9scbzwygwk,aqtkb4mgrz8c6iqfufj6qjbv9,Hillerød,NaN,NaN,Substitute,NaN,Goalkeeper,NaN,NaN,NaN,NaN,NaN,NaN,NaN,NaN,NaN,NaN,NaN,NaN,NaN,NaN,NaN,NaN,NaN,NaN,NaN,NaN,NaN,NaN,NaN,NaN,NaN,NaN,NaN,NaN,NaN,NaN,,,NaN,NaN,,,3421,Hillerød vs Middelfart,bt425ex9tsvly0uo72zljc74k,2025-07-19,NaN,NaN,NaN,NaN,NaN,NaN,
K. Enghardt,khqldwfq14b7giakss24l9t5,aqtkb4mgrz8c6iqfufj6qjbv9,Hillerød,NaN,NaN,Substitute,NaN,Defender,NaN,NaN,NaN,NaN,NaN,NaN,NaN,NaN,NaN,NaN,NaN,NaN,NaN,NaN,NaN,NaN,NaN,NaN,NaN,NaN,NaN,NaN,NaN,NaN,NaN,NaN,NaN,NaN,NaN,NaN,,,NaN,NaN,,,3421,Hillerød vs Middelfart,bt425ex9tsvly0uo72zljc74k,2025-07-19,NaN,NaN,NaN,NaN,NaN,NaN,
S. Jalaei,e0u730to91qqtvvx16uhajz10,aqtkb4mgrz8c6iqfufj6qjbv9,Hillerød,NaN,NaN,Substitute,NaN,Attacker,NaN,NaN,NaN,NaN,NaN,NaN,NaN,NaN,NaN,NaN,NaN,NaN,NaN,NaN,NaN,NaN,NaN,NaN,NaN,NaN,NaN,NaN,NaN,NaN,NaN,NaN,NaN,NaN,NaN,NaN,,,NaN,NaN,,,3421,Hillerød vs Middelfart,bt425ex9tsvly0uo72zljc74k,2025-07-19,NaN,NaN,NaN,NaN,NaN,NaN,
R. Møller,9350utk4onh2hv5jznxqpkd7t,aqtkb4mgrz8c6iqfufj6qjbv9,Hillerød,NaN,NaN,Substitute,NaN,Defender,NaN,NaN,NaN,NaN,NaN,NaN,NaN,NaN,NaN,NaN,NaN,NaN,NaN,NaN,NaN,NaN,NaN,NaN,NaN,NaN,NaN,NaN,NaN,NaN,NaN,NaN,NaN,NaN,NaN,NaN,,,NaN,NaN,,,3421,Hillerød vs Middelfart,bt425ex9tsvly0uo72zljc74k,2025-07-19,NaN,NaN,NaN,NaN,NaN,NaN,
S. Opoku,3rok7i8nrt4yzx2melj4qiuqc,aqtkb4mgrz8c6iqfufj6qjbv9,Hillerød,3,2,Substitute,NaN,Midfielder,6,1,4,NaN,3,1,NaN,3,7,3,9,1,NaN,2,4,NaN,1,NaN,1,NaN,1,NaN,NaN,NaN,NaN,2,NaN,NaN,NaN,NaN,,,NaN,NaN,,,3421,Hillerød vs Middelfart,bt425ex9tsvly0uo72zljc74k,2025-07-19,NaN,NaN,NaN,2,NaN,NaN,
M. Veltz,3avg1grraylzm6xjt5kt18is4,aqtkb4mgrz8c6iqfufj6qjbv9,Hillerød,2,2,Substitute,NaN,Attacker,2,NaN,1,NaN,NaN,NaN,NaN,2,2,NaN,9,1,NaN,2,2,NaN,NaN,NaN,NaN,NaN,1,NaN,NaN,NaN,NaN,NaN,NaN,NaN,1,NaN,,,NaN,NaN,,,3421,Hillerød vs Middelfart,bt425ex9tsvly0uo72zljc74k,2025-07-19,NaN,NaN,NaN,NaN,NaN,NaN,
H. Toftegaard,e2157naqwp1qdsgaxre307cb8,aqtkb4mgrz8c6iqfufj6qjbv9,Hillerød,NaN,NaN,Substitute,NaN,Midfielder,17,NaN,1,NaN,12,2,NaN,5,18,12,30,1,NaN,2,6,NaN,1,NaN,1,NaN,NaN,NaN,NaN,NaN,NaN,1,NaN,NaN,NaN,NaN,,,2,2,,,3421,Hillerød vs Middelfart,bt425ex9tsvly0uo72zljc74k,2025-07-19,NaN,NaN,NaN,3,NaN,NaN,
C. Radza,8i16xur310p25unjt0zjrluj9,eq2jaitwsokibzx3wy7kb5gqp,Middelfart,1,NaN,Goalkeeper,Centre,NaN,10,NaN,1,1,10,3,NaN,6,20,14,90,22,5,10,15,3,5,NaN,1,NaN,NaN,NaN,NaN,NaN,NaN,NaN,NaN,NaN,NaN,NaN,,,NaN,NaN,,,541,Hillerød vs Middelfart,bt425ex9tsvly0uo72zljc74k,2025-07-19,20,NaN,NaN,15,NaN,7,
S. Reese,4bkqvwlmbwul0s8lbbq6mifp,eq2jaitwsokibzx3wy7kb5gqp,Middelfart,3,3,Defender,Left/Centre,NaN,46,NaN,6,1,31,1,NaN,16,50,33,90,26,6,1,18,5,6,NaN,3,NaN,NaN,NaN,NaN,NaN,NaN,NaN,NaN,NaN,NaN,NaN,,,NaN,NaN,,,541,Hillerød vs Middelfart,bt425ex9tsvly0uo72zljc74k,2025-07-19,12,NaN,NaN,5,NaN,7,
M. Greve,ef7l91pb4w6yk7lijxjxlievp,eq2jaitwsokibzx3wy7kb5gqp,Middelfart,5,1,Defender,Centre,NaN,32,1,4,NaN,26,5,NaN,8,43,31,90,22,5,6,15,NaN,5,NaN,1,NaN,1,1,NaN,1,NaN,1,NaN,NaN,NaN,NaN,,,NaN,NaN,,,541,Hillerød vs Middelfart,bt425ex9tsvly0uo72zljc74k,2025-07-19,13,NaN,NaN,16,NaN,7,
M. Kristensen,1znq0m3xloag4frfu715yy8lw,eq2jaitwsokibzx3wy7kb5gqp,Middelfart,4,1,Defender,Centre/Right,NaN,25,1,2,1,17,1,NaN,10,31,21,90,14,6,3,13,4,6,NaN,2,NaN,2,2,NaN,2,NaN,NaN,NaN,NaN,NaN,NaN,,,NaN,NaN,,,541,Hillerød vs Middelfart,bt425ex9tsvly0uo72zljc74k,2025-07-19,8,NaN,NaN,9,NaN,7,
N. Rasmussen,846p691upy8hsw0pgteb6ktuc,eq2jaitwsokibzx3wy7kb5gqp,Middelfart,3,2,Wing Back,Left,NaN,19,NaN,1,1,17,4,NaN,6,23,20,80,5,4,5,7,2,3,NaN,NaN,NaN,1,NaN,2,NaN,NaN,2,NaN,NaN,NaN,2,,,NaN,NaN,,,541,Hillerød vs Middelfart,bt425ex9tsvly0uo72zljc74k,2025-07-19,2,2,2,5,NaN,7,
J. Linnet,19gornjqd7f2ugeg8mg0gs4q,eq2jaitwsokibzx3wy7kb5gqp,Middelfart,9,3,Wing Back,Right,NaN,22,2,6,1,11,3,1,13,29,14,90,14,3,4,19,5,7,NaN,2,NaN,1,NaN,2,NaN,NaN,1,NaN,NaN,NaN,NaN,,,NaN,NaN,,,541,Hillerød vs Middelfart,bt425ex9tsvly0uo72zljc74k,2025-07-19,1,NaN,2,11,NaN,7,
B. Bytyqi,a5ah5r5vl0pjgt655lc5qqvop,eq2jaitwsokibzx3wy7kb5gqp,Middelfart,6,1,Midfielder,Left,NaN,17,4,5,2,9,3,2,8,21,11,80,5,1,5,11,4,5,NaN,1,NaN,2,NaN,1,NaN,1,1,1,NaN,NaN,NaN,,,NaN,NaN,,,541,Hillerød vs Middelfart,bt425ex9tsvly0uo72zljc74k,2025-07-19,3,NaN,1,13,1,7,
R. Kakeeto,8pit4oud8sym57oc8m0f3j8ix,eq2jaitwsokibzx3wy7kb5gqp,Middelfart,3,NaN,Midfielder,Left/Centre,NaN,28,NaN,1,1,19,3,NaN,10,35,21,64,8,2,4,15,3,4,NaN,NaN,NaN,1,2,NaN,2,NaN,NaN,NaN,NaN,NaN,NaN,,,1,1,,,541,Hillerød vs Middelfart,bt425ex9tsvly0uo72zljc74k,2025-07-19,2,NaN,NaN,8,NaN,6,
J. Villemoes,3yt6hqo1ayr093vpohg4kwufo,eq2jaitwsokibzx3wy7kb5gqp,Middelfart,1,NaN,Midfielder,Centre/Right,NaN,34,1,NaN,1,19,1,NaN,18,36,19,86,6,2,3,20,5,6,NaN,NaN,NaN,2,NaN,NaN,NaN,NaN,NaN,NaN,NaN,NaN,NaN,,,2,2,,,541,Hillerød vs Middelfart,bt425ex9tsvly0uo72zljc74k,2025-07-19,4,NaN,NaN,4,NaN,7,
J. Wielzen,1id5av4i7p6tmhf1vuigvlmvo,eq2jaitwsokibzx3wy7kb5gqp,Middelfart,5,4,Midfielder,Right,NaN,10,1,3,1,7,1,1,4,15,9,64,6,3,1,8,2,5,NaN,1,NaN,NaN,NaN,1,NaN,NaN,1,NaN,NaN,NaN,NaN,,,NaN,NaN,,,541,Hillerød vs Middelfart,bt425ex9tsvly0uo72zljc74k,2025-07-19,2,NaN,1,11,NaN,6,
M. Boesen,6j52ab9vnkhef31151cmjywnp,eq2jaitwsokibzx3wy7kb5gqp,Middelfart,10,6,Striker,Centre,NaN,12,NaN,5,1,7,NaN,NaN,6,20,8,90,2,1,2,13,4,8,NaN,3,NaN,1,NaN,NaN,NaN,NaN,4,NaN,NaN,1,NaN,,,1,1,,,541,Hillerød vs Middelfart,bt425ex9tsvly0uo72zljc74k,2025-07-19,NaN,NaN,NaN,18,NaN,7,
E. Andersen,46nx0rm8sod6bbo4a3d7g6jv8,eq2jaitwsokibzx3wy7kb5gqp,Middelfart,NaN,NaN,Substitute,NaN,Attacker,2,NaN,NaN,NaN,2,NaN,NaN,NaN,3,2,4,NaN,NaN,NaN,1,NaN,1,NaN,NaN,NaN,NaN,NaN,NaN,NaN,NaN,1,NaN,NaN,NaN,NaN,,,NaN,NaN,,,541,Hillerød vs Middelfart,bt425ex9tsvly0uo72zljc74k,2025-07-19,NaN,NaN,NaN,1,NaN,NaN,
C. Boyum,93aftijgywz8ipt0e9i3ia1w4,eq2jaitwsokibzx3wy7kb5gqp,Middelfart,NaN,NaN,Substitute,NaN,Defender,NaN,NaN,NaN,NaN,NaN,NaN,NaN,NaN,NaN,NaN,NaN,NaN,NaN,NaN,NaN,NaN,NaN,NaN,NaN,NaN,NaN,NaN,NaN,NaN,NaN,NaN,NaN,NaN,NaN,NaN,,,NaN,NaN,,,541,Hillerød vs Middelfart,bt425ex9tsvly0uo72zljc74k,2025-07-19,NaN,NaN,NaN,NaN,NaN,NaN,
L. Jørgensen,5zvfdowqpiz1ttg20mra6u2hg,eq2jaitwsokibzx3wy7kb5gqp,Middelfart,7,2,Substitute,NaN,Midfielder,11,2,2,3,3,NaN,1,8,16,4,26,9,5,2,13,4,8,NaN,NaN,NaN,2,1,1,1,NaN,NaN,NaN,NaN,NaN,NaN,,,NaN,NaN,,,541,Hillerød vs Middelfart,bt425ex9tsvly0uo72zljc74k,2025-07-19,1,NaN,1,10,NaN,1,
S. Eg Pedersen,bzwk6jaak6q2ak9u6o75v6ihg,eq2jaitwsokibzx3wy7kb5gqp,Middelfart,NaN,NaN,Substitute,NaN,Defender,4,NaN,NaN,1,2,NaN,NaN,2,6,3,10,2,1,NaN,4,1,2,NaN,NaN,NaN,NaN,NaN,1,NaN,1,NaN,NaN,NaN,NaN,NaN,,,NaN,NaN,,,541,Hillerød vs Middelfart,bt425ex9tsvly0uo72zljc74k,2025-07-19,2,NaN,1,5,NaN,NaN,
V. Kwasniak,9fwkh5u6rr16g3us2x02frtp0,eq2jaitwsokibzx3wy7kb5gqp,Middelfart,NaN,NaN,Substitute,NaN,Midfielder,NaN,NaN,NaN,NaN,NaN,NaN,NaN,NaN,NaN,NaN,NaN,NaN,NaN,NaN,NaN,NaN,NaN,NaN,NaN,NaN,NaN,NaN,NaN,NaN,NaN,NaN,NaN,NaN,NaN,NaN,,,NaN,NaN,,,541,Hillerød vs Middelfart,bt425ex9tsvly0uo72zljc74k,2025-07-19,NaN,NaN,NaN,NaN,NaN,NaN,
A. Gaub-Jakobsen,6yg08m7b3m2mglehqtrnt2qc,eq2jaitwsokibzx3wy7kb5gqp,Middelfart,NaN,NaN,Substitute,NaN,Goalkeeper,NaN,NaN,NaN,NaN,NaN,NaN,NaN,NaN,NaN,NaN,NaN,NaN,NaN,NaN,NaN,NaN,NaN,NaN,NaN,NaN,NaN,NaN,NaN,NaN,NaN,NaN,NaN,NaN,NaN,NaN,,,NaN,NaN,,,541,Hillerød vs Middelfart,bt425ex9tsvly0uo72zljc74k,2025-07-19,NaN,NaN,NaN,NaN,NaN,NaN,
M. Söfeldt,1d4tmv3ei6vm7ugma79hn2yhg,eq2jaitwsokibzx3wy7kb5gqp,Middelfart,NaN,NaN,Substitute,NaN,Attacker,NaN,NaN,NaN,NaN,NaN,NaN,NaN,NaN,NaN,NaN,NaN,NaN,NaN,NaN,NaN,NaN,NaN,NaN,NaN,NaN,NaN,NaN,NaN,NaN,NaN,NaN,NaN,NaN,NaN,NaN,,,NaN,NaN,,,541,Hillerød vs Middelfart,bt425ex9tsvly0uo72zljc74k,2025-07-19,NaN,NaN,NaN,NaN,NaN,NaN,
J. Vetter,3ywgt5v070xudujs9f7cuqm7d,eq2jaitwsokibzx3wy7kb5gqp,Middelfart,1,1,Substitute,NaN,Defender,9,NaN,2,4,7,NaN,NaN,2,15,9,10,8,3,NaN,6,1,4,1,2,1,NaN,NaN,NaN,NaN,NaN,NaN,NaN,NaN,NaN,NaN,,,NaN,NaN,,,541,Hillerød vs Middelfart,bt425ex9tsvly0uo72zljc74k,2025-07-19,7,NaN,NaN,9,NaN,NaN,
B. Zjajo,amfro1vgaqpdg569xjk2h28ve,eq2jaitwsokibzx3wy7kb5gqp,Middelfart,NaN,NaN,Substitute,NaN,Midfielder,11,NaN,2,1,6,1,NaN,5,12,6,26,3,2,1,7,3,3,NaN,NaN,NaN,NaN,2,1,2,NaN,NaN,NaN,NaN,NaN,NaN,,,NaN,NaN,,,541,Hillerød vs Middelfart,bt425ex9tsvly0uo72zljc74k,2025-07-19,1,NaN,1,3,NaN,1,
M. Delač,8uhv14rin2znrr0wqgvcc2f2t,a9vw7ikerpr4cuweeeka5aneg,Horsens,NaN,NaN,Goalkeeper,Centre,NaN,12,NaN,1,1,19,5,NaN,1,15,21,90,13,1,12,6,NaN,1,NaN,1,NaN,NaN,NaN,NaN,NaN,NaN,NaN,NaN,NaN,NaN,NaN,,,NaN,NaN,,,343,Horsens vs Aarhus Fremad,btk54zcps9pizk65pevt2pzis,2025-07-19,10,NaN,NaN,8,,4,
F. Roslyng,4i0jiisff5k1efcgf27skpqfo,a9vw7ikerpr4cuweeeka5aneg,Horsens,NaN,NaN,Defender,Left/Centre,NaN,33,NaN,3,2,21,NaN,NaN,13,39,22,80,16,4,1,19,7,7,NaN,2,NaN,1,1,1,1,NaN,NaN,NaN,NaN,NaN,NaN,,,NaN,NaN,,,343,Horsens vs Aarhus Fremad,btk54zcps9pizk65pevt2pzis,2025-07-19,5,NaN,1,7,,3,
O. Kolskogen,4lxxyqy78jkglhv2w6crzcnsa,a9vw7ikerpr4cuweeeka5aneg,Horsens,NaN,NaN,Defender,Centre,NaN,35,NaN,3,NaN,29,NaN,NaN,9,37,31,90,13,2,2,9,2,2,1,2,1,2,NaN,NaN,NaN,NaN,NaN,NaN,NaN,NaN,NaN,,,NaN,NaN,,,343,Horsens vs Aarhus Fremad,btk54zcps9pizk65pevt2pzis,2025-07-19,1,NaN,NaN,2,,4,
S. Hausner,5lu7bn7uec3zjqpoi1x81gbu1,a9vw7ikerpr4cuweeeka5aneg,Horsens,5,NaN,Defender,Centre/Right,NaN,35,NaN,5,3,19,3,NaN,19,46,24,90,26,9,5,27,6,11,NaN,3,NaN,2,2,2,2,1,4,1,NaN,NaN,NaN,,,NaN,NaN,,,343,Horsens vs Aarhus Fremad,btk54zcps9pizk65pevt2pzis,2025-07-19,5,NaN,2,18,,4,
I. Miličević,9cg2dx19fx5be3zewtmx97e95,a9vw7ikerpr4cuweeeka5aneg,Horsens,3,NaN,Midfielder,Left,NaN,18,2,3,11,9,1,1,13,21,10,77,6,2,3,21,6,8,4,NaN,4,1,NaN,8,NaN,1,3,NaN,NaN,1,3,,,1,1,,,343,Horsens vs Aarhus Fremad,btk54zcps9pizk65pevt2pzis,2025-07-19,1,3,9,15,,3,
A. Moro,51ymbnikkta369rn3exb1g7bo,a9vw7ikerpr4cuweeeka5aneg,Horsens,1,NaN,Midfielder,Left/Centre,NaN,40,NaN,4,1,16,1,NaN,24,47,17,77,24,9,4,30,10,13,1,1,1,2,2,NaN,2,NaN,NaN,NaN,NaN,1,NaN,,,2,2,,,343,Horsens vs Aarhus Fremad,btk54zcps9pizk65pevt2pzis,2025-07-19,4,NaN,NaN,9,,3,
P. Olsen,8jotzm26md7pzdy2gn474chqt,a9vw7ikerpr4cuweeeka5aneg,Horsens,3,NaN,Midfielder,Centre/Right,NaN,47,NaN,3,7,22,NaN,NaN,30,57,24,90,16,13,8,41,16,24,NaN,NaN,1,7,NaN,4,NaN,1,1,NaN,NaN,1,2,,,NaN,NaN,,,343,Horsens vs Aarhus Fremad,btk54zcps9pizk65pevt2pzis,2025-07-19,8,2,4,14,,4,
S. Doua,6qko3f8w2ap9ynbuq2g55i5n8,a9vw7ikerpr4cuweeeka5aneg,Horsens,4,1,Midfielder,Right,NaN,30,1,5,4,8,2,1,23,40,10,90,16,9,3,32,13,20,3,2,3,NaN,1,1,1,2,4,1,NaN,1,NaN,,,2,2,,,343,Horsens vs Aarhus Fremad,btk54zcps9pizk65pevt2pzis,2025-07-19,2,NaN,1,16,,4,
K. Kirkegaard,3ylgelxr6ssp42hidfnchqp2i,a9vw7ikerpr4cuweeeka5aneg,Horsens,7,1,Striker,Left/Centre,NaN,10,NaN,10,2,2,NaN,NaN,8,14,2,66,5,1,1,12,4,8,NaN,1,NaN,NaN,NaN,NaN,NaN,3,4,3,NaN,1,NaN,,,NaN,NaN,,,343,Horsens vs Aarhus Fremad,btk54zcps9pizk65pevt2pzis,2025-07-19,NaN,NaN,NaN,10,,1,
S. Pingel,3epwf56ozg73hueacwmckk0r9,a9vw7ikerpr4cuweeeka5aneg,Horsens,4,3,Striker,Centre,NaN,8,1,3,1,4,NaN,NaN,5,12,4,77,NaN,NaN,1,10,2,6,1,2,1,1,1,1,1,3,5,3,NaN,NaN,NaN,,,2,1,,,343,Horsens vs Aarhus Fremad,btk54zcps9pizk65pevt2pzis,2025-07-19,NaN,NaN,1,7,,3,
F. Brandhof,ca1b5707pdpx0ucug40ggnahh,a9vw7ikerpr4cuweeeka5aneg,Horsens,3,NaN,Striker,Centre/Right,NaN,33,3,5,NaN,9,1,2,25,33,9,90,7,2,3,25,10,10,NaN,NaN,NaN,1,NaN,1,NaN,1,1,1,NaN,1,1,,,2,2,,,343,Horsens vs Aarhus Fremad,btk54zcps9pizk65pevt2pzis,2025-07-19,2,1,1,4,,4,
J. Batigi,r7imm9mbdhqsepdyrk065mac,a9vw7ikerpr4cuweeeka5aneg,Horsens,NaN,NaN,Substitute,NaN,Attacker,NaN,NaN,NaN,NaN,NaN,NaN,NaN,NaN,NaN,NaN,NaN,NaN,NaN,NaN,NaN,NaN,NaN,NaN,NaN,NaN,NaN,NaN,NaN,NaN,NaN,NaN,NaN,NaN,NaN,NaN,,,NaN,NaN,,,343,Horsens vs Aarhus Fremad,btk54zcps9pizk65pevt2pzis,2025-07-19,NaN,NaN,NaN,NaN,,NaN,
G. Guðmundsson,c2x3pewqx6d9q3c5dup0udxw,a9vw7ikerpr4cuweeeka5aneg,Horsens,1,1,Substitute,NaN,Midfielder,2,NaN,3,NaN,1,NaN,NaN,1,2,1,13,1,NaN,NaN,1,1,1,NaN,NaN,NaN,NaN,NaN,NaN,NaN,NaN,NaN,NaN,NaN,NaN,NaN,,,NaN,NaN,,,343,Horsens vs Aarhus Fremad,btk54zcps9pizk65pevt2pzis,2025-07-19,NaN,NaN,NaN,NaN,,1,
A. Herdonsson,9dh7cnu4uzbraeck0t5iqlj4k,a9vw7ikerpr4cuweeeka5aneg,Horsens,NaN,NaN,Substitute,NaN,Midfielder,NaN,NaN,NaN,NaN,NaN,NaN,NaN,NaN,NaN,NaN,NaN,NaN,NaN,NaN,NaN,NaN,NaN,NaN,NaN,NaN,NaN,NaN,NaN,NaN,NaN,NaN,NaN,NaN,NaN,NaN,,,NaN,NaN,,,343,Horsens vs Aarhus Fremad,btk54zcps9pizk65pevt2pzis,2025-07-19,NaN,NaN,NaN,NaN,,NaN,
F. Christensen,5w0giylttgiapseaw6qky0mxg,a9vw7ikerpr4cuweeeka5aneg,Horsens,NaN,NaN,Substitute,NaN,Midfielder,4,NaN,NaN,2,2,NaN,NaN,3,5,2,13,2,1,NaN,4,2,2,1,NaN,1,NaN,NaN,1,NaN,NaN,NaN,NaN,NaN,NaN,1,,,NaN,NaN,,,343,Horsens vs Aarhus Fremad,btk54zcps9pizk65pevt2pzis,2025-07-19,NaN,1,1,1,,1,
A. Ludwig,61vr9xr91fr4g6ayzga5vn9w5,a9vw7ikerpr4cuweeeka5aneg,Horsens,NaN,NaN,Substitute,NaN,Defender,5,NaN,NaN,2,2,NaN,NaN,3,6,2,10,4,2,NaN,4,1,1,NaN,NaN,NaN,NaN,NaN,NaN,NaN,NaN,1,NaN,NaN,NaN,NaN,,,NaN,NaN,,,343,Horsens vs Aarhus Fremad,btk54zcps9pizk65pevt2pzis,2025-07-19,3,NaN,NaN,2,,1,
K. Lusavec,dfxs5u8rdcxhzp33aks3acdn8,a9vw7ikerpr4cuweeeka5aneg,Horsens,NaN,NaN,Substitute,NaN,Midfielder,NaN,NaN,NaN,NaN,NaN,NaN,NaN,NaN,NaN,NaN,NaN,NaN,NaN,NaN,NaN,NaN,NaN,NaN,NaN,NaN,NaN,NaN,NaN,NaN,NaN,NaN,NaN,NaN,NaN,NaN,,,NaN,NaN,,,343,Horsens vs Aarhus Fremad,btk54zcps9pizk65pevt2pzis,2025-07-19,NaN,NaN,NaN,NaN,,NaN,
Y. Ouorou,7hso2bszmf4qal560jhrg2904,a9vw7ikerpr4cuweeeka5aneg,Horsens,3,NaN,Substitute,NaN,Attacker,1,1,NaN,1,NaN,NaN,NaN,1,1,NaN,15,NaN,NaN,1,2,NaN,NaN,NaN,NaN,NaN,NaN,NaN,1,NaN,NaN,NaN,NaN,NaN,1,NaN,,,NaN,NaN,,,343,Horsens vs Aarhus Fremad,btk54zcps9pizk65pevt2pzis,2025-07-19,NaN,NaN,1,2,,2,
A. Saine,7353ysa16qgg30b9z5qiagys4,a9vw7ikerpr4cuweeeka5aneg,Horsens,4,1,Substitute,NaN,Defender,3,3,4,NaN,NaN,1,2,3,5,1,13,3,2,2,4,3,3,NaN,2,NaN,NaN,1,NaN,1,NaN,4,2,NaN,1,NaN,,,NaN,NaN,,,343,Horsens vs Aarhus Fremad,btk54zcps9pizk65pevt2pzis,2025-07-19,NaN,NaN,NaN,5,,1,
F. Đukić,d9hh01mit4geyadol3gmzco9,a9vw7ikerpr4cuweeeka5aneg,Horsens,NaN,NaN,Substitute,NaN,Goalkeeper,NaN,NaN,NaN,NaN,NaN,NaN,NaN,NaN,NaN,NaN,NaN,NaN,NaN,NaN,NaN,NaN,NaN,NaN,NaN,NaN,NaN,NaN,NaN,NaN,NaN,NaN,NaN,NaN,NaN,NaN,,,NaN,NaN,,,343,Horsens vs Aarhus Fremad,btk54zcps9pizk65pevt2pzis,2025-07-19,NaN,NaN,NaN,NaN,,NaN,
K. Kiilerich,c0eo0t8an4ud07drvo5lk7ml0,bfwi3pjyg3whbn0tpsz19e8hq,Aarhus Fremad,NaN,NaN,Goalkeeper,Centre,NaN,18,NaN,NaN,NaN,19,2,NaN,1,30,22,90,26,4,14,14,NaN,4,NaN,NaN,NaN,NaN,NaN,NaN,NaN,NaN,NaN,NaN,NaN,NaN,NaN,,,NaN,NaN,,,343,Horsens vs Aarhus Fremad,btk54zcps9pizk65pevt2pzis,2025-07-19,17,NaN,NaN,16,,11,
Ó. Hjaltason,a5alop4wg4qwwu812pfskfjtg,bfwi3pjyg3whbn0tpsz19e8hq,Aarhus Fremad,3,1,Defender,Left/Centre,NaN,23,NaN,2,NaN,19,3,NaN,9,31,21,87,14,3,3,15,NaN,3,NaN,1,NaN,NaN,1,NaN,1,NaN,NaN,NaN,NaN,NaN,NaN,,,NaN,NaN,,,343,Horsens vs Aarhus Fremad,btk54zcps9pizk65pevt2pzis,2025-07-19,6,NaN,NaN,11,,9,
A. Pisani,2lvlyvfvdoz7kyqtib6jm9btg,bfwi3pjyg3whbn0tpsz19e8hq,Aarhus Fremad,7,3,Defender,Centre,NaN,44,NaN,5,NaN,41,5,NaN,4,50,44,90,20,2,5,7,2,3,NaN,3,NaN,NaN,NaN,NaN,NaN,NaN,NaN,NaN,NaN,NaN,NaN,,,NaN,NaN,,,343,Horsens vs Aarhus Fremad,btk54zcps9pizk65pevt2pzis,2025-07-19,6,NaN,NaN,6,,11,
Marcus Kirchheiner,7zb57r5m7lmvj3xlf9y1ldez8,bfwi3pjyg3whbn0tpsz19e8hq,Aarhus Fremad,5,1,Defender,Centre/Right,NaN,50,NaN,3,5,28,3,NaN,22,64,31,90,36,19,6,36,14,22,NaN,1,NaN,3,1,3,1,NaN,NaN,NaN,NaN,NaN,NaN,,,NaN,NaN,,,343,Horsens vs Aarhus Fremad,btk54zcps9pizk65pevt2pzis,2025-07-19,12,NaN,3,17,,11,
M. Agnarsson,9w1wpf3tocn27ed1oaaoe5zsa,bfwi3pjyg3whbn0tpsz19e8hq,Aarhus Fremad,4,1,Midfielder,Left,NaN,16,2,3,2,8,3,2,11,20,9,90,3,NaN,6,14,3,3,2,NaN,2,3,1,2,1,NaN,NaN,NaN,NaN,NaN,2,,,NaN,NaN,,,343,Horsens vs Aarhus Fremad,btk54zcps9pizk65pevt2pzis,2025-07-19,1,2,2,6,,11,
Magnus Kirchheiner,5q7msbcrmtsr3b7tykgb6l05w,bfwi3pjyg3whbn0tpsz19e8hq,Aarhus Fremad,2,NaN,Midfielder,Left/Centre,NaN,30,NaN,2,1,16,NaN,NaN,18,32,17,53,9,7,3,21,8,10,NaN,NaN,NaN,3,2,1,2,NaN,1,NaN,NaN,NaN,NaN,,,NaN,NaN,,,343,Horsens vs Aarhus Fremad,btk54zcps9pizk65pevt2pzis,2025-07-19,1,NaN,1,8,,6,
S. Bækgård,5o1k2hd9rdooxpjgbnabuh94a,bfwi3pjyg3whbn0tpsz19e8hq,Aarhus Fremad,7,3,Midfielder,Centre/Right,NaN,35,1,2,2,15,1,NaN,22,41,20,87,10,5,1,25,10,11,NaN,NaN,NaN,NaN,2,2,2,NaN,1,1,NaN,NaN,NaN,,,NaN,NaN,,,343,Horsens vs Aarhus Fremad,btk54zcps9pizk65pevt2pzis,2025-07-19,1,NaN,2,10,,9,
F. Grube,186mdd3akww1wyxdc9ouw6kno,bfwi3pjyg3whbn0tpsz19e8hq,Aarhus Fremad,NaN,NaN,Midfielder,Right,NaN,46,NaN,5,2,24,1,NaN,24,57,28,90,23,5,5,32,8,12,1,NaN,1,4,1,1,1,NaN,NaN,NaN,NaN,NaN,NaN,,,NaN,NaN,,,343,Horsens vs Aarhus Fremad,btk54zcps9pizk65pevt2pzis,2025-07-19,7,NaN,1,13,,11,
M. Kubel,az9olsp7tglzt73awei9a4cgk,bfwi3pjyg3whbn0tpsz19e8hq,Aarhus Fremad,5,1,Striker,Left/Centre,NaN,3,2,5,1,1,1,1,2,4,1,67,2,NaN,1,5,NaN,NaN,NaN,NaN,NaN,NaN,NaN,2,NaN,NaN,NaN,NaN,NaN,NaN,NaN,,,NaN,NaN,,,343,Horsens vs Aarhus Fremad,btk54zcps9pizk65pevt2pzis,2025-07-19,NaN,NaN,2,11,,8,
J. Beluli,29y19vqfjkvlc8s9gr5v5atqs,bfwi3pjyg3whbn0tpsz19e8hq,Aarhus Fremad,7,3,Striker,Centre,NaN,16,1,2,1,4,NaN,1,12,20,5,67,7,2,1,15,2,5,NaN,NaN,NaN,1,NaN,NaN,NaN,2,NaN,NaN,1,NaN,NaN,,,1,1,,,343,Horsens vs Aarhus Fremad,btk54zcps9pizk65pevt2pzis,2025-07-19,NaN,NaN,NaN,10,,8,
K. Lunding,6zxcmzp7w6esj54g05tvk7ai1,bfwi3pjyg3whbn0tpsz19e8hq,Aarhus Fremad,6,NaN,Striker,Centre/Right,NaN,20,4,3,4,5,1,NaN,18,21,5,90,3,1,3,23,13,14,2,NaN,2,1,NaN,3,NaN,NaN,6,1,NaN,1,1,,,NaN,NaN,,,343,Horsens vs Aarhus Fremad,btk54zcps9pizk65pevt2pzis,2025-07-19,NaN,1,5,14,,11,
O. Andreasen,99518av3ju5u5wooeimy4x5hw,bfwi3pjyg3whbn0tpsz19e8hq,Aarhus Fremad,NaN,NaN,Substitute,NaN,Defender,NaN,NaN,NaN,NaN,NaN,NaN,NaN,NaN,NaN,NaN,NaN,NaN,NaN,NaN,NaN,NaN,NaN,NaN,NaN,NaN,NaN,NaN,NaN,NaN,NaN,NaN,NaN,NaN,NaN,NaN,,,NaN,NaN,,,343,Horsens vs Aarhus Fremad,btk54zcps9pizk65pevt2pzis,2025-07-19,NaN,NaN,NaN,NaN,,NaN,
E. Egerton,8rqctff92ui8fanzbk6skyyac,bfwi3pjyg3whbn0tpsz19e8hq,Aarhus Fremad,NaN,NaN,Substitute,NaN,Midfielder,NaN,NaN,NaN,NaN,NaN,NaN,NaN,NaN,NaN,NaN,3,NaN,NaN,NaN,NaN,NaN,NaN,NaN,NaN,NaN,NaN,NaN,NaN,NaN,NaN,NaN,NaN,NaN,NaN,NaN,,,NaN,NaN,,,343,Horsens vs Aarhus Fremad,btk54zcps9pizk65pevt2pzis,2025-07-19,NaN,NaN,NaN,NaN,,2,
V. Højbjerg,f2hab1q8nrvah7j2k5ci0edxw,bfwi3pjyg3whbn0tpsz19e8hq,Aarhus Fremad,NaN,NaN,Substitute,NaN,Goalkeeper,NaN,NaN,NaN,NaN,NaN,NaN,NaN,NaN,NaN,NaN,NaN,NaN,NaN,NaN,NaN,NaN,NaN,NaN,NaN,NaN,NaN,NaN,NaN,NaN,NaN,NaN,NaN,NaN,NaN,NaN,,,NaN,NaN,,,343,Horsens vs Aarhus Fremad,btk54zcps9pizk65pevt2pzis,2025-07-19,NaN,NaN,NaN,NaN,,NaN,
M. Kaastrup,9nafz0c0x2qvmo5ldm0djmcq1,bfwi3pjyg3whbn0tpsz19e8hq,Aarhus Fremad,3,2,Substitute,NaN,Attacker,7,2,4,1,4,NaN,2,4,9,4,23,1,1,NaN,6,1,2,NaN,NaN,NaN,NaN,NaN,1,NaN,2,2,2,NaN,NaN,1,,,NaN,NaN,,,343,Horsens vs Aarhus Fremad,btk54zcps9pizk65pevt2pzis,2025-07-19,1,1,1,3,,3,
M. Kjølby,dv0suyzy1i57u7x1l1rm94bv8,bfwi3pjyg3whbn0tpsz19e8hq,Aarhus Fremad,NaN,NaN,Substitute,NaN,Defender,6,NaN,NaN,NaN,6,NaN,NaN,NaN,6,6,3,3,NaN,NaN,NaN,NaN,NaN,NaN,NaN,NaN,NaN,NaN,NaN,NaN,NaN,NaN,NaN,NaN,NaN,NaN,,,NaN,NaN,,,343,Horsens vs Aarhus Fremad,btk54zcps9pizk65pevt2pzis,2025-07-19,NaN,NaN,NaN,NaN,,2,
K. Andersen,f1mn7hl9ythw3bblz9lguqtjo,bfwi3pjyg3whbn0tpsz19e8hq,Aarhus Fremad,1,1,Substitute,NaN,Midfielder,9,NaN,NaN,NaN,5,NaN,NaN,4,9,5,23,NaN,NaN,1,4,2,2,1,NaN,1,1,NaN,NaN,NaN,NaN,1,NaN,NaN,NaN,NaN,,,2,2,,,343,Horsens vs Aarhus Fremad,btk54zcps9pizk65pevt2pzis,2025-07-19,NaN,NaN,NaN,NaN,,3,
O. Olalere,bv78sm66yinm0hdoawecai5g4,bfwi3pjyg3whbn0tpsz19e8hq,Aarhus Fremad,NaN,NaN,Substitute,NaN,Defender,NaN,NaN,NaN,NaN,NaN,NaN,NaN,NaN,NaN,NaN,NaN,NaN,NaN,NaN,NaN,NaN,NaN,NaN,NaN,NaN,NaN,NaN,NaN,NaN,NaN,NaN,NaN,NaN,NaN,NaN,,,NaN,NaN,,,343,Horsens vs Aarhus Fremad,btk54zcps9pizk65pevt2pzis,2025-07-19,NaN,NaN,NaN,NaN,,NaN,
A. Holvad,f5do9kh6590dwx2732iak0edx,bfwi3pjyg3whbn0tpsz19e8hq,Aarhus Fremad,NaN,NaN,Substitute,NaN,Attacker,NaN,NaN,NaN,NaN,NaN,NaN,NaN,NaN,NaN,NaN,NaN,NaN,NaN,NaN,NaN,NaN,NaN,NaN,NaN,NaN,NaN,NaN,NaN,NaN,NaN,NaN,NaN,NaN,NaN,NaN,,,NaN,NaN,,,343,Horsens vs Aarhus Fremad,btk54zcps9pizk65pevt2pzis,2025-07-19,NaN,NaN,NaN,NaN,,NaN,
M. Berthelsen,6yh22sf7jss7huppjtromrkes,bfwi3pjyg3whbn0tpsz19e8hq,Aarhus Fremad,2,NaN,Substitute,NaN,Attacker,28,NaN,2,2,15,2,NaN,14,31,16,37,5,3,3,16,3,5,NaN,2,NaN,1,NaN,NaN,NaN,NaN,NaN,NaN,NaN,NaN,NaN,,,1,1,,,343,Horsens vs Aarhus Fremad,btk54zcps9pizk65pevt2pzis,2025-07-19,3,NaN,NaN,5,,5,
