type,overall.away,overall.home,overall.middle,interval_type,interval,away,home,middle,label,match_id,league_name,country,date,home_team,away_team
ballPossession,59.8,40.2,NaN,5,0-5,53.0,47.0,NaN,HB Køge vs Hobro,brnzj43frth2y4gjyeex6n5lg,1_Division,DNK,2025-07-18,HB Køge,Hobro
ballPossession,59.8,40.2,NaN,5,6-10,43.6,56.4,NaN,HB Køge vs Hobro,brnzj43frth2y4gjyeex6n5lg,1_Division,DNK,2025-07-18,HB Køge,Hobro
ballPossession,59.8,40.2,NaN,5,11-15,22.2,77.8,NaN,HB Køge vs Hobro,brnzj43frth2y4gjyeex6n5lg,1_Division,DNK,2025-07-18,HB Køge,Hobro
ballPossession,59.8,40.2,NaN,5,16-20,54.2,45.8,NaN,HB Køge vs Hobro,brnzj43frth2y4gjyeex6n5lg,1_Division,DNK,2025-07-18,HB Køge,Hobro
ballPossession,59.8,40.2,NaN,5,21-25,64.7,35.3,NaN,HB Køge vs Hobro,brnzj43frth2y4gjyeex6n5lg,1_Division,DNK,2025-07-18,HB Køge,Hobro
ballPossession,59.8,40.2,NaN,5,26-30,72.7,27.3,NaN,HB Køge vs Hobro,brnzj43frth2y4gjyeex6n5lg,1_Division,DNK,2025-07-18,HB Køge,Hobro
ballPossession,59.8,40.2,NaN,5,31-35,50.0,50.0,NaN,HB Køge vs Hobro,brnzj43frth2y4gjyeex6n5lg,1_Division,DNK,2025-07-18,HB Køge,Hobro
ballPossession,59.8,40.2,NaN,5,36-40,71.0,29.0,NaN,HB Køge vs Hobro,brnzj43frth2y4gjyeex6n5lg,1_Division,DNK,2025-07-18,HB Køge,Hobro
ballPossession,59.8,40.2,NaN,5,41-45,58.5,41.5,NaN,HB Køge vs Hobro,brnzj43frth2y4gjyeex6n5lg,1_Division,DNK,2025-07-18,HB Køge,Hobro
ballPossession,59.8,40.2,NaN,5,46-50,69.5,30.5,NaN,HB Køge vs Hobro,brnzj43frth2y4gjyeex6n5lg,1_Division,DNK,2025-07-18,HB Køge,Hobro
ballPossession,59.8,40.2,NaN,5,51-55,82.7,17.3,NaN,HB Køge vs Hobro,brnzj43frth2y4gjyeex6n5lg,1_Division,DNK,2025-07-18,HB Køge,Hobro
ballPossession,59.8,40.2,NaN,5,56-60,88.6,11.4,NaN,HB Køge vs Hobro,brnzj43frth2y4gjyeex6n5lg,1_Division,DNK,2025-07-18,HB Køge,Hobro
ballPossession,59.8,40.2,NaN,5,61-65,61.1,38.9,NaN,HB Køge vs Hobro,brnzj43frth2y4gjyeex6n5lg,1_Division,DNK,2025-07-18,HB Køge,Hobro
ballPossession,59.8,40.2,NaN,5,66-70,47.7,52.3,NaN,HB Køge vs Hobro,brnzj43frth2y4gjyeex6n5lg,1_Division,DNK,2025-07-18,HB Køge,Hobro
ballPossession,59.8,40.2,NaN,5,71-75,89.8,10.2,NaN,HB Køge vs Hobro,brnzj43frth2y4gjyeex6n5lg,1_Division,DNK,2025-07-18,HB Køge,Hobro
ballPossession,59.8,40.2,NaN,5,76-80,10.0,90.0,NaN,HB Køge vs Hobro,brnzj43frth2y4gjyeex6n5lg,1_Division,DNK,2025-07-18,HB Køge,Hobro
ballPossession,59.8,40.2,NaN,5,81-85,63.9,36.1,NaN,HB Køge vs Hobro,brnzj43frth2y4gjyeex6n5lg,1_Division,DNK,2025-07-18,HB Køge,Hobro
ballPossession,59.8,40.2,NaN,5,86-90,67.0,33.0,NaN,HB Køge vs Hobro,brnzj43frth2y4gjyeex6n5lg,1_Division,DNK,2025-07-18,HB Køge,Hobro
ballPossession,59.8,40.2,NaN,15,0-15,39.7,60.3,NaN,HB Køge vs Hobro,brnzj43frth2y4gjyeex6n5lg,1_Division,DNK,2025-07-18,HB Køge,Hobro
ballPossession,59.8,40.2,NaN,15,16-30,62.5,37.5,NaN,HB Køge vs Hobro,brnzj43frth2y4gjyeex6n5lg,1_Division,DNK,2025-07-18,HB Køge,Hobro
ballPossession,59.8,40.2,NaN,15,31-45,59.6,40.4,NaN,HB Køge vs Hobro,brnzj43frth2y4gjyeex6n5lg,1_Division,DNK,2025-07-18,HB Køge,Hobro
ballPossession,59.8,40.2,NaN,15,46-60,79.3,20.7,NaN,HB Køge vs Hobro,brnzj43frth2y4gjyeex6n5lg,1_Division,DNK,2025-07-18,HB Køge,Hobro
ballPossession,59.8,40.2,NaN,15,61-75,68.2,31.8,NaN,HB Køge vs Hobro,brnzj43frth2y4gjyeex6n5lg,1_Division,DNK,2025-07-18,HB Køge,Hobro
ballPossession,59.8,40.2,NaN,15,76-90,52.7,47.3,NaN,HB Køge vs Hobro,brnzj43frth2y4gjyeex6n5lg,1_Division,DNK,2025-07-18,HB Køge,Hobro
ballPossession,59.8,40.2,NaN,45,0-45,53.3,46.7,NaN,HB Køge vs Hobro,brnzj43frth2y4gjyeex6n5lg,1_Division,DNK,2025-07-18,HB Køge,Hobro
ballPossession,59.8,40.2,NaN,45,46-90,66.7,33.3,NaN,HB Køge vs Hobro,brnzj43frth2y4gjyeex6n5lg,1_Division,DNK,2025-07-18,HB Køge,Hobro
territorial,45.0,55.0,NaN,5,0-5,33.3,66.7,NaN,HB Køge vs Hobro,brnzj43frth2y4gjyeex6n5lg,1_Division,DNK,2025-07-18,HB Køge,Hobro
territorial,45.0,55.0,NaN,5,6-10,52.7,47.3,NaN,HB Køge vs Hobro,brnzj43frth2y4gjyeex6n5lg,1_Division,DNK,2025-07-18,HB Køge,Hobro
territorial,45.0,55.0,NaN,5,11-15,23.8,76.2,NaN,HB Køge vs Hobro,brnzj43frth2y4gjyeex6n5lg,1_Division,DNK,2025-07-18,HB Køge,Hobro
territorial,45.0,55.0,NaN,5,16-20,22.0,78.0,NaN,HB Køge vs Hobro,brnzj43frth2y4gjyeex6n5lg,1_Division,DNK,2025-07-18,HB Køge,Hobro
territorial,45.0,55.0,NaN,5,21-25,47.1,52.9,NaN,HB Køge vs Hobro,brnzj43frth2y4gjyeex6n5lg,1_Division,DNK,2025-07-18,HB Køge,Hobro
territorial,45.0,55.0,NaN,5,26-30,20.5,79.5,NaN,HB Køge vs Hobro,brnzj43frth2y4gjyeex6n5lg,1_Division,DNK,2025-07-18,HB Køge,Hobro
territorial,45.0,55.0,NaN,5,31-35,51.4,48.6,NaN,HB Køge vs Hobro,brnzj43frth2y4gjyeex6n5lg,1_Division,DNK,2025-07-18,HB Køge,Hobro
territorial,45.0,55.0,NaN,5,36-40,62.3,37.7,NaN,HB Køge vs Hobro,brnzj43frth2y4gjyeex6n5lg,1_Division,DNK,2025-07-18,HB Køge,Hobro
territorial,45.0,55.0,NaN,5,41-45,43.9,56.1,NaN,HB Køge vs Hobro,brnzj43frth2y4gjyeex6n5lg,1_Division,DNK,2025-07-18,HB Køge,Hobro
territorial,45.0,55.0,NaN,5,46-50,23.7,76.3,NaN,HB Køge vs Hobro,brnzj43frth2y4gjyeex6n5lg,1_Division,DNK,2025-07-18,HB Køge,Hobro
territorial,45.0,55.0,NaN,5,51-55,54.7,45.3,NaN,HB Køge vs Hobro,brnzj43frth2y4gjyeex6n5lg,1_Division,DNK,2025-07-18,HB Køge,Hobro
territorial,45.0,55.0,NaN,5,56-60,48.6,51.4,NaN,HB Køge vs Hobro,brnzj43frth2y4gjyeex6n5lg,1_Division,DNK,2025-07-18,HB Køge,Hobro
territorial,45.0,55.0,NaN,5,61-65,25.9,74.1,NaN,HB Køge vs Hobro,brnzj43frth2y4gjyeex6n5lg,1_Division,DNK,2025-07-18,HB Køge,Hobro
territorial,45.0,55.0,NaN,5,66-70,54.5,45.5,NaN,HB Køge vs Hobro,brnzj43frth2y4gjyeex6n5lg,1_Division,DNK,2025-07-18,HB Køge,Hobro
territorial,45.0,55.0,NaN,5,71-75,57.6,42.4,NaN,HB Køge vs Hobro,brnzj43frth2y4gjyeex6n5lg,1_Division,DNK,2025-07-18,HB Køge,Hobro
territorial,45.0,55.0,NaN,5,76-80,80.0,20.0,NaN,HB Køge vs Hobro,brnzj43frth2y4gjyeex6n5lg,1_Division,DNK,2025-07-18,HB Køge,Hobro
territorial,45.0,55.0,NaN,5,81-85,72.2,27.8,NaN,HB Køge vs Hobro,brnzj43frth2y4gjyeex6n5lg,1_Division,DNK,2025-07-18,HB Køge,Hobro
territorial,45.0,55.0,NaN,5,86-90,49.5,50.5,NaN,HB Køge vs Hobro,brnzj43frth2y4gjyeex6n5lg,1_Division,DNK,2025-07-18,HB Køge,Hobro
territorial,45.0,55.0,NaN,15,0-15,35.9,64.1,NaN,HB Køge vs Hobro,brnzj43frth2y4gjyeex6n5lg,1_Division,DNK,2025-07-18,HB Køge,Hobro
territorial,45.0,55.0,NaN,15,16-30,25.0,75.0,NaN,HB Køge vs Hobro,brnzj43frth2y4gjyeex6n5lg,1_Division,DNK,2025-07-18,HB Køge,Hobro
territorial,45.0,55.0,NaN,15,31-45,52.0,48.0,NaN,HB Køge vs Hobro,brnzj43frth2y4gjyeex6n5lg,1_Division,DNK,2025-07-18,HB Køge,Hobro
territorial,45.0,55.0,NaN,15,46-60,42.6,57.4,NaN,HB Køge vs Hobro,brnzj43frth2y4gjyeex6n5lg,1_Division,DNK,2025-07-18,HB Køge,Hobro
territorial,45.0,55.0,NaN,15,61-75,45.9,54.1,NaN,HB Køge vs Hobro,brnzj43frth2y4gjyeex6n5lg,1_Division,DNK,2025-07-18,HB Køge,Hobro
territorial,45.0,55.0,NaN,15,76-90,61.7,38.3,NaN,HB Køge vs Hobro,brnzj43frth2y4gjyeex6n5lg,1_Division,DNK,2025-07-18,HB Køge,Hobro
territorial,45.0,55.0,NaN,45,0-45,40.2,59.8,NaN,HB Køge vs Hobro,brnzj43frth2y4gjyeex6n5lg,1_Division,DNK,2025-07-18,HB Køge,Hobro
territorial,45.0,55.0,NaN,45,46-90,50.1,49.9,NaN,HB Køge vs Hobro,brnzj43frth2y4gjyeex6n5lg,1_Division,DNK,2025-07-18,HB Køge,Hobro
territorialThird,28.1,21.3,50.6,5,0-5,21.2,9.1,69.7,HB Køge vs Hobro,brnzj43frth2y4gjyeex6n5lg,1_Division,DNK,2025-07-18,HB Køge,Hobro
territorialThird,28.1,21.3,50.6,5,6-10,18.2,27.3,54.5,HB Køge vs Hobro,brnzj43frth2y4gjyeex6n5lg,1_Division,DNK,2025-07-18,HB Køge,Hobro
territorialThird,28.1,21.3,50.6,5,11-15,54.0,11.1,34.9,HB Køge vs Hobro,brnzj43frth2y4gjyeex6n5lg,1_Division,DNK,2025-07-18,HB Køge,Hobro
territorialThird,28.1,21.3,50.6,5,16-20,39.0,11.9,49.1,HB Køge vs Hobro,brnzj43frth2y4gjyeex6n5lg,1_Division,DNK,2025-07-18,HB Køge,Hobro
territorialThird,28.1,21.3,50.6,5,21-25,23.5,29.4,47.1,HB Køge vs Hobro,brnzj43frth2y4gjyeex6n5lg,1_Division,DNK,2025-07-18,HB Køge,Hobro
territorialThird,28.1,21.3,50.6,5,26-30,54.5,4.5,41.0,HB Køge vs Hobro,brnzj43frth2y4gjyeex6n5lg,1_Division,DNK,2025-07-18,HB Køge,Hobro
territorialThird,28.1,21.3,50.6,5,31-35,18.1,30.6,51.3,HB Køge vs Hobro,brnzj43frth2y4gjyeex6n5lg,1_Division,DNK,2025-07-18,HB Køge,Hobro
territorialThird,28.1,21.3,50.6,5,36-40,14.5,30.4,55.1,HB Køge vs Hobro,brnzj43frth2y4gjyeex6n5lg,1_Division,DNK,2025-07-18,HB Køge,Hobro
territorialThird,28.1,21.3,50.6,5,41-45,23.2,23.2,53.6,HB Køge vs Hobro,brnzj43frth2y4gjyeex6n5lg,1_Division,DNK,2025-07-18,HB Køge,Hobro
territorialThird,28.1,21.3,50.6,5,46-50,44.1,6.8,49.1,HB Køge vs Hobro,brnzj43frth2y4gjyeex6n5lg,1_Division,DNK,2025-07-18,HB Køge,Hobro
territorialThird,28.1,21.3,50.6,5,51-55,24.0,22.7,53.3,HB Køge vs Hobro,brnzj43frth2y4gjyeex6n5lg,1_Division,DNK,2025-07-18,HB Køge,Hobro
territorialThird,28.1,21.3,50.6,5,56-60,22.9,14.3,62.8,HB Køge vs Hobro,brnzj43frth2y4gjyeex6n5lg,1_Division,DNK,2025-07-18,HB Køge,Hobro
territorialThird,28.1,21.3,50.6,5,61-65,53.7,14.8,31.5,HB Køge vs Hobro,brnzj43frth2y4gjyeex6n5lg,1_Division,DNK,2025-07-18,HB Køge,Hobro
territorialThird,28.1,21.3,50.6,5,66-70,22.7,38.6,38.7,HB Køge vs Hobro,brnzj43frth2y4gjyeex6n5lg,1_Division,DNK,2025-07-18,HB Køge,Hobro
territorialThird,28.1,21.3,50.6,5,71-75,15.3,20.3,64.4,HB Køge vs Hobro,brnzj43frth2y4gjyeex6n5lg,1_Division,DNK,2025-07-18,HB Køge,Hobro
territorialThird,28.1,21.3,50.6,5,76-80,7.5,37.5,55.0,HB Køge vs Hobro,brnzj43frth2y4gjyeex6n5lg,1_Division,DNK,2025-07-18,HB Køge,Hobro
territorialThird,28.1,21.3,50.6,5,81-85,16.7,41.7,41.6,HB Køge vs Hobro,brnzj43frth2y4gjyeex6n5lg,1_Division,DNK,2025-07-18,HB Køge,Hobro
territorialThird,28.1,21.3,50.6,5,86-90,29.7,22.0,48.3,HB Køge vs Hobro,brnzj43frth2y4gjyeex6n5lg,1_Division,DNK,2025-07-18,HB Køge,Hobro
territorialThird,28.1,21.3,50.6,15,0-15,31.5,15.2,53.3,HB Køge vs Hobro,brnzj43frth2y4gjyeex6n5lg,1_Division,DNK,2025-07-18,HB Køge,Hobro
territorialThird,28.1,21.3,50.6,15,16-30,42.5,11.7,45.8,HB Køge vs Hobro,brnzj43frth2y4gjyeex6n5lg,1_Division,DNK,2025-07-18,HB Køge,Hobro
territorialThird,28.1,21.3,50.6,15,31-45,18.8,27.8,53.4,HB Køge vs Hobro,brnzj43frth2y4gjyeex6n5lg,1_Division,DNK,2025-07-18,HB Køge,Hobro
territorialThird,28.1,21.3,50.6,15,46-60,30.8,15.4,53.8,HB Køge vs Hobro,brnzj43frth2y4gjyeex6n5lg,1_Division,DNK,2025-07-18,HB Køge,Hobro
territorialThird,28.1,21.3,50.6,15,61-75,30.6,23.6,45.8,HB Køge vs Hobro,brnzj43frth2y4gjyeex6n5lg,1_Division,DNK,2025-07-18,HB Køge,Hobro
territorialThird,28.1,21.3,50.6,15,76-90,21.6,29.9,48.5,HB Køge vs Hobro,brnzj43frth2y4gjyeex6n5lg,1_Division,DNK,2025-07-18,HB Køge,Hobro
territorialThird,28.1,21.3,50.6,45,0-45,28.7,19.7,51.6,HB Køge vs Hobro,brnzj43frth2y4gjyeex6n5lg,1_Division,DNK,2025-07-18,HB Køge,Hobro
territorialThird,28.1,21.3,50.6,45,46-90,27.6,22.9,49.5,HB Køge vs Hobro,brnzj43frth2y4gjyeex6n5lg,1_Division,DNK,2025-07-18,HB Køge,Hobro
ballPossession,39.0,61.0,NaN,5,0-5,31.8,68.2,NaN,Hillerød vs Middelfart,bt425ex9tsvly0uo72zljc74k,1_Division,DNK,2025-07-19,Hillerød,Middelfart
ballPossession,39.0,61.0,NaN,5,6-10,40.7,59.3,NaN,Hillerød vs Middelfart,bt425ex9tsvly0uo72zljc74k,1_Division,DNK,2025-07-19,Hillerød,Middelfart
ballPossession,39.0,61.0,NaN,5,11-15,44.0,56.0,NaN,Hillerød vs Middelfart,bt425ex9tsvly0uo72zljc74k,1_Division,DNK,2025-07-19,Hillerød,Middelfart
ballPossession,39.0,61.0,NaN,5,16-20,24.3,75.7,NaN,Hillerød vs Middelfart,bt425ex9tsvly0uo72zljc74k,1_Division,DNK,2025-07-19,Hillerød,Middelfart
ballPossession,39.0,61.0,NaN,5,21-25,20.0,80.0,NaN,Hillerød vs Middelfart,bt425ex9tsvly0uo72zljc74k,1_Division,DNK,2025-07-19,Hillerød,Middelfart
ballPossession,39.0,61.0,NaN,5,26-30,40.5,59.5,NaN,Hillerød vs Middelfart,bt425ex9tsvly0uo72zljc74k,1_Division,DNK,2025-07-19,Hillerød,Middelfart
ballPossession,39.0,61.0,NaN,5,31-35,41.3,58.7,NaN,Hillerød vs Middelfart,bt425ex9tsvly0uo72zljc74k,1_Division,DNK,2025-07-19,Hillerød,Middelfart
ballPossession,39.0,61.0,NaN,5,36-40,22.5,77.5,NaN,Hillerød vs Middelfart,bt425ex9tsvly0uo72zljc74k,1_Division,DNK,2025-07-19,Hillerød,Middelfart
ballPossession,39.0,61.0,NaN,5,41-45,29.9,70.1,NaN,Hillerød vs Middelfart,bt425ex9tsvly0uo72zljc74k,1_Division,DNK,2025-07-19,Hillerød,Middelfart
ballPossession,39.0,61.0,NaN,5,46-50,34.4,65.6,NaN,Hillerød vs Middelfart,bt425ex9tsvly0uo72zljc74k,1_Division,DNK,2025-07-19,Hillerød,Middelfart
ballPossession,39.0,61.0,NaN,5,51-55,34.7,65.3,NaN,Hillerød vs Middelfart,bt425ex9tsvly0uo72zljc74k,1_Division,DNK,2025-07-19,Hillerød,Middelfart
ballPossession,39.0,61.0,NaN,5,56-60,34.6,65.4,NaN,Hillerød vs Middelfart,bt425ex9tsvly0uo72zljc74k,1_Division,DNK,2025-07-19,Hillerød,Middelfart
ballPossession,39.0,61.0,NaN,5,61-65,16.3,83.7,NaN,Hillerød vs Middelfart,bt425ex9tsvly0uo72zljc74k,1_Division,DNK,2025-07-19,Hillerød,Middelfart
ballPossession,39.0,61.0,NaN,5,66-70,38.5,61.5,NaN,Hillerød vs Middelfart,bt425ex9tsvly0uo72zljc74k,1_Division,DNK,2025-07-19,Hillerød,Middelfart
ballPossession,39.0,61.0,NaN,5,71-75,62.5,37.5,NaN,Hillerød vs Middelfart,bt425ex9tsvly0uo72zljc74k,1_Division,DNK,2025-07-19,Hillerød,Middelfart
ballPossession,39.0,61.0,NaN,5,76-80,56.9,43.1,NaN,Hillerød vs Middelfart,bt425ex9tsvly0uo72zljc74k,1_Division,DNK,2025-07-19,Hillerød,Middelfart
ballPossession,39.0,61.0,NaN,5,81-85,48.3,51.7,NaN,Hillerød vs Middelfart,bt425ex9tsvly0uo72zljc74k,1_Division,DNK,2025-07-19,Hillerød,Middelfart
ballPossession,39.0,61.0,NaN,5,86-90,61.8,38.2,NaN,Hillerød vs Middelfart,bt425ex9tsvly0uo72zljc74k,1_Division,DNK,2025-07-19,Hillerød,Middelfart
ballPossession,39.0,61.0,NaN,15,0-15,39.0,61.0,NaN,Hillerød vs Middelfart,bt425ex9tsvly0uo72zljc74k,1_Division,DNK,2025-07-19,Hillerød,Middelfart
ballPossession,39.0,61.0,NaN,15,16-30,27.7,72.3,NaN,Hillerød vs Middelfart,bt425ex9tsvly0uo72zljc74k,1_Division,DNK,2025-07-19,Hillerød,Middelfart
ballPossession,39.0,61.0,NaN,15,31-45,32.8,67.2,NaN,Hillerød vs Middelfart,bt425ex9tsvly0uo72zljc74k,1_Division,DNK,2025-07-19,Hillerød,Middelfart
ballPossession,39.0,61.0,NaN,15,46-60,34.6,65.4,NaN,Hillerød vs Middelfart,bt425ex9tsvly0uo72zljc74k,1_Division,DNK,2025-07-19,Hillerød,Middelfart
ballPossession,39.0,61.0,NaN,15,61-75,39.0,61.0,NaN,Hillerød vs Middelfart,bt425ex9tsvly0uo72zljc74k,1_Division,DNK,2025-07-19,Hillerød,Middelfart
ballPossession,39.0,61.0,NaN,15,76-90,56.6,43.4,NaN,Hillerød vs Middelfart,bt425ex9tsvly0uo72zljc74k,1_Division,DNK,2025-07-19,Hillerød,Middelfart
ballPossession,39.0,61.0,NaN,45,0-45,33.8,66.2,NaN,Hillerød vs Middelfart,bt425ex9tsvly0uo72zljc74k,1_Division,DNK,2025-07-19,Hillerød,Middelfart
ballPossession,39.0,61.0,NaN,45,46-90,44.2,55.8,NaN,Hillerød vs Middelfart,bt425ex9tsvly0uo72zljc74k,1_Division,DNK,2025-07-19,Hillerød,Middelfart
territorial,43.3,56.7,NaN,5,0-5,53.0,47.0,NaN,Hillerød vs Middelfart,bt425ex9tsvly0uo72zljc74k,1_Division,DNK,2025-07-19,Hillerød,Middelfart
territorial,43.3,56.7,NaN,5,6-10,69.5,30.5,NaN,Hillerød vs Middelfart,bt425ex9tsvly0uo72zljc74k,1_Division,DNK,2025-07-19,Hillerød,Middelfart
territorial,43.3,56.7,NaN,5,11-15,57.3,42.7,NaN,Hillerød vs Middelfart,bt425ex9tsvly0uo72zljc74k,1_Division,DNK,2025-07-19,Hillerød,Middelfart
territorial,43.3,56.7,NaN,5,16-20,55.7,44.3,NaN,Hillerød vs Middelfart,bt425ex9tsvly0uo72zljc74k,1_Division,DNK,2025-07-19,Hillerød,Middelfart
territorial,43.3,56.7,NaN,5,21-25,40.0,60.0,NaN,Hillerød vs Middelfart,bt425ex9tsvly0uo72zljc74k,1_Division,DNK,2025-07-19,Hillerød,Middelfart
territorial,43.3,56.7,NaN,5,26-30,18.9,81.1,NaN,Hillerød vs Middelfart,bt425ex9tsvly0uo72zljc74k,1_Division,DNK,2025-07-19,Hillerød,Middelfart
territorial,43.3,56.7,NaN,5,31-35,33.3,66.7,NaN,Hillerød vs Middelfart,bt425ex9tsvly0uo72zljc74k,1_Division,DNK,2025-07-19,Hillerød,Middelfart
territorial,43.3,56.7,NaN,5,36-40,45.0,55.0,NaN,Hillerød vs Middelfart,bt425ex9tsvly0uo72zljc74k,1_Division,DNK,2025-07-19,Hillerød,Middelfart
territorial,43.3,56.7,NaN,5,41-45,39.0,61.0,NaN,Hillerød vs Middelfart,bt425ex9tsvly0uo72zljc74k,1_Division,DNK,2025-07-19,Hillerød,Middelfart
territorial,43.3,56.7,NaN,5,46-50,12.5,87.5,NaN,Hillerød vs Middelfart,bt425ex9tsvly0uo72zljc74k,1_Division,DNK,2025-07-19,Hillerød,Middelfart
territorial,43.3,56.7,NaN,5,51-55,44.9,55.1,NaN,Hillerød vs Middelfart,bt425ex9tsvly0uo72zljc74k,1_Division,DNK,2025-07-19,Hillerød,Middelfart
territorial,43.3,56.7,NaN,5,56-60,34.6,65.4,NaN,Hillerød vs Middelfart,bt425ex9tsvly0uo72zljc74k,1_Division,DNK,2025-07-19,Hillerød,Middelfart
territorial,43.3,56.7,NaN,5,61-65,57.1,42.9,NaN,Hillerød vs Middelfart,bt425ex9tsvly0uo72zljc74k,1_Division,DNK,2025-07-19,Hillerød,Middelfart
territorial,43.3,56.7,NaN,5,66-70,43.6,56.4,NaN,Hillerød vs Middelfart,bt425ex9tsvly0uo72zljc74k,1_Division,DNK,2025-07-19,Hillerød,Middelfart
territorial,43.3,56.7,NaN,5,71-75,27.1,72.9,NaN,Hillerød vs Middelfart,bt425ex9tsvly0uo72zljc74k,1_Division,DNK,2025-07-19,Hillerød,Middelfart
territorial,43.3,56.7,NaN,5,76-80,53.4,46.6,NaN,Hillerød vs Middelfart,bt425ex9tsvly0uo72zljc74k,1_Division,DNK,2025-07-19,Hillerød,Middelfart
territorial,43.3,56.7,NaN,5,81-85,48.3,51.7,NaN,Hillerød vs Middelfart,bt425ex9tsvly0uo72zljc74k,1_Division,DNK,2025-07-19,Hillerød,Middelfart
territorial,43.3,56.7,NaN,5,86-90,39.3,60.7,NaN,Hillerød vs Middelfart,bt425ex9tsvly0uo72zljc74k,1_Division,DNK,2025-07-19,Hillerød,Middelfart
territorial,43.3,56.7,NaN,15,0-15,59.5,40.5,NaN,Hillerød vs Middelfart,bt425ex9tsvly0uo72zljc74k,1_Division,DNK,2025-07-19,Hillerød,Middelfart
territorial,43.3,56.7,NaN,15,16-30,42.3,57.7,NaN,Hillerød vs Middelfart,bt425ex9tsvly0uo72zljc74k,1_Division,DNK,2025-07-19,Hillerød,Middelfart
territorial,43.3,56.7,NaN,15,31-45,38.0,62.0,NaN,Hillerød vs Middelfart,bt425ex9tsvly0uo72zljc74k,1_Division,DNK,2025-07-19,Hillerød,Middelfart
territorial,43.3,56.7,NaN,15,46-60,29.8,70.2,NaN,Hillerød vs Middelfart,bt425ex9tsvly0uo72zljc74k,1_Division,DNK,2025-07-19,Hillerød,Middelfart
territorial,43.3,56.7,NaN,15,61-75,42.6,57.4,NaN,Hillerød vs Middelfart,bt425ex9tsvly0uo72zljc74k,1_Division,DNK,2025-07-19,Hillerød,Middelfart
territorial,43.3,56.7,NaN,15,76-90,45.9,54.1,NaN,Hillerød vs Middelfart,bt425ex9tsvly0uo72zljc74k,1_Division,DNK,2025-07-19,Hillerød,Middelfart
territorial,43.3,56.7,NaN,45,0-45,47.3,52.7,NaN,Hillerød vs Middelfart,bt425ex9tsvly0uo72zljc74k,1_Division,DNK,2025-07-19,Hillerød,Middelfart
territorial,43.3,56.7,NaN,45,46-90,39.3,60.7,NaN,Hillerød vs Middelfart,bt425ex9tsvly0uo72zljc74k,1_Division,DNK,2025-07-19,Hillerød,Middelfart
territorialThird,30.0,17.0,53.0,5,0-5,15.2,28.8,56.0,Hillerød vs Middelfart,bt425ex9tsvly0uo72zljc74k,1_Division,DNK,2025-07-19,Hillerød,Middelfart
territorialThird,30.0,17.0,53.0,5,6-10,16.9,28.8,54.3,Hillerød vs Middelfart,bt425ex9tsvly0uo72zljc74k,1_Division,DNK,2025-07-19,Hillerød,Middelfart
territorialThird,30.0,17.0,53.0,5,11-15,16.0,33.3,50.7,Hillerød vs Middelfart,bt425ex9tsvly0uo72zljc74k,1_Division,DNK,2025-07-19,Hillerød,Middelfart
territorialThird,30.0,17.0,53.0,5,16-20,20.0,15.7,64.3,Hillerød vs Middelfart,bt425ex9tsvly0uo72zljc74k,1_Division,DNK,2025-07-19,Hillerød,Middelfart
territorialThird,30.0,17.0,53.0,5,21-25,33.3,3.3,63.4,Hillerød vs Middelfart,bt425ex9tsvly0uo72zljc74k,1_Division,DNK,2025-07-19,Hillerød,Middelfart
territorialThird,30.0,17.0,53.0,5,26-30,51.4,2.7,45.9,Hillerød vs Middelfart,bt425ex9tsvly0uo72zljc74k,1_Division,DNK,2025-07-19,Hillerød,Middelfart
territorialThird,30.0,17.0,53.0,5,31-35,28.0,10.7,61.3,Hillerød vs Middelfart,bt425ex9tsvly0uo72zljc74k,1_Division,DNK,2025-07-19,Hillerød,Middelfart
territorialThird,30.0,17.0,53.0,5,36-40,12.5,20.0,67.5,Hillerød vs Middelfart,bt425ex9tsvly0uo72zljc74k,1_Division,DNK,2025-07-19,Hillerød,Middelfart
territorialThird,30.0,17.0,53.0,5,41-45,36.4,15.6,48.0,Hillerød vs Middelfart,bt425ex9tsvly0uo72zljc74k,1_Division,DNK,2025-07-19,Hillerød,Middelfart
territorialThird,30.0,17.0,53.0,5,46-50,54.7,4.7,40.6,Hillerød vs Middelfart,bt425ex9tsvly0uo72zljc74k,1_Division,DNK,2025-07-19,Hillerød,Middelfart
territorialThird,30.0,17.0,53.0,5,51-55,38.8,18.4,42.8,Hillerød vs Middelfart,bt425ex9tsvly0uo72zljc74k,1_Division,DNK,2025-07-19,Hillerød,Middelfart
territorialThird,30.0,17.0,53.0,5,56-60,43.6,7.7,48.7,Hillerød vs Middelfart,bt425ex9tsvly0uo72zljc74k,1_Division,DNK,2025-07-19,Hillerød,Middelfart
territorialThird,30.0,17.0,53.0,5,61-65,22.4,18.4,59.2,Hillerød vs Middelfart,bt425ex9tsvly0uo72zljc74k,1_Division,DNK,2025-07-19,Hillerød,Middelfart
territorialThird,30.0,17.0,53.0,5,66-70,41.0,7.7,51.3,Hillerød vs Middelfart,bt425ex9tsvly0uo72zljc74k,1_Division,DNK,2025-07-19,Hillerød,Middelfart
territorialThird,30.0,17.0,53.0,5,71-75,45.8,12.5,41.7,Hillerød vs Middelfart,bt425ex9tsvly0uo72zljc74k,1_Division,DNK,2025-07-19,Hillerød,Middelfart
territorialThird,30.0,17.0,53.0,5,76-80,15.5,13.8,70.7,Hillerød vs Middelfart,bt425ex9tsvly0uo72zljc74k,1_Division,DNK,2025-07-19,Hillerød,Middelfart
territorialThird,30.0,17.0,53.0,5,81-85,25.9,12.1,62.0,Hillerød vs Middelfart,bt425ex9tsvly0uo72zljc74k,1_Division,DNK,2025-07-19,Hillerød,Middelfart
territorialThird,30.0,17.0,53.0,5,86-90,31.5,30.3,38.2,Hillerød vs Middelfart,bt425ex9tsvly0uo72zljc74k,1_Division,DNK,2025-07-19,Hillerød,Middelfart
territorialThird,30.0,17.0,53.0,15,0-15,16.0,30.5,53.5,Hillerød vs Middelfart,bt425ex9tsvly0uo72zljc74k,1_Division,DNK,2025-07-19,Hillerød,Middelfart
territorialThird,30.0,17.0,53.0,15,16-30,31.4,9.5,59.1,Hillerød vs Middelfart,bt425ex9tsvly0uo72zljc74k,1_Division,DNK,2025-07-19,Hillerød,Middelfart
territorialThird,30.0,17.0,53.0,15,31-45,28.1,14.6,57.3,Hillerød vs Middelfart,bt425ex9tsvly0uo72zljc74k,1_Division,DNK,2025-07-19,Hillerød,Middelfart
territorialThird,30.0,17.0,53.0,15,46-60,46.1,9.4,44.5,Hillerød vs Middelfart,bt425ex9tsvly0uo72zljc74k,1_Division,DNK,2025-07-19,Hillerød,Middelfart
territorialThird,30.0,17.0,53.0,15,61-75,36.0,13.2,50.8,Hillerød vs Middelfart,bt425ex9tsvly0uo72zljc74k,1_Division,DNK,2025-07-19,Hillerød,Middelfart
territorialThird,30.0,17.0,53.0,15,76-90,25.4,20.5,54.1,Hillerød vs Middelfart,bt425ex9tsvly0uo72zljc74k,1_Division,DNK,2025-07-19,Hillerød,Middelfart
territorialThird,30.0,17.0,53.0,45,0-45,24.4,19.3,56.3,Hillerød vs Middelfart,bt425ex9tsvly0uo72zljc74k,1_Division,DNK,2025-07-19,Hillerød,Middelfart
territorialThird,30.0,17.0,53.0,45,46-90,35.5,14.7,49.8,Hillerød vs Middelfart,bt425ex9tsvly0uo72zljc74k,1_Division,DNK,2025-07-19,Hillerød,Middelfart
ballPossession,52.3,47.7,NaN,5,0-5,81.6,18.4,NaN,Horsens vs Aarhus Fremad,btk54zcps9pizk65pevt2pzis,1_Division,DNK,2025-07-19,Horsens,Aarhus Fremad
ballPossession,52.3,47.7,NaN,5,6-10,30.1,69.9,NaN,Horsens vs Aarhus Fremad,btk54zcps9pizk65pevt2pzis,1_Division,DNK,2025-07-19,Horsens,Aarhus Fremad
ballPossession,52.3,47.7,NaN,5,11-15,68.1,31.9,NaN,Horsens vs Aarhus Fremad,btk54zcps9pizk65pevt2pzis,1_Division,DNK,2025-07-19,Horsens,Aarhus Fremad
ballPossession,52.3,47.7,NaN,5,16-20,69.2,30.8,NaN,Horsens vs Aarhus Fremad,btk54zcps9pizk65pevt2pzis,1_Division,DNK,2025-07-19,Horsens,Aarhus Fremad
ballPossession,52.3,47.7,NaN,5,21-25,29.2,70.8,NaN,Horsens vs Aarhus Fremad,btk54zcps9pizk65pevt2pzis,1_Division,DNK,2025-07-19,Horsens,Aarhus Fremad
ballPossession,52.3,47.7,NaN,5,26-30,28.6,71.4,NaN,Horsens vs Aarhus Fremad,btk54zcps9pizk65pevt2pzis,1_Division,DNK,2025-07-19,Horsens,Aarhus Fremad
ballPossession,52.3,47.7,NaN,5,31-35,31.7,68.3,NaN,Horsens vs Aarhus Fremad,btk54zcps9pizk65pevt2pzis,1_Division,DNK,2025-07-19,Horsens,Aarhus Fremad
ballPossession,52.3,47.7,NaN,5,36-40,36.5,63.5,NaN,Horsens vs Aarhus Fremad,btk54zcps9pizk65pevt2pzis,1_Division,DNK,2025-07-19,Horsens,Aarhus Fremad
ballPossession,52.3,47.7,NaN,5,41-45,50.0,50.0,NaN,Horsens vs Aarhus Fremad,btk54zcps9pizk65pevt2pzis,1_Division,DNK,2025-07-19,Horsens,Aarhus Fremad
ballPossession,52.3,47.7,NaN,5,46-50,64.3,35.7,NaN,Horsens vs Aarhus Fremad,btk54zcps9pizk65pevt2pzis,1_Division,DNK,2025-07-19,Horsens,Aarhus Fremad
ballPossession,52.3,47.7,NaN,5,51-55,54.2,45.8,NaN,Horsens vs Aarhus Fremad,btk54zcps9pizk65pevt2pzis,1_Division,DNK,2025-07-19,Horsens,Aarhus Fremad
ballPossession,52.3,47.7,NaN,5,56-60,34.3,65.7,NaN,Horsens vs Aarhus Fremad,btk54zcps9pizk65pevt2pzis,1_Division,DNK,2025-07-19,Horsens,Aarhus Fremad
ballPossession,52.3,47.7,NaN,5,61-65,43.3,56.7,NaN,Horsens vs Aarhus Fremad,btk54zcps9pizk65pevt2pzis,1_Division,DNK,2025-07-19,Horsens,Aarhus Fremad
ballPossession,52.3,47.7,NaN,5,66-70,80.8,19.2,NaN,Horsens vs Aarhus Fremad,btk54zcps9pizk65pevt2pzis,1_Division,DNK,2025-07-19,Horsens,Aarhus Fremad
ballPossession,52.3,47.7,NaN,5,71-75,61.8,38.2,NaN,Horsens vs Aarhus Fremad,btk54zcps9pizk65pevt2pzis,1_Division,DNK,2025-07-19,Horsens,Aarhus Fremad
ballPossession,52.3,47.7,NaN,5,76-80,33.3,66.7,NaN,Horsens vs Aarhus Fremad,btk54zcps9pizk65pevt2pzis,1_Division,DNK,2025-07-19,Horsens,Aarhus Fremad
ballPossession,52.3,47.7,NaN,5,81-85,91.9,8.1,NaN,Horsens vs Aarhus Fremad,btk54zcps9pizk65pevt2pzis,1_Division,DNK,2025-07-19,Horsens,Aarhus Fremad
ballPossession,52.3,47.7,NaN,5,86-90,66.7,33.3,NaN,Horsens vs Aarhus Fremad,btk54zcps9pizk65pevt2pzis,1_Division,DNK,2025-07-19,Horsens,Aarhus Fremad
ballPossession,52.3,47.7,NaN,15,0-15,55.6,44.4,NaN,Horsens vs Aarhus Fremad,btk54zcps9pizk65pevt2pzis,1_Division,DNK,2025-07-19,Horsens,Aarhus Fremad
ballPossession,52.3,47.7,NaN,15,16-30,42.9,57.1,NaN,Horsens vs Aarhus Fremad,btk54zcps9pizk65pevt2pzis,1_Division,DNK,2025-07-19,Horsens,Aarhus Fremad
ballPossession,52.3,47.7,NaN,15,31-45,41.2,58.8,NaN,Horsens vs Aarhus Fremad,btk54zcps9pizk65pevt2pzis,1_Division,DNK,2025-07-19,Horsens,Aarhus Fremad
ballPossession,52.3,47.7,NaN,15,46-60,49.7,50.3,NaN,Horsens vs Aarhus Fremad,btk54zcps9pizk65pevt2pzis,1_Division,DNK,2025-07-19,Horsens,Aarhus Fremad
ballPossession,52.3,47.7,NaN,15,61-75,57.4,42.6,NaN,Horsens vs Aarhus Fremad,btk54zcps9pizk65pevt2pzis,1_Division,DNK,2025-07-19,Horsens,Aarhus Fremad
ballPossession,52.3,47.7,NaN,15,76-90,66.9,33.1,NaN,Horsens vs Aarhus Fremad,btk54zcps9pizk65pevt2pzis,1_Division,DNK,2025-07-19,Horsens,Aarhus Fremad
ballPossession,52.3,47.7,NaN,45,0-45,47.3,52.7,NaN,Horsens vs Aarhus Fremad,btk54zcps9pizk65pevt2pzis,1_Division,DNK,2025-07-19,Horsens,Aarhus Fremad
ballPossession,52.3,47.7,NaN,45,46-90,57.4,42.6,NaN,Horsens vs Aarhus Fremad,btk54zcps9pizk65pevt2pzis,1_Division,DNK,2025-07-19,Horsens,Aarhus Fremad
territorial,46.2,53.8,NaN,5,0-5,81.6,18.4,NaN,Horsens vs Aarhus Fremad,btk54zcps9pizk65pevt2pzis,1_Division,DNK,2025-07-19,Horsens,Aarhus Fremad
territorial,46.2,53.8,NaN,5,6-10,34.2,65.8,NaN,Horsens vs Aarhus Fremad,btk54zcps9pizk65pevt2pzis,1_Division,DNK,2025-07-19,Horsens,Aarhus Fremad
territorial,46.2,53.8,NaN,5,11-15,44.9,55.1,NaN,Horsens vs Aarhus Fremad,btk54zcps9pizk65pevt2pzis,1_Division,DNK,2025-07-19,Horsens,Aarhus Fremad
territorial,46.2,53.8,NaN,5,16-20,84.6,15.4,NaN,Horsens vs Aarhus Fremad,btk54zcps9pizk65pevt2pzis,1_Division,DNK,2025-07-19,Horsens,Aarhus Fremad
territorial,46.2,53.8,NaN,5,21-25,54.2,45.8,NaN,Horsens vs Aarhus Fremad,btk54zcps9pizk65pevt2pzis,1_Division,DNK,2025-07-19,Horsens,Aarhus Fremad
territorial,46.2,53.8,NaN,5,26-30,51.0,49.0,NaN,Horsens vs Aarhus Fremad,btk54zcps9pizk65pevt2pzis,1_Division,DNK,2025-07-19,Horsens,Aarhus Fremad
territorial,46.2,53.8,NaN,5,31-35,46.3,53.7,NaN,Horsens vs Aarhus Fremad,btk54zcps9pizk65pevt2pzis,1_Division,DNK,2025-07-19,Horsens,Aarhus Fremad
territorial,46.2,53.8,NaN,5,36-40,50.0,50.0,NaN,Horsens vs Aarhus Fremad,btk54zcps9pizk65pevt2pzis,1_Division,DNK,2025-07-19,Horsens,Aarhus Fremad
territorial,46.2,53.8,NaN,5,41-45,51.4,48.6,NaN,Horsens vs Aarhus Fremad,btk54zcps9pizk65pevt2pzis,1_Division,DNK,2025-07-19,Horsens,Aarhus Fremad
territorial,46.2,53.8,NaN,5,46-50,46.4,53.6,NaN,Horsens vs Aarhus Fremad,btk54zcps9pizk65pevt2pzis,1_Division,DNK,2025-07-19,Horsens,Aarhus Fremad
territorial,46.2,53.8,NaN,5,51-55,52.1,47.9,NaN,Horsens vs Aarhus Fremad,btk54zcps9pizk65pevt2pzis,1_Division,DNK,2025-07-19,Horsens,Aarhus Fremad
territorial,46.2,53.8,NaN,5,56-60,26.9,73.1,NaN,Horsens vs Aarhus Fremad,btk54zcps9pizk65pevt2pzis,1_Division,DNK,2025-07-19,Horsens,Aarhus Fremad
territorial,46.2,53.8,NaN,5,61-65,31.7,68.3,NaN,Horsens vs Aarhus Fremad,btk54zcps9pizk65pevt2pzis,1_Division,DNK,2025-07-19,Horsens,Aarhus Fremad
territorial,46.2,53.8,NaN,5,66-70,65.4,34.6,NaN,Horsens vs Aarhus Fremad,btk54zcps9pizk65pevt2pzis,1_Division,DNK,2025-07-19,Horsens,Aarhus Fremad
territorial,46.2,53.8,NaN,5,71-75,38.2,61.8,NaN,Horsens vs Aarhus Fremad,btk54zcps9pizk65pevt2pzis,1_Division,DNK,2025-07-19,Horsens,Aarhus Fremad
territorial,46.2,53.8,NaN,5,76-80,14.8,85.2,NaN,Horsens vs Aarhus Fremad,btk54zcps9pizk65pevt2pzis,1_Division,DNK,2025-07-19,Horsens,Aarhus Fremad
territorial,46.2,53.8,NaN,5,81-85,48.6,51.4,NaN,Horsens vs Aarhus Fremad,btk54zcps9pizk65pevt2pzis,1_Division,DNK,2025-07-19,Horsens,Aarhus Fremad
territorial,46.2,53.8,NaN,5,86-90,41.7,58.3,NaN,Horsens vs Aarhus Fremad,btk54zcps9pizk65pevt2pzis,1_Division,DNK,2025-07-19,Horsens,Aarhus Fremad
territorial,46.2,53.8,NaN,15,0-15,48.3,51.7,NaN,Horsens vs Aarhus Fremad,btk54zcps9pizk65pevt2pzis,1_Division,DNK,2025-07-19,Horsens,Aarhus Fremad
territorial,46.2,53.8,NaN,15,16-30,63.4,36.6,NaN,Horsens vs Aarhus Fremad,btk54zcps9pizk65pevt2pzis,1_Division,DNK,2025-07-19,Horsens,Aarhus Fremad
territorial,46.2,53.8,NaN,15,31-45,49.7,50.3,NaN,Horsens vs Aarhus Fremad,btk54zcps9pizk65pevt2pzis,1_Division,DNK,2025-07-19,Horsens,Aarhus Fremad
territorial,46.2,53.8,NaN,15,46-60,40.4,59.6,NaN,Horsens vs Aarhus Fremad,btk54zcps9pizk65pevt2pzis,1_Division,DNK,2025-07-19,Horsens,Aarhus Fremad
territorial,46.2,53.8,NaN,15,61-75,40.4,59.6,NaN,Horsens vs Aarhus Fremad,btk54zcps9pizk65pevt2pzis,1_Division,DNK,2025-07-19,Horsens,Aarhus Fremad
territorial,46.2,53.8,NaN,15,76-90,38.2,61.8,NaN,Horsens vs Aarhus Fremad,btk54zcps9pizk65pevt2pzis,1_Division,DNK,2025-07-19,Horsens,Aarhus Fremad
territorial,46.2,53.8,NaN,45,0-45,52.5,47.5,NaN,Horsens vs Aarhus Fremad,btk54zcps9pizk65pevt2pzis,1_Division,DNK,2025-07-19,Horsens,Aarhus Fremad
territorial,46.2,53.8,NaN,45,46-90,39.7,60.3,NaN,Horsens vs Aarhus Fremad,btk54zcps9pizk65pevt2pzis,1_Division,DNK,2025-07-19,Horsens,Aarhus Fremad
territorialThird,28.5,23.3,48.2,5,0-5,7.9,39.5,52.6,Horsens vs Aarhus Fremad,btk54zcps9pizk65pevt2pzis,1_Division,DNK,2025-07-19,Horsens,Aarhus Fremad
territorialThird,28.5,23.3,48.2,5,6-10,47.9,20.5,31.6,Horsens vs Aarhus Fremad,btk54zcps9pizk65pevt2pzis,1_Division,DNK,2025-07-19,Horsens,Aarhus Fremad
territorialThird,28.5,23.3,48.2,5,11-15,24.6,21.7,53.7,Horsens vs Aarhus Fremad,btk54zcps9pizk65pevt2pzis,1_Division,DNK,2025-07-19,Horsens,Aarhus Fremad
territorialThird,28.5,23.3,48.2,5,16-20,0.0,59.0,41.0,Horsens vs Aarhus Fremad,btk54zcps9pizk65pevt2pzis,1_Division,DNK,2025-07-19,Horsens,Aarhus Fremad
territorialThird,28.5,23.3,48.2,5,21-25,25.0,33.3,41.7,Horsens vs Aarhus Fremad,btk54zcps9pizk65pevt2pzis,1_Division,DNK,2025-07-19,Horsens,Aarhus Fremad
territorialThird,28.5,23.3,48.2,5,26-30,20.4,16.3,63.3,Horsens vs Aarhus Fremad,btk54zcps9pizk65pevt2pzis,1_Division,DNK,2025-07-19,Horsens,Aarhus Fremad
territorialThird,28.5,23.3,48.2,5,31-35,41.5,22.0,36.5,Horsens vs Aarhus Fremad,btk54zcps9pizk65pevt2pzis,1_Division,DNK,2025-07-19,Horsens,Aarhus Fremad
territorialThird,28.5,23.3,48.2,5,36-40,30.8,23.1,46.1,Horsens vs Aarhus Fremad,btk54zcps9pizk65pevt2pzis,1_Division,DNK,2025-07-19,Horsens,Aarhus Fremad
territorialThird,28.5,23.3,48.2,5,41-45,20.8,26.4,52.8,Horsens vs Aarhus Fremad,btk54zcps9pizk65pevt2pzis,1_Division,DNK,2025-07-19,Horsens,Aarhus Fremad
territorialThird,28.5,23.3,48.2,5,46-50,33.9,26.8,39.3,Horsens vs Aarhus Fremad,btk54zcps9pizk65pevt2pzis,1_Division,DNK,2025-07-19,Horsens,Aarhus Fremad
territorialThird,28.5,23.3,48.2,5,51-55,20.8,16.7,62.5,Horsens vs Aarhus Fremad,btk54zcps9pizk65pevt2pzis,1_Division,DNK,2025-07-19,Horsens,Aarhus Fremad
territorialThird,28.5,23.3,48.2,5,56-60,31.3,10.4,58.3,Horsens vs Aarhus Fremad,btk54zcps9pizk65pevt2pzis,1_Division,DNK,2025-07-19,Horsens,Aarhus Fremad
territorialThird,28.5,23.3,48.2,5,61-65,40.0,11.7,48.3,Horsens vs Aarhus Fremad,btk54zcps9pizk65pevt2pzis,1_Division,DNK,2025-07-19,Horsens,Aarhus Fremad
territorialThird,28.5,23.3,48.2,5,66-70,23.1,46.2,30.7,Horsens vs Aarhus Fremad,btk54zcps9pizk65pevt2pzis,1_Division,DNK,2025-07-19,Horsens,Aarhus Fremad
territorialThird,28.5,23.3,48.2,5,71-75,20.0,25.5,54.5,Horsens vs Aarhus Fremad,btk54zcps9pizk65pevt2pzis,1_Division,DNK,2025-07-19,Horsens,Aarhus Fremad
territorialThird,28.5,23.3,48.2,5,76-80,66.7,7.4,25.9,Horsens vs Aarhus Fremad,btk54zcps9pizk65pevt2pzis,1_Division,DNK,2025-07-19,Horsens,Aarhus Fremad
territorialThird,28.5,23.3,48.2,5,81-85,8.1,18.9,73.0,Horsens vs Aarhus Fremad,btk54zcps9pizk65pevt2pzis,1_Division,DNK,2025-07-19,Horsens,Aarhus Fremad
territorialThird,28.5,23.3,48.2,5,86-90,37.5,20.8,41.7,Horsens vs Aarhus Fremad,btk54zcps9pizk65pevt2pzis,1_Division,DNK,2025-07-19,Horsens,Aarhus Fremad
territorialThird,28.5,23.3,48.2,15,0-15,30.6,25.0,44.4,Horsens vs Aarhus Fremad,btk54zcps9pizk65pevt2pzis,1_Division,DNK,2025-07-19,Horsens,Aarhus Fremad
territorialThird,28.5,23.3,48.2,15,16-30,14.3,34.8,50.9,Horsens vs Aarhus Fremad,btk54zcps9pizk65pevt2pzis,1_Division,DNK,2025-07-19,Horsens,Aarhus Fremad
territorialThird,28.5,23.3,48.2,15,31-45,29.1,24.2,46.7,Horsens vs Aarhus Fremad,btk54zcps9pizk65pevt2pzis,1_Division,DNK,2025-07-19,Horsens,Aarhus Fremad
territorialThird,28.5,23.3,48.2,15,46-60,29.2,17.5,53.3,Horsens vs Aarhus Fremad,btk54zcps9pizk65pevt2pzis,1_Division,DNK,2025-07-19,Horsens,Aarhus Fremad
territorialThird,28.5,23.3,48.2,15,61-75,29.1,23.4,47.5,Horsens vs Aarhus Fremad,btk54zcps9pizk65pevt2pzis,1_Division,DNK,2025-07-19,Horsens,Aarhus Fremad
territorialThird,28.5,23.3,48.2,15,76-90,35.3,17.6,47.1,Horsens vs Aarhus Fremad,btk54zcps9pizk65pevt2pzis,1_Division,DNK,2025-07-19,Horsens,Aarhus Fremad
territorialThird,28.5,23.3,48.2,45,0-45,26.0,27.1,46.9,Horsens vs Aarhus Fremad,btk54zcps9pizk65pevt2pzis,1_Division,DNK,2025-07-19,Horsens,Aarhus Fremad
territorialThird,28.5,23.3,48.2,45,46-90,31.0,19.4,49.6,Horsens vs Aarhus Fremad,btk54zcps9pizk65pevt2pzis,1_Division,DNK,2025-07-19,Horsens,Aarhus Fremad
ballPossession,52.7,47.3,NaN,5,0-5,65.6,34.4,NaN,Hvidovre vs B 93,bsnoje72zc76mcdjiutfqzthw,1_Division,DNK,2025-07-18,Hvidovre,B 93
ballPossession,52.7,47.3,NaN,5,6-10,64.2,35.8,NaN,Hvidovre vs B 93,bsnoje72zc76mcdjiutfqzthw,1_Division,DNK,2025-07-18,Hvidovre,B 93
ballPossession,52.7,47.3,NaN,5,11-15,50.9,49.1,NaN,Hvidovre vs B 93,bsnoje72zc76mcdjiutfqzthw,1_Division,DNK,2025-07-18,Hvidovre,B 93
ballPossession,52.7,47.3,NaN,5,16-20,60.5,39.5,NaN,Hvidovre vs B 93,bsnoje72zc76mcdjiutfqzthw,1_Division,DNK,2025-07-18,Hvidovre,B 93
ballPossession,52.7,47.3,NaN,5,21-25,55.4,44.6,NaN,Hvidovre vs B 93,bsnoje72zc76mcdjiutfqzthw,1_Division,DNK,2025-07-18,Hvidovre,B 93
ballPossession,52.7,47.3,NaN,5,26-30,42.6,57.4,NaN,Hvidovre vs B 93,bsnoje72zc76mcdjiutfqzthw,1_Division,DNK,2025-07-18,Hvidovre,B 93
ballPossession,52.7,47.3,NaN,5,31-35,28.9,71.1,NaN,Hvidovre vs B 93,bsnoje72zc76mcdjiutfqzthw,1_Division,DNK,2025-07-18,Hvidovre,B 93
ballPossession,52.7,47.3,NaN,5,36-40,53.6,46.4,NaN,Hvidovre vs B 93,bsnoje72zc76mcdjiutfqzthw,1_Division,DNK,2025-07-18,Hvidovre,B 93
ballPossession,52.7,47.3,NaN,5,41-45,39.5,60.5,NaN,Hvidovre vs B 93,bsnoje72zc76mcdjiutfqzthw,1_Division,DNK,2025-07-18,Hvidovre,B 93
ballPossession,52.7,47.3,NaN,5,46-50,53.3,46.7,NaN,Hvidovre vs B 93,bsnoje72zc76mcdjiutfqzthw,1_Division,DNK,2025-07-18,Hvidovre,B 93
ballPossession,52.7,47.3,NaN,5,51-55,37.5,62.5,NaN,Hvidovre vs B 93,bsnoje72zc76mcdjiutfqzthw,1_Division,DNK,2025-07-18,Hvidovre,B 93
ballPossession,52.7,47.3,NaN,5,56-60,30.4,69.6,NaN,Hvidovre vs B 93,bsnoje72zc76mcdjiutfqzthw,1_Division,DNK,2025-07-18,Hvidovre,B 93
ballPossession,52.7,47.3,NaN,5,61-65,41.5,58.5,NaN,Hvidovre vs B 93,bsnoje72zc76mcdjiutfqzthw,1_Division,DNK,2025-07-18,Hvidovre,B 93
ballPossession,52.7,47.3,NaN,5,66-70,70.6,29.4,NaN,Hvidovre vs B 93,bsnoje72zc76mcdjiutfqzthw,1_Division,DNK,2025-07-18,Hvidovre,B 93
ballPossession,52.7,47.3,NaN,5,71-75,72.1,27.9,NaN,Hvidovre vs B 93,bsnoje72zc76mcdjiutfqzthw,1_Division,DNK,2025-07-18,Hvidovre,B 93
ballPossession,52.7,47.3,NaN,5,76-80,71.8,28.2,NaN,Hvidovre vs B 93,bsnoje72zc76mcdjiutfqzthw,1_Division,DNK,2025-07-18,Hvidovre,B 93
ballPossession,52.7,47.3,NaN,5,81-85,54.5,45.5,NaN,Hvidovre vs B 93,bsnoje72zc76mcdjiutfqzthw,1_Division,DNK,2025-07-18,Hvidovre,B 93
ballPossession,52.7,47.3,NaN,5,86-90,47.3,52.7,NaN,Hvidovre vs B 93,bsnoje72zc76mcdjiutfqzthw,1_Division,DNK,2025-07-18,Hvidovre,B 93
ballPossession,52.7,47.3,NaN,15,0-15,60.9,39.1,NaN,Hvidovre vs B 93,bsnoje72zc76mcdjiutfqzthw,1_Division,DNK,2025-07-18,Hvidovre,B 93
ballPossession,52.7,47.3,NaN,15,16-30,52.7,47.3,NaN,Hvidovre vs B 93,bsnoje72zc76mcdjiutfqzthw,1_Division,DNK,2025-07-18,Hvidovre,B 93
ballPossession,52.7,47.3,NaN,15,31-45,41.8,58.2,NaN,Hvidovre vs B 93,bsnoje72zc76mcdjiutfqzthw,1_Division,DNK,2025-07-18,Hvidovre,B 93
ballPossession,52.7,47.3,NaN,15,46-60,44.0,56.0,NaN,Hvidovre vs B 93,bsnoje72zc76mcdjiutfqzthw,1_Division,DNK,2025-07-18,Hvidovre,B 93
ballPossession,52.7,47.3,NaN,15,61-75,59.4,40.6,NaN,Hvidovre vs B 93,bsnoje72zc76mcdjiutfqzthw,1_Division,DNK,2025-07-18,Hvidovre,B 93
ballPossession,52.7,47.3,NaN,15,76-90,55.4,44.6,NaN,Hvidovre vs B 93,bsnoje72zc76mcdjiutfqzthw,1_Division,DNK,2025-07-18,Hvidovre,B 93
ballPossession,52.7,47.3,NaN,45,0-45,52.0,48.0,NaN,Hvidovre vs B 93,bsnoje72zc76mcdjiutfqzthw,1_Division,DNK,2025-07-18,Hvidovre,B 93
ballPossession,52.7,47.3,NaN,45,46-90,53.8,46.2,NaN,Hvidovre vs B 93,bsnoje72zc76mcdjiutfqzthw,1_Division,DNK,2025-07-18,Hvidovre,B 93
territorial,49.4,50.6,NaN,5,0-5,35.9,64.1,NaN,Hvidovre vs B 93,bsnoje72zc76mcdjiutfqzthw,1_Division,DNK,2025-07-18,Hvidovre,B 93
territorial,49.4,50.6,NaN,5,6-10,49.3,50.7,NaN,Hvidovre vs B 93,bsnoje72zc76mcdjiutfqzthw,1_Division,DNK,2025-07-18,Hvidovre,B 93
territorial,49.4,50.6,NaN,5,11-15,30.2,69.8,NaN,Hvidovre vs B 93,bsnoje72zc76mcdjiutfqzthw,1_Division,DNK,2025-07-18,Hvidovre,B 93
territorial,49.4,50.6,NaN,5,16-20,48.8,51.2,NaN,Hvidovre vs B 93,bsnoje72zc76mcdjiutfqzthw,1_Division,DNK,2025-07-18,Hvidovre,B 93
territorial,49.4,50.6,NaN,5,21-25,66.1,33.9,NaN,Hvidovre vs B 93,bsnoje72zc76mcdjiutfqzthw,1_Division,DNK,2025-07-18,Hvidovre,B 93
territorial,49.4,50.6,NaN,5,26-30,42.6,57.4,NaN,Hvidovre vs B 93,bsnoje72zc76mcdjiutfqzthw,1_Division,DNK,2025-07-18,Hvidovre,B 93
territorial,49.4,50.6,NaN,5,31-35,78.9,21.1,NaN,Hvidovre vs B 93,bsnoje72zc76mcdjiutfqzthw,1_Division,DNK,2025-07-18,Hvidovre,B 93
territorial,49.4,50.6,NaN,5,36-40,46.4,53.6,NaN,Hvidovre vs B 93,bsnoje72zc76mcdjiutfqzthw,1_Division,DNK,2025-07-18,Hvidovre,B 93
territorial,49.4,50.6,NaN,5,41-45,57.9,42.1,NaN,Hvidovre vs B 93,bsnoje72zc76mcdjiutfqzthw,1_Division,DNK,2025-07-18,Hvidovre,B 93
territorial,49.4,50.6,NaN,5,46-50,64.4,35.6,NaN,Hvidovre vs B 93,bsnoje72zc76mcdjiutfqzthw,1_Division,DNK,2025-07-18,Hvidovre,B 93
territorial,49.4,50.6,NaN,5,51-55,50.0,50.0,NaN,Hvidovre vs B 93,bsnoje72zc76mcdjiutfqzthw,1_Division,DNK,2025-07-18,Hvidovre,B 93
territorial,49.4,50.6,NaN,5,56-60,60.9,39.1,NaN,Hvidovre vs B 93,bsnoje72zc76mcdjiutfqzthw,1_Division,DNK,2025-07-18,Hvidovre,B 93
territorial,49.4,50.6,NaN,5,61-65,39.0,61.0,NaN,Hvidovre vs B 93,bsnoje72zc76mcdjiutfqzthw,1_Division,DNK,2025-07-18,Hvidovre,B 93
territorial,49.4,50.6,NaN,5,66-70,76.5,23.5,NaN,Hvidovre vs B 93,bsnoje72zc76mcdjiutfqzthw,1_Division,DNK,2025-07-18,Hvidovre,B 93
territorial,49.4,50.6,NaN,5,71-75,51.2,48.8,NaN,Hvidovre vs B 93,bsnoje72zc76mcdjiutfqzthw,1_Division,DNK,2025-07-18,Hvidovre,B 93
territorial,49.4,50.6,NaN,5,76-80,38.5,61.5,NaN,Hvidovre vs B 93,bsnoje72zc76mcdjiutfqzthw,1_Division,DNK,2025-07-18,Hvidovre,B 93
territorial,49.4,50.6,NaN,5,81-85,31.8,68.2,NaN,Hvidovre vs B 93,bsnoje72zc76mcdjiutfqzthw,1_Division,DNK,2025-07-18,Hvidovre,B 93
territorial,49.4,50.6,NaN,5,86-90,47.3,52.7,NaN,Hvidovre vs B 93,bsnoje72zc76mcdjiutfqzthw,1_Division,DNK,2025-07-18,Hvidovre,B 93
territorial,49.4,50.6,NaN,15,0-15,39.1,60.9,NaN,Hvidovre vs B 93,bsnoje72zc76mcdjiutfqzthw,1_Division,DNK,2025-07-18,Hvidovre,B 93
territorial,49.4,50.6,NaN,15,16-30,53.4,46.6,NaN,Hvidovre vs B 93,bsnoje72zc76mcdjiutfqzthw,1_Division,DNK,2025-07-18,Hvidovre,B 93
territorial,49.4,50.6,NaN,15,31-45,58.8,41.2,NaN,Hvidovre vs B 93,bsnoje72zc76mcdjiutfqzthw,1_Division,DNK,2025-07-18,Hvidovre,B 93
territorial,49.4,50.6,NaN,15,46-60,60.7,39.3,NaN,Hvidovre vs B 93,bsnoje72zc76mcdjiutfqzthw,1_Division,DNK,2025-07-18,Hvidovre,B 93
territorial,49.4,50.6,NaN,15,61-75,50.5,49.5,NaN,Hvidovre vs B 93,bsnoje72zc76mcdjiutfqzthw,1_Division,DNK,2025-07-18,Hvidovre,B 93
territorial,49.4,50.6,NaN,15,76-90,40.8,59.2,NaN,Hvidovre vs B 93,bsnoje72zc76mcdjiutfqzthw,1_Division,DNK,2025-07-18,Hvidovre,B 93
territorial,49.4,50.6,NaN,45,0-45,50.0,50.0,NaN,Hvidovre vs B 93,bsnoje72zc76mcdjiutfqzthw,1_Division,DNK,2025-07-18,Hvidovre,B 93
territorial,49.4,50.6,NaN,45,46-90,48.5,51.5,NaN,Hvidovre vs B 93,bsnoje72zc76mcdjiutfqzthw,1_Division,DNK,2025-07-18,Hvidovre,B 93
territorialThird,29.5,24.5,46.0,5,0-5,35.9,14.1,50.0,Hvidovre vs B 93,bsnoje72zc76mcdjiutfqzthw,1_Division,DNK,2025-07-18,Hvidovre,B 93
territorialThird,29.5,24.5,46.0,5,6-10,22.4,20.9,56.7,Hvidovre vs B 93,bsnoje72zc76mcdjiutfqzthw,1_Division,DNK,2025-07-18,Hvidovre,B 93
territorialThird,29.5,24.5,46.0,5,11-15,50.9,13.2,35.9,Hvidovre vs B 93,bsnoje72zc76mcdjiutfqzthw,1_Division,DNK,2025-07-18,Hvidovre,B 93
territorialThird,29.5,24.5,46.0,5,16-20,14.0,7.0,79.0,Hvidovre vs B 93,bsnoje72zc76mcdjiutfqzthw,1_Division,DNK,2025-07-18,Hvidovre,B 93
territorialThird,29.5,24.5,46.0,5,21-25,23.2,33.9,42.9,Hvidovre vs B 93,bsnoje72zc76mcdjiutfqzthw,1_Division,DNK,2025-07-18,Hvidovre,B 93
territorialThird,29.5,24.5,46.0,5,26-30,29.8,31.9,38.3,Hvidovre vs B 93,bsnoje72zc76mcdjiutfqzthw,1_Division,DNK,2025-07-18,Hvidovre,B 93
territorialThird,29.5,24.5,46.0,5,31-35,10.5,50.0,39.5,Hvidovre vs B 93,bsnoje72zc76mcdjiutfqzthw,1_Division,DNK,2025-07-18,Hvidovre,B 93
territorialThird,29.5,24.5,46.0,5,36-40,42.9,25.0,32.1,Hvidovre vs B 93,bsnoje72zc76mcdjiutfqzthw,1_Division,DNK,2025-07-18,Hvidovre,B 93
territorialThird,29.5,24.5,46.0,5,41-45,22.4,25.0,52.6,Hvidovre vs B 93,bsnoje72zc76mcdjiutfqzthw,1_Division,DNK,2025-07-18,Hvidovre,B 93
territorialThird,29.5,24.5,46.0,5,46-50,17.8,31.1,51.1,Hvidovre vs B 93,bsnoje72zc76mcdjiutfqzthw,1_Division,DNK,2025-07-18,Hvidovre,B 93
territorialThird,29.5,24.5,46.0,5,51-55,37.5,37.5,25.0,Hvidovre vs B 93,bsnoje72zc76mcdjiutfqzthw,1_Division,DNK,2025-07-18,Hvidovre,B 93
territorialThird,29.5,24.5,46.0,5,56-60,21.7,47.8,30.5,Hvidovre vs B 93,bsnoje72zc76mcdjiutfqzthw,1_Division,DNK,2025-07-18,Hvidovre,B 93
territorialThird,29.5,24.5,46.0,5,61-65,43.9,19.5,36.6,Hvidovre vs B 93,bsnoje72zc76mcdjiutfqzthw,1_Division,DNK,2025-07-18,Hvidovre,B 93
territorialThird,29.5,24.5,46.0,5,66-70,0.0,64.7,35.3,Hvidovre vs B 93,bsnoje72zc76mcdjiutfqzthw,1_Division,DNK,2025-07-18,Hvidovre,B 93
territorialThird,29.5,24.5,46.0,5,71-75,25.6,16.3,58.1,Hvidovre vs B 93,bsnoje72zc76mcdjiutfqzthw,1_Division,DNK,2025-07-18,Hvidovre,B 93
territorialThird,29.5,24.5,46.0,5,76-80,23.1,17.9,59.0,Hvidovre vs B 93,bsnoje72zc76mcdjiutfqzthw,1_Division,DNK,2025-07-18,Hvidovre,B 93
territorialThird,29.5,24.5,46.0,5,81-85,54.5,15.9,29.6,Hvidovre vs B 93,bsnoje72zc76mcdjiutfqzthw,1_Division,DNK,2025-07-18,Hvidovre,B 93
territorialThird,29.5,24.5,46.0,5,86-90,32.4,21.6,46.0,Hvidovre vs B 93,bsnoje72zc76mcdjiutfqzthw,1_Division,DNK,2025-07-18,Hvidovre,B 93
territorialThird,29.5,24.5,46.0,15,0-15,35.3,16.3,48.4,Hvidovre vs B 93,bsnoje72zc76mcdjiutfqzthw,1_Division,DNK,2025-07-18,Hvidovre,B 93
territorialThird,29.5,24.5,46.0,15,16-30,22.6,25.3,52.1,Hvidovre vs B 93,bsnoje72zc76mcdjiutfqzthw,1_Division,DNK,2025-07-18,Hvidovre,B 93
territorialThird,29.5,24.5,46.0,15,31-45,26.5,30.6,42.9,Hvidovre vs B 93,bsnoje72zc76mcdjiutfqzthw,1_Division,DNK,2025-07-18,Hvidovre,B 93
territorialThird,29.5,24.5,46.0,15,46-60,22.6,36.9,40.5,Hvidovre vs B 93,bsnoje72zc76mcdjiutfqzthw,1_Division,DNK,2025-07-18,Hvidovre,B 93
territorialThird,29.5,24.5,46.0,15,61-75,28.7,25.7,45.6,Hvidovre vs B 93,bsnoje72zc76mcdjiutfqzthw,1_Division,DNK,2025-07-18,Hvidovre,B 93
territorialThird,29.5,24.5,46.0,15,76-90,36.3,19.1,44.6,Hvidovre vs B 93,bsnoje72zc76mcdjiutfqzthw,1_Division,DNK,2025-07-18,Hvidovre,B 93
territorialThird,29.5,24.5,46.0,45,0-45,28.6,23.8,47.6,Hvidovre vs B 93,bsnoje72zc76mcdjiutfqzthw,1_Division,DNK,2025-07-18,Hvidovre,B 93
territorialThird,29.5,24.5,46.0,45,46-90,30.7,25.4,43.9,Hvidovre vs B 93,bsnoje72zc76mcdjiutfqzthw,1_Division,DNK,2025-07-18,Hvidovre,B 93
ballPossession,64.9,35.1,NaN,5,0-5,33.3,66.7,NaN,Kolding vs AaB,bs7i18mhro0d46fg5m0727rpw,1_Division,DNK,2025-07-19,Kolding,AaB
ballPossession,64.9,35.1,NaN,5,6-10,64.2,35.8,NaN,Kolding vs AaB,bs7i18mhro0d46fg5m0727rpw,1_Division,DNK,2025-07-19,Kolding,AaB
ballPossession,64.9,35.1,NaN,5,11-15,73.6,26.4,NaN,Kolding vs AaB,bs7i18mhro0d46fg5m0727rpw,1_Division,DNK,2025-07-19,Kolding,AaB
ballPossession,64.9,35.1,NaN,5,16-20,50.0,50.0,NaN,Kolding vs AaB,bs7i18mhro0d46fg5m0727rpw,1_Division,DNK,2025-07-19,Kolding,AaB
ballPossession,64.9,35.1,NaN,5,21-25,84.9,15.1,NaN,Kolding vs AaB,bs7i18mhro0d46fg5m0727rpw,1_Division,DNK,2025-07-19,Kolding,AaB
ballPossession,64.9,35.1,NaN,5,26-30,50.0,50.0,NaN,Kolding vs AaB,bs7i18mhro0d46fg5m0727rpw,1_Division,DNK,2025-07-19,Kolding,AaB
ballPossession,64.9,35.1,NaN,5,31-35,79.7,20.3,NaN,Kolding vs AaB,bs7i18mhro0d46fg5m0727rpw,1_Division,DNK,2025-07-19,Kolding,AaB
ballPossession,64.9,35.1,NaN,5,36-40,31.8,68.2,NaN,Kolding vs AaB,bs7i18mhro0d46fg5m0727rpw,1_Division,DNK,2025-07-19,Kolding,AaB
ballPossession,64.9,35.1,NaN,5,41-45,47.8,52.2,NaN,Kolding vs AaB,bs7i18mhro0d46fg5m0727rpw,1_Division,DNK,2025-07-19,Kolding,AaB
ballPossession,64.9,35.1,NaN,5,46-50,81.5,18.5,NaN,Kolding vs AaB,bs7i18mhro0d46fg5m0727rpw,1_Division,DNK,2025-07-19,Kolding,AaB
ballPossession,64.9,35.1,NaN,5,51-55,66.7,33.3,NaN,Kolding vs AaB,bs7i18mhro0d46fg5m0727rpw,1_Division,DNK,2025-07-19,Kolding,AaB
ballPossession,64.9,35.1,NaN,5,56-60,67.2,32.8,NaN,Kolding vs AaB,bs7i18mhro0d46fg5m0727rpw,1_Division,DNK,2025-07-19,Kolding,AaB
ballPossession,64.9,35.1,NaN,5,61-65,31.0,69.0,NaN,Kolding vs AaB,bs7i18mhro0d46fg5m0727rpw,1_Division,DNK,2025-07-19,Kolding,AaB
ballPossession,64.9,35.1,NaN,5,66-70,79.4,20.6,NaN,Kolding vs AaB,bs7i18mhro0d46fg5m0727rpw,1_Division,DNK,2025-07-19,Kolding,AaB
ballPossession,64.9,35.1,NaN,5,71-75,79.3,20.7,NaN,Kolding vs AaB,bs7i18mhro0d46fg5m0727rpw,1_Division,DNK,2025-07-19,Kolding,AaB
ballPossession,64.9,35.1,NaN,5,76-80,76.3,23.7,NaN,Kolding vs AaB,bs7i18mhro0d46fg5m0727rpw,1_Division,DNK,2025-07-19,Kolding,AaB
ballPossession,64.9,35.1,NaN,5,81-85,88.3,11.7,NaN,Kolding vs AaB,bs7i18mhro0d46fg5m0727rpw,1_Division,DNK,2025-07-19,Kolding,AaB
ballPossession,64.9,35.1,NaN,5,86-90,75.9,24.1,NaN,Kolding vs AaB,bs7i18mhro0d46fg5m0727rpw,1_Division,DNK,2025-07-19,Kolding,AaB
ballPossession,64.9,35.1,NaN,15,0-15,56.3,43.7,NaN,Kolding vs AaB,bs7i18mhro0d46fg5m0727rpw,1_Division,DNK,2025-07-19,Kolding,AaB
ballPossession,64.9,35.1,NaN,15,16-30,61.8,38.2,NaN,Kolding vs AaB,bs7i18mhro0d46fg5m0727rpw,1_Division,DNK,2025-07-19,Kolding,AaB
ballPossession,64.9,35.1,NaN,15,31-45,52.0,48.0,NaN,Kolding vs AaB,bs7i18mhro0d46fg5m0727rpw,1_Division,DNK,2025-07-19,Kolding,AaB
ballPossession,64.9,35.1,NaN,15,46-60,73.4,26.6,NaN,Kolding vs AaB,bs7i18mhro0d46fg5m0727rpw,1_Division,DNK,2025-07-19,Kolding,AaB
ballPossession,64.9,35.1,NaN,15,61-75,67.8,32.2,NaN,Kolding vs AaB,bs7i18mhro0d46fg5m0727rpw,1_Division,DNK,2025-07-19,Kolding,AaB
ballPossession,64.9,35.1,NaN,15,76-90,80.1,19.9,NaN,Kolding vs AaB,bs7i18mhro0d46fg5m0727rpw,1_Division,DNK,2025-07-19,Kolding,AaB
ballPossession,64.9,35.1,NaN,45,0-45,56.3,43.7,NaN,Kolding vs AaB,bs7i18mhro0d46fg5m0727rpw,1_Division,DNK,2025-07-19,Kolding,AaB
ballPossession,64.9,35.1,NaN,45,46-90,74.5,25.5,NaN,Kolding vs AaB,bs7i18mhro0d46fg5m0727rpw,1_Division,DNK,2025-07-19,Kolding,AaB
territorial,58.6,41.4,NaN,5,0-5,25.4,74.6,NaN,Kolding vs AaB,bs7i18mhro0d46fg5m0727rpw,1_Division,DNK,2025-07-19,Kolding,AaB
territorial,58.6,41.4,NaN,5,6-10,38.8,61.2,NaN,Kolding vs AaB,bs7i18mhro0d46fg5m0727rpw,1_Division,DNK,2025-07-19,Kolding,AaB
territorial,58.6,41.4,NaN,5,11-15,39.6,60.4,NaN,Kolding vs AaB,bs7i18mhro0d46fg5m0727rpw,1_Division,DNK,2025-07-19,Kolding,AaB
territorial,58.6,41.4,NaN,5,16-20,50.0,50.0,NaN,Kolding vs AaB,bs7i18mhro0d46fg5m0727rpw,1_Division,DNK,2025-07-19,Kolding,AaB
territorial,58.6,41.4,NaN,5,21-25,52.8,47.2,NaN,Kolding vs AaB,bs7i18mhro0d46fg5m0727rpw,1_Division,DNK,2025-07-19,Kolding,AaB
territorial,58.6,41.4,NaN,5,26-30,50.0,50.0,NaN,Kolding vs AaB,bs7i18mhro0d46fg5m0727rpw,1_Division,DNK,2025-07-19,Kolding,AaB
territorial,58.6,41.4,NaN,5,31-35,76.8,23.2,NaN,Kolding vs AaB,bs7i18mhro0d46fg5m0727rpw,1_Division,DNK,2025-07-19,Kolding,AaB
territorial,58.6,41.4,NaN,5,36-40,71.8,28.2,NaN,Kolding vs AaB,bs7i18mhro0d46fg5m0727rpw,1_Division,DNK,2025-07-19,Kolding,AaB
territorial,58.6,41.4,NaN,5,41-45,54.3,45.7,NaN,Kolding vs AaB,bs7i18mhro0d46fg5m0727rpw,1_Division,DNK,2025-07-19,Kolding,AaB
territorial,58.6,41.4,NaN,5,46-50,59.3,40.7,NaN,Kolding vs AaB,bs7i18mhro0d46fg5m0727rpw,1_Division,DNK,2025-07-19,Kolding,AaB
territorial,58.6,41.4,NaN,5,51-55,66.7,33.3,NaN,Kolding vs AaB,bs7i18mhro0d46fg5m0727rpw,1_Division,DNK,2025-07-19,Kolding,AaB
territorial,58.6,41.4,NaN,5,56-60,70.5,29.5,NaN,Kolding vs AaB,bs7i18mhro0d46fg5m0727rpw,1_Division,DNK,2025-07-19,Kolding,AaB
territorial,58.6,41.4,NaN,5,61-65,55.2,44.8,NaN,Kolding vs AaB,bs7i18mhro0d46fg5m0727rpw,1_Division,DNK,2025-07-19,Kolding,AaB
territorial,58.6,41.4,NaN,5,66-70,66.7,33.3,NaN,Kolding vs AaB,bs7i18mhro0d46fg5m0727rpw,1_Division,DNK,2025-07-19,Kolding,AaB
territorial,58.6,41.4,NaN,5,71-75,55.2,44.8,NaN,Kolding vs AaB,bs7i18mhro0d46fg5m0727rpw,1_Division,DNK,2025-07-19,Kolding,AaB
territorial,58.6,41.4,NaN,5,76-80,71.1,28.9,NaN,Kolding vs AaB,bs7i18mhro0d46fg5m0727rpw,1_Division,DNK,2025-07-19,Kolding,AaB
territorial,58.6,41.4,NaN,5,81-85,76.7,23.3,NaN,Kolding vs AaB,bs7i18mhro0d46fg5m0727rpw,1_Division,DNK,2025-07-19,Kolding,AaB
territorial,58.6,41.4,NaN,5,86-90,63.9,36.1,NaN,Kolding vs AaB,bs7i18mhro0d46fg5m0727rpw,1_Division,DNK,2025-07-19,Kolding,AaB
territorial,58.6,41.4,NaN,15,0-15,34.4,65.6,NaN,Kolding vs AaB,bs7i18mhro0d46fg5m0727rpw,1_Division,DNK,2025-07-19,Kolding,AaB
territorial,58.6,41.4,NaN,15,16-30,51.0,49.0,NaN,Kolding vs AaB,bs7i18mhro0d46fg5m0727rpw,1_Division,DNK,2025-07-19,Kolding,AaB
territorial,58.6,41.4,NaN,15,31-45,69.5,30.5,NaN,Kolding vs AaB,bs7i18mhro0d46fg5m0727rpw,1_Division,DNK,2025-07-19,Kolding,AaB
territorial,58.6,41.4,NaN,15,46-60,64.7,35.3,NaN,Kolding vs AaB,bs7i18mhro0d46fg5m0727rpw,1_Division,DNK,2025-07-19,Kolding,AaB
territorial,58.6,41.4,NaN,15,61-75,61.2,38.8,NaN,Kolding vs AaB,bs7i18mhro0d46fg5m0727rpw,1_Division,DNK,2025-07-19,Kolding,AaB
territorial,58.6,41.4,NaN,15,76-90,69.6,30.4,NaN,Kolding vs AaB,bs7i18mhro0d46fg5m0727rpw,1_Division,DNK,2025-07-19,Kolding,AaB
territorial,58.6,41.4,NaN,45,0-45,52.2,47.8,NaN,Kolding vs AaB,bs7i18mhro0d46fg5m0727rpw,1_Division,DNK,2025-07-19,Kolding,AaB
territorial,58.6,41.4,NaN,45,46-90,65.6,34.4,NaN,Kolding vs AaB,bs7i18mhro0d46fg5m0727rpw,1_Division,DNK,2025-07-19,Kolding,AaB
territorialThird,20.8,30.2,49.0,5,0-5,49.2,12.7,38.1,Kolding vs AaB,bs7i18mhro0d46fg5m0727rpw,1_Division,DNK,2025-07-19,Kolding,AaB
territorialThird,20.8,30.2,49.0,5,6-10,32.8,16.4,50.8,Kolding vs AaB,bs7i18mhro0d46fg5m0727rpw,1_Division,DNK,2025-07-19,Kolding,AaB
territorialThird,20.8,30.2,49.0,5,11-15,30.2,17.0,52.8,Kolding vs AaB,bs7i18mhro0d46fg5m0727rpw,1_Division,DNK,2025-07-19,Kolding,AaB
territorialThird,20.8,30.2,49.0,5,16-20,26.1,28.3,45.6,Kolding vs AaB,bs7i18mhro0d46fg5m0727rpw,1_Division,DNK,2025-07-19,Kolding,AaB
territorialThird,20.8,30.2,49.0,5,21-25,26.4,30.2,43.4,Kolding vs AaB,bs7i18mhro0d46fg5m0727rpw,1_Division,DNK,2025-07-19,Kolding,AaB
territorialThird,20.8,30.2,49.0,5,26-30,32.8,36.2,31.0,Kolding vs AaB,bs7i18mhro0d46fg5m0727rpw,1_Division,DNK,2025-07-19,Kolding,AaB
territorialThird,20.8,30.2,49.0,5,31-35,8.7,40.6,50.7,Kolding vs AaB,bs7i18mhro0d46fg5m0727rpw,1_Division,DNK,2025-07-19,Kolding,AaB
territorialThird,20.8,30.2,49.0,5,36-40,8.2,36.5,55.3,Kolding vs AaB,bs7i18mhro0d46fg5m0727rpw,1_Division,DNK,2025-07-19,Kolding,AaB
territorialThird,20.8,30.2,49.0,5,41-45,10.9,30.4,58.7,Kolding vs AaB,bs7i18mhro0d46fg5m0727rpw,1_Division,DNK,2025-07-19,Kolding,AaB
territorialThird,20.8,30.2,49.0,5,46-50,13.6,19.8,66.6,Kolding vs AaB,bs7i18mhro0d46fg5m0727rpw,1_Division,DNK,2025-07-19,Kolding,AaB
territorialThird,20.8,30.2,49.0,5,51-55,16.7,42.9,40.4,Kolding vs AaB,bs7i18mhro0d46fg5m0727rpw,1_Division,DNK,2025-07-19,Kolding,AaB
territorialThird,20.8,30.2,49.0,5,56-60,9.8,27.9,62.3,Kolding vs AaB,bs7i18mhro0d46fg5m0727rpw,1_Division,DNK,2025-07-19,Kolding,AaB
territorialThird,20.8,30.2,49.0,5,61-65,24.1,20.7,55.2,Kolding vs AaB,bs7i18mhro0d46fg5m0727rpw,1_Division,DNK,2025-07-19,Kolding,AaB
territorialThird,20.8,30.2,49.0,5,66-70,22.2,27.0,50.8,Kolding vs AaB,bs7i18mhro0d46fg5m0727rpw,1_Division,DNK,2025-07-19,Kolding,AaB
territorialThird,20.8,30.2,49.0,5,71-75,13.8,31.0,55.2,Kolding vs AaB,bs7i18mhro0d46fg5m0727rpw,1_Division,DNK,2025-07-19,Kolding,AaB
territorialThird,20.8,30.2,49.0,5,76-80,10.5,42.1,47.4,Kolding vs AaB,bs7i18mhro0d46fg5m0727rpw,1_Division,DNK,2025-07-19,Kolding,AaB
territorialThird,20.8,30.2,49.0,5,81-85,11.7,43.3,45.0,Kolding vs AaB,bs7i18mhro0d46fg5m0727rpw,1_Division,DNK,2025-07-19,Kolding,AaB
territorialThird,20.8,30.2,49.0,5,86-90,25.3,41.0,33.7,Kolding vs AaB,bs7i18mhro0d46fg5m0727rpw,1_Division,DNK,2025-07-19,Kolding,AaB
territorialThird,20.8,30.2,49.0,15,0-15,37.7,15.3,47.0,Kolding vs AaB,bs7i18mhro0d46fg5m0727rpw,1_Division,DNK,2025-07-19,Kolding,AaB
territorialThird,20.8,30.2,49.0,15,16-30,28.7,31.8,39.5,Kolding vs AaB,bs7i18mhro0d46fg5m0727rpw,1_Division,DNK,2025-07-19,Kolding,AaB
territorialThird,20.8,30.2,49.0,15,31-45,9.0,36.5,54.5,Kolding vs AaB,bs7i18mhro0d46fg5m0727rpw,1_Division,DNK,2025-07-19,Kolding,AaB
territorialThird,20.8,30.2,49.0,15,46-60,13.0,27.7,59.3,Kolding vs AaB,bs7i18mhro0d46fg5m0727rpw,1_Division,DNK,2025-07-19,Kolding,AaB
territorialThird,20.8,30.2,49.0,15,61-75,20.7,26.4,52.9,Kolding vs AaB,bs7i18mhro0d46fg5m0727rpw,1_Division,DNK,2025-07-19,Kolding,AaB
territorialThird,20.8,30.2,49.0,15,76-90,17.7,42.0,40.3,Kolding vs AaB,bs7i18mhro0d46fg5m0727rpw,1_Division,DNK,2025-07-19,Kolding,AaB
territorialThird,20.8,30.2,49.0,45,0-45,24.4,28.0,47.6,Kolding vs AaB,bs7i18mhro0d46fg5m0727rpw,1_Division,DNK,2025-07-19,Kolding,AaB
territorialThird,20.8,30.2,49.0,45,46-90,16.7,32.7,50.6,Kolding vs AaB,bs7i18mhro0d46fg5m0727rpw,1_Division,DNK,2025-07-19,Kolding,AaB
