contestantId,team_name,id,eventId,typeId,periodId,timeMin,timeSec,playerName,playerId,outcome,x,y,timeStamp,lastModified,assist,qualifier,match_id,label,league_name,date,country,9,15,17,18,20,22,23,24,25,26,29,56,60,63,64,72,74,75,76,78,79,80,81,82,84,87,100,102,103,108,121,136,146,147,154,160,214,215,230,231,233,254,280,281,282,321,322,326,327,328,353,374,375,390,458,472,sequenceId,possessionId,keyPass,140,141,318,210,6,107,16,21,73,85,114,120,138,153,275,323,338,395,396,468,19,61,83,113,216,217,391,62,77,133,276
f1h34qp5zbfl489q8vnkhiq9s,Esbjerg,2828292247,15,13,1,1,19,J. Lucena,5sha6xhovfmuzd7rolx1om39w,1,93.8,37.6,2025-07-20T13:02:45.588,2025-07-20T13:04:39,1.0,"{""id"": 5802673113, ""qualifierId"": 22}",bu0ez9a5mhcxh9c23fny7d7h0,Esbjerg vs Lyngby,1_Division,2025-07-20,DNK,NaN,NaN,true,NaN,true,true,NaN,NaN,NaN,NaN,true,Center,NaN,NaN,NaN,NaN,NaN,true,NaN,NaN,NaN,NaN,NaN,NaN,NaN,NaN,NaN,39.8,9.7,NaN,NaN,NaN,NaN,NaN,true,NaN,NaN,NaN,99.0,46.0,NaN,NaN,NaN,NaN,NaN,0.12163588404655457,0.0,2,2,true,NaN,NaN,NaN,NaN,NaN,NaN,,,,,,,,,,,,,,,,,,,,,,,,,,,,,,,,,,
f1h34qp5zbfl489q8vnkhiq9s,Esbjerg,2828294913,69,13,1,8,15,L. From,6hmsrr08cllpl4iumu92zskbt,1,90.3,65.1,2025-07-20T13:09:41.329,2025-07-20T13:10:49,1.0,"{""id"": 5802688333, ""qualifierId"": 102, ""value"": ""43.2""}",bu0ez9a5mhcxh9c23fny7d7h0,Esbjerg vs Lyngby,1_Division,2025-07-20,DNK,NaN,NaN,NaN,NaN,true,true,NaN,NaN,NaN,NaN,true,Center,NaN,NaN,true,NaN,NaN,NaN,NaN,NaN,NaN,NaN,true,NaN,NaN,NaN,NaN,43.2,61.1,true,NaN,NaN,NaN,NaN,true,NaN,NaN,NaN,98.6,50.2,NaN,NaN,NaN,NaN,NaN,0.08261793106794357,0.0,1,2,true,NaN,NaN,NaN,NaN,NaN,NaN,,,,,,,,,,,,,,,,,,,,,,,,,,,,,,,,,,
f1h34qp5zbfl489q8vnkhiq9s,Esbjerg,2828296143,94,15,1,11,12,J. Buus,s8c0oxnoqt6zi7pi88rwawvd,1,90.4,56.4,2025-07-20T13:12:38.802,2025-07-20T13:13:47,1.0,"{""id"": 5802695395, ""qualifierId"": 102, ""value"": ""51.3""}",bu0ez9a5mhcxh9c23fny7d7h0,Esbjerg vs Lyngby,1_Division,2025-07-20,DNK,NaN,true,true,NaN,NaN,NaN,NaN,NaN,NaN,NaN,true,Center,NaN,NaN,NaN,NaN,NaN,NaN,NaN,NaN,true,NaN,NaN,NaN,NaN,NaN,NaN,51.3,28.5,NaN,NaN,NaN,99.1,52.3,true,true,NaN,NaN,NaN,NaN,119,NaN,NaN,NaN,NaN,0.0640438050031662,0.10996679216623306,2,2,true,NaN,NaN,NaN,NaN,NaN,NaN,,,,,,,,,,,,,,,,,,,,,,,,,,,,,,,,,,
anga7587r1zv4ey71ge9zxol3,Lyngby,2828296745,131,15,1,12,29,L. Sandgrav,6d0lxiep13vdv32bdb0xwyrys,1,92.6,57.9,2025-07-20T13:13:55.774,2025-07-20T13:15:10,1.0,"{""id"": 5802711363, ""qualifierId"": 100}",bu0ez9a5mhcxh9c23fny7d7h0,Esbjerg vs Lyngby,1_Division,2025-07-20,DNK,NaN,NaN,true,NaN,NaN,NaN,true,NaN,NaN,NaN,true,Center,NaN,NaN,NaN,true,NaN,NaN,true,NaN,NaN,NaN,NaN,true,NaN,NaN,true,53.6,19,NaN,NaN,NaN,95.6,56.1,true,NaN,NaN,NaN,99.7,50.7,108,NaN,NaN,NaN,NaN,0.22509817779064178,0.0,2,2,true,NaN,NaN,NaN,NaN,NaN,NaN,,,,,,,,,,,,,,,,,,,,,,,,,,,,,,,,,,
f1h34qp5zbfl489q8vnkhiq9s,Esbjerg,2828297637,133,15,1,14,25,L. From,6hmsrr08cllpl4iumu92zskbt,1,93.2,60.8,2025-07-20T13:15:51.696,2025-07-20T13:17:04,1.0,"{""id"": 5802704043, ""qualifierId"": 154}",bu0ez9a5mhcxh9c23fny7d7h0,Esbjerg vs Lyngby,1_Division,2025-07-20,DNK,NaN,NaN,true,NaN,true,true,NaN,NaN,NaN,NaN,true,Center,NaN,NaN,NaN,NaN,NaN,NaN,true,NaN,NaN,NaN,NaN,NaN,NaN,NaN,NaN,53.1,3.8,NaN,NaN,NaN,99.4,51.8,true,NaN,NaN,NaN,NaN,NaN,154,NaN,NaN,NaN,NaN,0.14304056763648987,0.47213008999824524,2,2,true,NaN,NaN,NaN,NaN,NaN,NaN,,,,,,,,,,,,,,,,,,,,,,,,,,,,,,,,,,
f1h34qp5zbfl489q8vnkhiq9s,Esbjerg,2828298945,152,13,1,16,58,A. Lausen,ate1ymumg2iwzn8uyyf3ts222,1,70.3,55.5,2025-07-20T13:18:25.222,2025-07-20T13:19:44,NaN,"{""id"": 5802710787, ""qualifierId"": 26}",bu0ez9a5mhcxh9c23fny7d7h0,Esbjerg vs Lyngby,1_Division,2025-07-20,DNK,NaN,NaN,NaN,true,true,NaN,NaN,NaN,NaN,true,NaN,Center,NaN,NaN,NaN,NaN,true,NaN,NaN,NaN,NaN,NaN,NaN,NaN,NaN,NaN,NaN,44.7,62.5,NaN,NaN,NaN,NaN,NaN,NaN,NaN,NaN,NaN,98.9,49.6,NaN,NaN,NaN,NaN,NaN,0.03398079425096512,0.0,1,3,NaN,NaN,NaN,NaN,NaN,true,NaN,,,,,,,,,,,,,,,,,,,,,,,,,,,,,,,,,,
anga7587r1zv4ey71ge9zxol3,Lyngby,2828303495,262,15,1,28,47,G. Fraulo,6zhj070huc77sl5o5bx6ey5g4,1,85.5,40.7,2025-07-20T13:30:13.674,2025-07-20T13:32:41,1.0,"{""id"": 5802739637, ""qualifierId"": 321, ""value"": ""0.07060612738132477""}",bu0ez9a5mhcxh9c23fny7d7h0,Esbjerg vs Lyngby,1_Division,2025-07-20,DNK,NaN,NaN,true,NaN,true,true,NaN,NaN,NaN,NaN,true,Center,NaN,NaN,NaN,NaN,NaN,NaN,NaN,true,NaN,NaN,NaN,true,NaN,NaN,NaN,49.0,19,NaN,NaN,NaN,94.2,45.7,true,NaN,NaN,NaN,98.5,48.7,258,NaN,NaN,NaN,NaN,0.07060612738132477,0.0,2,2,true,NaN,NaN,NaN,NaN,NaN,NaN,,,,,,,,,,,,,,,,,,,,,,,,,,,,,,,,,,
anga7587r1zv4ey71ge9zxol3,Lyngby,2828303779,263,16,1,28,49,O. Buur,8822s8ns7oyvjqade4oaxzg0l,1,93.3,37.4,2025-07-20T13:30:16.162,2025-07-20T15:28:06,NaN,"{""id"": 5802738855, ""qualifierId"": 321, ""value"": ""0.21495385468006134""}",bu0ez9a5mhcxh9c23fny7d7h0,Esbjerg vs Lyngby,1_Division,2025-07-20,DNK,NaN,NaN,true,NaN,true,true,NaN,NaN,NaN,NaN,NaN,Center,NaN,NaN,NaN,NaN,NaN,NaN,NaN,NaN,NaN,true,NaN,NaN,NaN,NaN,NaN,46.4,4.4,NaN,NaN,NaN,NaN,NaN,NaN,NaN,true,NaN,98.6,46.6,NaN,NaN,ATTEMPT_SAVED,568402,272,0.21495385468006134,0.6123453378677368,1,1,true,NaN,2025-07-20 14:30:15.497,28:49.238,NaN,true,262,,,,,,,,,,,,,,,,,,,,,,,,,,,,,,,,,,
f1h34qp5zbfl489q8vnkhiq9s,Esbjerg,2828304219,271,15,1,30,49,P. Bjur,6m4anciafmzc24s44xszymbc9,1,81.9,48.1,2025-07-20T13:32:16.034,2025-07-20T13:33:30,NaN,"{""id"": 5802741423, ""qualifierId"": 233, ""value"": ""269""}",bu0ez9a5mhcxh9c23fny7d7h0,Esbjerg vs Lyngby,1_Division,2025-07-20,DNK,NaN,NaN,NaN,true,true,NaN,NaN,NaN,true,NaN,NaN,Center,NaN,NaN,NaN,NaN,NaN,NaN,NaN,NaN,true,NaN,NaN,NaN,NaN,NaN,NaN,50.1,20.9,NaN,NaN,NaN,98.4,49.5,NaN,NaN,NaN,true,NaN,NaN,269,NaN,NaN,NaN,NaN,0.05584908276796341,0.018443429842591286,1,3,true,NaN,NaN,NaN,NaN,true,NaN,,,,,,,,,,,,,,,,,,,,,,,,,,,,,,,,,,
anga7587r1zv4ey71ge9zxol3,Lyngby,2828304667,289,13,1,32,4,G. Fraulo,6zhj070huc77sl5o5bx6ey5g4,1,75.0,58.1,2025-07-20T13:33:30.320,2025-07-20T13:34:36,1.0,"{""id"": 5802743643, ""qualifierId"": 18}",bu0ez9a5mhcxh9c23fny7d7h0,Esbjerg vs Lyngby,1_Division,2025-07-20,DNK,NaN,NaN,NaN,true,true,true,NaN,NaN,NaN,NaN,true,Center,NaN,NaN,NaN,NaN,NaN,NaN,NaN,NaN,NaN,NaN,NaN,NaN,NaN,true,NaN,43.7,55.6,NaN,NaN,NaN,NaN,NaN,true,NaN,NaN,NaN,98.2,50.5,NaN,NaN,NaN,NaN,NaN,0.02526693604886532,0.0,2,2,NaN,NaN,NaN,NaN,NaN,NaN,NaN,,,,,,,,,,,,,,,,,,,,,,,,,,,,,,,,,,
f1h34qp5zbfl489q8vnkhiq9s,Esbjerg,2828308627,384,13,1,44,53,M. Hansen,cod92jjb3qqrg6n1tu15ciwpg,1,83.7,65.1,2025-07-20T13:46:20.172,2025-07-20T13:47:32,1.0,"{""id"": 4611686018471119517, ""qualifierId"": 322, ""value"": ""0.0""}",bu0ez9a5mhcxh9c23fny7d7h0,Esbjerg vs Lyngby,1_Division,2025-07-20,DNK,NaN,NaN,NaN,NaN,true,true,NaN,NaN,NaN,NaN,true,Center,NaN,NaN,true,NaN,NaN,NaN,NaN,NaN,NaN,NaN,NaN,NaN,NaN,true,NaN,43.2,44.4,NaN,NaN,NaN,NaN,NaN,true,NaN,NaN,NaN,97.6,51.1,NaN,NaN,NaN,NaN,NaN,0.07662701606750488,0.0,1,3,NaN,NaN,NaN,NaN,NaN,NaN,NaN,,,,,,,,,,,,,,,,,,,,,,,,,,,,,,,,,,
f1h34qp5zbfl489q8vnkhiq9s,Esbjerg,2828313783,426,15,2,48,58,A. Lausen,ate1ymumg2iwzn8uyyf3ts222,1,81.6,30.0,2025-07-20T14:06:56.489,2025-07-20T14:08:03,1.0,"{""id"": 5802796203, ""qualifierId"": 29}",bu0ez9a5mhcxh9c23fny7d7h0,Esbjerg vs Lyngby,1_Division,2025-07-20,DNK,NaN,NaN,NaN,true,true,NaN,true,NaN,NaN,NaN,true,Center,NaN,NaN,NaN,NaN,NaN,NaN,NaN,true,NaN,NaN,NaN,NaN,NaN,NaN,NaN,49.1,3.2,NaN,NaN,NaN,98.0,48.7,NaN,NaN,NaN,true,NaN,NaN,459,NaN,NaN,NaN,NaN,0.03626149520277977,0.03278132528066635,2,2,NaN,NaN,NaN,NaN,NaN,NaN,NaN,,,,,,,,,,,,,,,,,,,,,,,,,,,,,,,,,,
anga7587r1zv4ey71ge9zxol3,Lyngby,2828314087,471,15,2,49,49,M. Hebo,b13l1wrb747y9cdc8wqltan6d,1,76.2,46.4,2025-07-20T14:07:47.359,2025-07-20T14:12:02,1.0,"{""id"": 5802805545, ""qualifierId"": 231, ""value"": ""49.1""}",bu0ez9a5mhcxh9c23fny7d7h0,Esbjerg vs Lyngby,1_Division,2025-07-20,DNK,NaN,NaN,NaN,true,true,true,NaN,NaN,NaN,NaN,true,Center,NaN,NaN,NaN,NaN,NaN,NaN,NaN,NaN,NaN,true,NaN,true,NaN,NaN,NaN,48.1,19,NaN,NaN,NaN,83.4,46.9,true,NaN,NaN,NaN,98.6,49.1,433,NaN,NaN,NaN,NaN,0.025343429297208786,0.0,2,3,true,NaN,NaN,NaN,NaN,NaN,NaN,,,,,,,,,,,,,,,,,,,,,,,,,,,,,,,,,,
f1h34qp5zbfl489q8vnkhiq9s,Esbjerg,2828319651,575,15,2,65,53,P. Bjur,6m4anciafmzc24s44xszymbc9,1,88.2,29.5,2025-07-20T14:23:51.436,2025-07-20T14:24:57,1.0,"{""id"": 5802829305, ""qualifierId"": 22}",bu0ez9a5mhcxh9c23fny7d7h0,Esbjerg vs Lyngby,1_Division,2025-07-20,DNK,NaN,NaN,NaN,NaN,NaN,true,NaN,NaN,NaN,NaN,true,Center,NaN,true,NaN,true,NaN,NaN,true,NaN,NaN,NaN,NaN,NaN,NaN,NaN,NaN,52.8,19.0,NaN,true,NaN,98.8,46.6,NaN,NaN,NaN,true,NaN,NaN,638,NaN,NaN,NaN,NaN,0.03538128733634949,0.19317476451396942,2,3,NaN,NaN,NaN,NaN,NaN,NaN,NaN,,,,,,,,,,,,,,,,,,,,,,,,,,,,,,,,,,
anga7587r1zv4ey71ge9zxol3,Lyngby,2828317713,595,15,2,59,48,F. Gytkjær,deyq3zqd0vwc821ngqldxqor9,1,94.6,37.6,2025-07-20T14:17:46.352,2025-07-20T14:28:10,1.0,"{""id"": 4611686018471119949, ""qualifierId"": 322, ""value"": ""0.0""}",bu0ez9a5mhcxh9c23fny7d7h0,Esbjerg vs Lyngby,1_Division,2025-07-20,DNK,NaN,NaN,NaN,NaN,true,true,NaN,NaN,NaN,NaN,true,Center,true,NaN,NaN,NaN,NaN,NaN,NaN,NaN,NaN,true,NaN,true,NaN,NaN,true,46.4,19,NaN,NaN,NaN,96.7,41.0,true,NaN,NaN,NaN,98.9,47.5,509,NaN,NaN,NaN,NaN,0.14658969640731812,0.0,2,2,NaN,NaN,NaN,NaN,NaN,NaN,NaN,,,,,,,,,,,,,,,,,,,,,,,,,,,,,,,,,,
anga7587r1zv4ey71ge9zxol3,Lyngby,2828317725,596,15,2,59,49,O. Buur,8822s8ns7oyvjqade4oaxzg0l,1,89.5,38.7,2025-07-20T14:17:47.442,2025-07-20T14:28:49,NaN,"{""id"": 5802835933, ""qualifierId"": 147, ""value"": ""45.8""}",bu0ez9a5mhcxh9c23fny7d7h0,Esbjerg vs Lyngby,1_Division,2025-07-20,DNK,NaN,NaN,true,NaN,true,true,NaN,NaN,NaN,NaN,NaN,Center,NaN,NaN,NaN,NaN,NaN,NaN,NaN,true,NaN,NaN,NaN,true,NaN,NaN,true,50.9,19,NaN,NaN,NaN,95.6,45.8,NaN,NaN,NaN,NaN,98.5,48.7,510,NaN,NaN,NaN,NaN,0.14020442962646484,0.0,2,2,NaN,NaN,NaN,NaN,NaN,true,NaN,,,,,,,,,,,,,,,,,,,,,,,,,,,,,,,,,,
f1h34qp5zbfl489q8vnkhiq9s,Esbjerg,2828320605,604,13,2,68,58,A. Lausen,ate1ymumg2iwzn8uyyf3ts222,1,88.5,50.0,2025-07-20T14:26:56.413,2025-07-20T14:28:13,NaN,"{""id"": 5802834717, ""qualifierId"": 56, ""value"": ""Center""}",bu0ez9a5mhcxh9c23fny7d7h0,Esbjerg vs Lyngby,1_Division,2025-07-20,DNK,true,NaN,true,NaN,true,NaN,NaN,NaN,NaN,NaN,NaN,Center,NaN,NaN,NaN,NaN,true,NaN,NaN,NaN,NaN,NaN,NaN,NaN,NaN,NaN,NaN,50.1,80.6,NaN,NaN,NaN,NaN,NaN,NaN,NaN,true,NaN,98.8,50.7,NaN,NaN,NaN,NaN,NaN,0.7884,0.0,1,1,NaN,661,NaN,NaN,179456,true,NaN,,,,,,,,,,,,,,,,,,,,,,,,,,,,,,,,,,
f1h34qp5zbfl489q8vnkhiq9s,Esbjerg,2828321643,641,15,2,73,6,J. Ankersen,4mxciw9jsj9l437fd7bv78p91,1,75.5,72.1,2025-07-20T14:31:04.153,2025-07-20T14:33:10,NaN,"{""id"": 5802842825, ""qualifierId"": 147, ""value"": ""66.1""}",bu0ez9a5mhcxh9c23fny7d7h0,Esbjerg vs Lyngby,1_Division,2025-07-20,DNK,NaN,NaN,NaN,true,true,true,NaN,NaN,NaN,NaN,NaN,Center,NaN,NaN,NaN,NaN,NaN,NaN,NaN,NaN,NaN,true,NaN,true,NaN,NaN,NaN,46.3,19,NaN,NaN,NaN,81.2,66.1,NaN,NaN,NaN,true,96.9,53.4,678,NaN,NaN,NaN,NaN,0.01534096896648407,0.0,2,2,NaN,NaN,NaN,NaN,NaN,true,NaN,,,,,,,,,,,,,,,,,,,,,,,,,,,,,,,,,,
anga7587r1zv4ey71ge9zxol3,Lyngby,2828322347,695,15,2,74,52,B. Rolland,2wwpfsducpmryacr17y8k70iy,1,83.6,55.1,2025-07-20T14:32:49.987,2025-07-20T14:33:56,1.0,"{""id"": 5802844739, ""qualifierId"": 322, ""value"": ""0.41866785287857056""}",bu0ez9a5mhcxh9c23fny7d7h0,Esbjerg vs Lyngby,1_Division,2025-07-20,DNK,NaN,NaN,true,NaN,NaN,true,NaN,NaN,NaN,NaN,true,Center,NaN,NaN,NaN,true,NaN,NaN,true,NaN,NaN,NaN,NaN,NaN,NaN,NaN,NaN,54.0,3.8,NaN,NaN,NaN,99.4,51.4,true,NaN,NaN,NaN,NaN,NaN,668,NaN,NaN,NaN,NaN,0.0951547622680664,0.41866785287857056,2,2,NaN,NaN,NaN,NaN,NaN,NaN,NaN,,,,,,,,,,,,,,,,,,,,,,,,,,,,,,,,,,
anga7587r1zv4ey71ge9zxol3,Lyngby,2828325265,761,13,2,83,17,L. Sandgrav,6d0lxiep13vdv32bdb0xwyrys,1,82.4,42.3,2025-07-20T14:41:15.191,2025-07-20T14:42:22,1.0,"{""id"": 4611686018471120061, ""qualifierId"": 322, ""value"": ""0.0""}",bu0ez9a5mhcxh9c23fny7d7h0,Esbjerg vs Lyngby,1_Division,2025-07-20,DNK,NaN,NaN,NaN,true,true,true,NaN,NaN,NaN,NaN,true,Center,NaN,NaN,NaN,NaN,true,NaN,NaN,NaN,NaN,NaN,NaN,NaN,NaN,NaN,NaN,52.8,62.5,NaN,NaN,NaN,NaN,NaN,true,NaN,NaN,NaN,98.1,47.7,NaN,NaN,NaN,NaN,NaN,0.07670076936483383,0.0,2,2,true,NaN,NaN,NaN,NaN,NaN,NaN,,,,,,,,,,,,,,,,,,,,,,,,,,,,,,,,,,
f1h34qp5zbfl489q8vnkhiq9s,Esbjerg,2828327047,786,13,2,89,41,T. Freriks,4jve632xnmqujh4ioaxpaovai,1,96.6,42.8,2025-07-20T14:47:39.414,2025-07-20T14:48:51,1.0,"{""id"": 5802871463, ""qualifierId"": 103, ""value"": ""18.1""}",bu0ez9a5mhcxh9c23fny7d7h0,Esbjerg vs Lyngby,1_Division,2025-07-20,DNK,NaN,true,NaN,NaN,NaN,NaN,NaN,NaN,true,NaN,true,Center,true,NaN,NaN,NaN,NaN,NaN,NaN,NaN,NaN,NaN,NaN,NaN,true,NaN,NaN,42.7,18.1,NaN,NaN,NaN,NaN,NaN,true,NaN,true,NaN,98.1,46.8,NaN,NaN,NaN,NaN,NaN,0.1296558529138565,0.0,3,2,true,NaN,NaN,NaN,NaN,NaN,NaN,,,,,,,,,,,,,,,,,,,,,,,,,,,,,,,,,,
anga7587r1zv4ey71ge9zxol3,Lyngby,2828326685,806,16,2,87,28,Í. Þorvaldsson,5k2hgogp2g5ivgdnq99ejp27e,1,87.3,41.8,2025-07-20T14:45:26.813,2025-07-20T14:49:30,1.0,"{""id"": 5802868877, ""qualifierId"": 56, ""value"": ""Center""}",bu0ez9a5mhcxh9c23fny7d7h0,Esbjerg vs Lyngby,1_Division,2025-07-20,DNK,NaN,NaN,true,NaN,true,NaN,true,NaN,NaN,NaN,true,Center,NaN,NaN,NaN,NaN,NaN,NaN,true,NaN,NaN,NaN,NaN,NaN,NaN,NaN,NaN,53.9,7.0,NaN,NaN,true,NaN,NaN,true,NaN,true,NaN,98.2,48.6,NaN,true,NaN,NaN,NaN,0.4276219308376312,0.41177791357040405,1,1,NaN,NaN,2025-07-20 15:45:25.946,87:28.123,NaN,NaN,NaN,,,,,,,,,,,,,,,,,,,,,,,,,,,,,,,,,,
f1h34qp5zbfl489q8vnkhiq9s,Esbjerg,2828327949,817,15,2,93,34,A. Skipper,aqc0qritba195wf770gyd1149,1,91.8,35.4,2025-07-20T14:51:32.786,2025-07-20T14:52:12,1.0,"{""id"": 5802876307, ""qualifierId"": 103, ""value"": ""17.1""}",bu0ez9a5mhcxh9c23fny7d7h0,Esbjerg vs Lyngby,1_Division,2025-07-20,DNK,NaN,true,NaN,NaN,NaN,NaN,NaN,true,NaN,NaN,true,Center,NaN,true,NaN,NaN,NaN,NaN,NaN,NaN,NaN,true,NaN,NaN,NaN,NaN,NaN,47.9,17.1,NaN,NaN,NaN,98.5,47.1,true,NaN,NaN,NaN,NaN,NaN,848,NaN,NaN,NaN,NaN,0.02205786667764187,0.043160632252693176,2,2,true,NaN,NaN,NaN,NaN,NaN,NaN,,,,,,,,,,,,,,,,,,,,,,,,,,,,,,,,,,
anga7587r1zv4ey71ge9zxol3,Lyngby,2828327711,841,13,2,92,30,G. Mortensen,bvw5oc4c040ey5dt5wn0choiy,1,74.9,59.9,2025-07-20T14:50:28.790,2025-07-20T14:51:37,1.0,"{""id"": 5802907109, ""qualifierId"": 215}",bu0ez9a5mhcxh9c23fny7d7h0,Esbjerg vs Lyngby,1_Division,2025-07-20,DNK,NaN,NaN,NaN,true,NaN,true,NaN,NaN,NaN,NaN,true,Center,NaN,NaN,NaN,true,NaN,true,NaN,NaN,NaN,NaN,NaN,NaN,NaN,NaN,NaN,40.2,9.7,NaN,NaN,NaN,NaN,NaN,NaN,NaN,NaN,true,99.1,51.3,NaN,NaN,NaN,NaN,NaN,0.02781704068183899,0.0,1,2,true,NaN,NaN,NaN,NaN,NaN,NaN,,,,,,,,,,,,,,,,,,,,,,,,,,,,,,,,,,
b8oqgvx1ijeyn6y1cn6929ix4,Kolding,2832955633,43,13,1,3,52,I. Tånnander,6bajck5osvj7trnwt2a5mc3dg,1,86.4,29.7,2025-08-09T14:05:38.588,2025-08-12T16:26:01,1.0,"{""id"": 5828735567, ""qualifierId"": 22}",bzj9we66v50c9mb86dc365q8k,Esbjerg vs Kolding,1_Division,2025-08-09,DNK,,NaN,NaN,NaN,true,true,,NaN,NaN,,true,Center,,true,,NaN,NaN,NaN,NaN,NaN,NaN,,NaN,NaN,NaN,,,67.1,1.4,true,NaN,,92.8,44.9,true,NaN,NaN,NaN,92.7,41.2,NaN,,,,,0.1323702186346054,0.0,1,1,true,,NaN,NaN,,NaN,,,,,,,,,,,NaN,NaN,true,NaN,NaN,true,NaN,true,NaN,NaN,NaN,NaN,NaN,NaN,,,,,,,,,,,
b8oqgvx1ijeyn6y1cn6929ix4,Kolding,2832963411,90,15,1,8,39,I. Tånnander,6bajck5osvj7trnwt2a5mc3dg,1,90.3,54.4,2025-08-09T14:10:25.995,2025-08-09T14:13:12,1.0,"{""id"": 5828792563, ""qualifierId"": 102, ""value"": ""53.6""}",bzj9we66v50c9mb86dc365q8k,Esbjerg vs Kolding,1_Division,2025-08-09,DNK,,true,true,NaN,NaN,NaN,,NaN,NaN,,true,Center,,NaN,,NaN,NaN,NaN,true,NaN,NaN,,NaN,true,NaN,,,53.6,15.3,NaN,NaN,,92.9,53.6,true,true,NaN,NaN,98.8,50.5,88,,,,,0.04568041115999222,0.0,3,3,true,,NaN,NaN,,NaN,,,,,,,,,,,NaN,NaN,NaN,NaN,NaN,NaN,NaN,NaN,NaN,NaN,NaN,NaN,NaN,NaN,,,,,,,,,,,
b8oqgvx1ijeyn6y1cn6929ix4,Kolding,2832964733,103,16,1,9,25,V. Westh,8h3cyhuw5049gcxrsld3rw1ec,1,74.9,47.9,2025-08-09T14:11:12.283,2025-08-12T07:29:21,1.0,"{""id"": 5836636793, ""qualifierId"": 396, ""value"": ""48.4""}",bzj9we66v50c9mb86dc365q8k,Esbjerg vs Kolding,1_Division,2025-08-09,DNK,,NaN,NaN,true,NaN,true,,NaN,NaN,,true,Center,,NaN,,true,NaN,NaN,true,NaN,NaN,,NaN,NaN,NaN,,,54.3,1.9,NaN,NaN,,NaN,NaN,true,NaN,NaN,NaN,98.2,49.3,NaN,,,,,0.019177379086613655,0.24185921251773834,3,2,NaN,,2025-08-09 15:11:10.699,09:24.155,,NaN,,,,,,,,,,,NaN,NaN,NaN,NaN,NaN,NaN,NaN,NaN,NaN,NaN,NaN,1.8,48.4,NaN,,,,,,,,,,,
b8oqgvx1ijeyn6y1cn6929ix4,Kolding,2832972143,143,16,1,14,2,N. Nedić,e0ufk65mqc1url5qznskeamzt,1,88.5,50.9,2025-08-09T14:15:49.050,2025-08-12T07:29:18,NaN,"{""id"": 5828827187, ""qualifierId"": 20}",bzj9we66v50c9mb86dc365q8k,Esbjerg vs Kolding,1_Division,2025-08-09,DNK,,NaN,true,NaN,true,true,,NaN,NaN,,NaN,Center,,NaN,,NaN,NaN,NaN,NaN,true,NaN,,NaN,NaN,NaN,,,49.9,2.5,NaN,NaN,,NaN,NaN,NaN,NaN,true,NaN,87.5,53.1,NaN,,,,,0.6999967694282532,0.9877492785453796,1,0,true,,2025-08-09 15:15:48.325,14:01.781,,true,,,,,,,,,,,NaN,NaN,NaN,NaN,NaN,NaN,NaN,NaN,NaN,NaN,NaN,13.1,46.8,122,,,,,,,,,,,
f1h34qp5zbfl489q8vnkhiq9s,Esbjerg,2832996159,243,15,1,29,54,A. Lausen,ate1ymumg2iwzn8uyyf3ts222,1,69.7,51.6,2025-08-09T14:31:40.909,2025-08-12T08:29:26,1.0,"{""id"": 5829108367, ""qualifierId"": 22}",bzj9we66v50c9mb86dc365q8k,Esbjerg vs Kolding,1_Division,2025-08-09,DNK,,NaN,NaN,true,true,true,,NaN,NaN,,true,Center,,NaN,,NaN,NaN,NaN,NaN,true,NaN,,NaN,NaN,NaN,,,49.0,3.2,NaN,true,,97.7,50.9,NaN,NaN,NaN,true,NaN,NaN,300,,,,,0.01378309540450573,0.018775375559926033,2,3,NaN,,NaN,NaN,,NaN,,,,,,,,,,,NaN,NaN,NaN,NaN,NaN,NaN,NaN,NaN,NaN,NaN,NaN,NaN,NaN,NaN,,,,,,,,,,,
b8oqgvx1ijeyn6y1cn6929ix4,Kolding,2832991697,262,15,1,27,11,M. Saaby,423hv4unq5vvnp7kecv6wp3is,1,78.4,60.1,2025-08-09T14:28:57.688,2025-08-12T08:29:27,1.0,"{""id"": 5828934291, ""qualifierId"": 233, ""value"": ""234""}",bzj9we66v50c9mb86dc365q8k,Esbjerg vs Kolding,1_Division,2025-08-09,DNK,,NaN,NaN,true,true,true,,NaN,NaN,,true,Center,,NaN,,NaN,NaN,NaN,NaN,NaN,true,,NaN,NaN,NaN,,,49.1,25.3,NaN,NaN,,98.2,50.4,true,NaN,NaN,NaN,NaN,NaN,234,,,,,0.03176453337073326,0.034247953444719315,2,2,true,,NaN,NaN,,NaN,,,,,,,,,,,NaN,NaN,NaN,NaN,NaN,NaN,NaN,NaN,NaN,NaN,NaN,NaN,NaN,NaN,,,,,,,,,,,
b8oqgvx1ijeyn6y1cn6929ix4,Kolding,2832991807,263,13,1,27,13,V. Westh,8h3cyhuw5049gcxrsld3rw1ec,1,86.1,44.8,2025-08-09T14:29:00.232,2025-08-09T14:30:11,NaN,"{""id"": 5828931133, ""qualifierId"": 17}",bzj9we66v50c9mb86dc365q8k,Esbjerg vs Kolding,1_Division,2025-08-09,DNK,,NaN,true,NaN,NaN,true,,NaN,NaN,,NaN,Center,,NaN,,true,NaN,NaN,NaN,NaN,NaN,,NaN,NaN,NaN,,,59.8,6.9,true,NaN,,NaN,NaN,NaN,NaN,NaN,NaN,98.4,48.2,NaN,,,,,0.07683639228343964,0.0,2,3,true,,NaN,NaN,,true,,,,,,,,,,,NaN,NaN,true,NaN,NaN,NaN,NaN,NaN,NaN,true,262,NaN,NaN,NaN,,,,,,,,,,,
b8oqgvx1ijeyn6y1cn6929ix4,Kolding,2832998825,316,13,1,31,32,N. Morberg,5u9zrgsm6wycfcbk04m64wd1w,1,69.3,48.9,2025-08-09T14:33:18.783,2025-08-09T14:35:20,NaN,"{""id"": 5828977799, ""qualifierId"": 230, ""value"": ""98.8""}",bzj9we66v50c9mb86dc365q8k,Esbjerg vs Kolding,1_Division,2025-08-09,DNK,,NaN,NaN,true,true,NaN,,NaN,true,,NaN,Center,,NaN,,NaN,NaN,NaN,NaN,NaN,NaN,,NaN,NaN,NaN,,,63.4,11.1,NaN,NaN,,89.3,56.1,NaN,NaN,NaN,true,98.8,50.2,NaN,,,,,0.005933807697147131,0.0,2,3,true,,NaN,NaN,,true,,,,,,,,,,,NaN,NaN,true,NaN,NaN,NaN,NaN,true,NaN,NaN,NaN,NaN,NaN,NaN,,,,,,,,,,,
b8oqgvx1ijeyn6y1cn6929ix4,Kolding,2832998981,318,15,1,31,37,I. Tånnander,6bajck5osvj7trnwt2a5mc3dg,1,86.5,44.2,2025-08-09T14:33:23.703,2025-08-12T09:29:15,1.0,"{""id"": 5828969609, ""qualifierId"": 20}",bzj9we66v50c9mb86dc365q8k,Esbjerg vs Kolding,1_Division,2025-08-09,DNK,,NaN,true,NaN,true,NaN,,NaN,true,,true,Center,,NaN,,NaN,NaN,NaN,NaN,true,NaN,,NaN,NaN,NaN,,,49.2,1.9,NaN,NaN,,98.5,48.2,true,NaN,NaN,NaN,NaN,NaN,250,,,,,0.1043037697672844,0.07328997552394867,1,2,true,,NaN,NaN,,NaN,,,,,,,,,,,NaN,NaN,NaN,NaN,NaN,NaN,NaN,NaN,NaN,NaN,NaN,NaN,NaN,NaN,,,,,,,,,,,
f1h34qp5zbfl489q8vnkhiq9s,Esbjerg,2833017577,329,15,1,44,4,J. Buus,s8c0oxnoqt6zi7pi88rwawvd,1,69.7,31.3,2025-08-09T14:45:51.380,2025-08-09T14:47:06,NaN,"{""id"": 5829070533, ""qualifierId"": 326, ""value"": ""3""}",bzj9we66v50c9mb86dc365q8k,Esbjerg vs Kolding,1_Division,2025-08-09,DNK,,NaN,NaN,true,true,true,,NaN,NaN,,NaN,Center,,NaN,,NaN,NaN,NaN,NaN,NaN,NaN,,true,true,NaN,,,47.2,20.8,true,NaN,,72.0,33.0,NaN,NaN,NaN,true,98.6,49.1,446,,,,,0.0055717662908136845,0.0,3,3,NaN,,NaN,NaN,,true,,,,,,,,,,,NaN,NaN,NaN,NaN,NaN,NaN,NaN,NaN,NaN,NaN,NaN,NaN,NaN,NaN,,,,,,,,,,,
b8oqgvx1ijeyn6y1cn6929ix4,Kolding,2833001857,350,15,1,33,31,V. Westh,8h3cyhuw5049gcxrsld3rw1ec,1,85.0,34.8,2025-08-09T14:35:18.527,2025-08-12T09:29:21,1.0,"{""id"": 5828987259, ""qualifierId"": 322, ""value"": ""0.16431239247322083""}",bzj9we66v50c9mb86dc365q8k,Esbjerg vs Kolding,1_Division,2025-08-09,DNK,,NaN,NaN,NaN,NaN,true,,NaN,NaN,,true,Center,,true,,true,NaN,NaN,NaN,NaN,true,,NaN,NaN,NaN,,,48.5,32.3,NaN,NaN,,97.7,47.7,true,NaN,NaN,NaN,NaN,NaN,257,,,,,0.060752950608730316,0.16431239247322083,1,2,true,,NaN,NaN,,NaN,,,,,,,,,,,NaN,NaN,NaN,NaN,NaN,NaN,NaN,NaN,NaN,NaN,NaN,NaN,NaN,NaN,,,,,,,,,,,
b8oqgvx1ijeyn6y1cn6929ix4,Kolding,2833002973,353,13,1,34,19,I. Tånnander,6bajck5osvj7trnwt2a5mc3dg,1,92.7,51.9,2025-08-09T14:36:06.382,2025-08-09T14:37:20,1.0,"{""id"": 5828994099, ""qualifierId"": 102, ""value"": ""49.9""}",bzj9we66v50c9mb86dc365q8k,Esbjerg vs Kolding,1_Division,2025-08-09,DNK,,true,true,NaN,NaN,NaN,,NaN,true,,true,Center,,NaN,,NaN,true,NaN,NaN,NaN,NaN,,NaN,NaN,NaN,,,49.9,73.6,NaN,NaN,,NaN,NaN,true,NaN,NaN,NaN,99.4,50.5,NaN,,,,,0.12176311761140823,0.0,2,2,true,,NaN,NaN,,NaN,,,,,,,,,,,NaN,NaN,NaN,NaN,NaN,NaN,NaN,NaN,NaN,NaN,NaN,NaN,NaN,NaN,,,,,,,,,,,
b8oqgvx1ijeyn6y1cn6929ix4,Kolding,2833014501,430,15,1,42,3,E. Voufack,5d57rssywlhqtf3a70gh2ra7e,1,87.0,37.0,2025-08-09T14:43:50.388,2025-08-09T14:45:02,1.0,"{""id"": 5829053977, ""qualifierId"": 327, ""value"": ""2""}",bzj9we66v50c9mb86dc365q8k,Esbjerg vs Kolding,1_Division,2025-08-09,DNK,,NaN,true,NaN,NaN,true,,NaN,NaN,,true,Center,,NaN,,true,NaN,NaN,NaN,true,NaN,,NaN,true,NaN,,,50.3,19,NaN,NaN,,90.2,40.3,NaN,NaN,NaN,true,98.9,48.2,308,,,,,0.07579592615365982,0.0,2,2,NaN,,NaN,NaN,,NaN,,,,,,,,,,,NaN,NaN,NaN,NaN,NaN,NaN,NaN,NaN,NaN,NaN,NaN,NaN,NaN,NaN,,,,,,,,,,,
b8oqgvx1ijeyn6y1cn6929ix4,Kolding,2833019609,461,15,1,45,31,M. Saaby,423hv4unq5vvnp7kecv6wp3is,1,78.5,49.3,2025-08-09T14:47:18.164,2025-08-09T14:48:41,1.0,"{""id"": 5829083287, ""qualifierId"": 146, ""value"": ""88.4""}",bzj9we66v50c9mb86dc365q8k,Esbjerg vs Kolding,1_Division,2025-08-09,DNK,,NaN,NaN,true,true,true,,NaN,NaN,,true,Center,,NaN,,NaN,NaN,NaN,NaN,true,NaN,,NaN,true,NaN,,,49.3,19,NaN,NaN,,88.4,49.3,true,NaN,NaN,NaN,98.8,49.6,340,,,,,0.040115710347890854,0.0,2,3,true,,NaN,NaN,,NaN,,,,,,,,,,,NaN,NaN,NaN,NaN,NaN,NaN,true,NaN,true,NaN,NaN,NaN,NaN,NaN,,,,,,,,,,,
b8oqgvx1ijeyn6y1cn6929ix4,Kolding,2833029469,506,13,2,46,58,J. Vadstrup,b55jtl3ixolidn6cvc4t90efo,1,90.8,55.8,2025-08-09T15:05:34.455,2025-08-09T15:06:49,1.0,"{""id"": 5836761641, ""qualifierId"": 85}",bzj9we66v50c9mb86dc365q8k,Esbjerg vs Kolding,1_Division,2025-08-09,DNK,,true,true,NaN,NaN,NaN,,NaN,true,,true,Center,,NaN,,NaN,NaN,NaN,NaN,NaN,NaN,,NaN,NaN,NaN,,,51.3,58.3,NaN,NaN,,NaN,NaN,true,NaN,NaN,NaN,98.2,51.4,NaN,,,,,0.03578010946512222,0.0,3,2,true,,NaN,NaN,,NaN,,,,,,,,,,,NaN,NaN,NaN,true,NaN,NaN,NaN,NaN,NaN,NaN,NaN,NaN,NaN,NaN,,,,,,,,,,,
b8oqgvx1ijeyn6y1cn6929ix4,Kolding,2833048579,605,15,2,58,43,M. Døj,ditbnaezwo4x10717bf53uwb8,1,80.9,38.0,2025-08-09T15:17:19.102,2025-08-12T13:29:20,NaN,"{""id"": 5829238181, ""qualifierId"": 147, ""value"": ""48.7""}",bzj9we66v50c9mb86dc365q8k,Esbjerg vs Kolding,1_Division,2025-08-09,DNK,,NaN,NaN,true,NaN,true,,NaN,NaN,,NaN,Center,,NaN,,true,NaN,NaN,NaN,true,NaN,,NaN,NaN,NaN,,,50.0,3.8,NaN,NaN,,98.2,48.7,NaN,NaN,NaN,true,NaN,NaN,450,,,,,0.028643056750297546,0.013382809236645699,3,2,NaN,,NaN,NaN,,true,,,,,,,,,,,NaN,NaN,NaN,NaN,NaN,NaN,NaN,NaN,NaN,NaN,NaN,NaN,NaN,NaN,,,,,,,,,,,
b8oqgvx1ijeyn6y1cn6929ix4,Kolding,2833053537,639,13,2,61,43,I. Tånnander,6bajck5osvj7trnwt2a5mc3dg,1,96.5,49.9,2025-08-09T15:20:19.725,2025-08-09T15:21:32,1.0,"{""id"": 5829266593, ""qualifierId"": 154}",bzj9we66v50c9mb86dc365q8k,Esbjerg vs Kolding,1_Division,2025-08-09,DNK,,true,NaN,NaN,NaN,true,,NaN,NaN,,true,Center,,NaN,,NaN,NaN,NaN,NaN,NaN,NaN,,NaN,NaN,true,,,41.8,13.9,NaN,NaN,,NaN,NaN,true,NaN,true,NaN,99.0,50.2,NaN,,,,,0.590489387512207,0.0,3,1,true,,NaN,NaN,,NaN,,,,,,,,,,,true,NaN,NaN,NaN,NaN,NaN,NaN,NaN,NaN,NaN,NaN,NaN,NaN,NaN,,,,,,,,,,,
b8oqgvx1ijeyn6y1cn6929ix4,Kolding,2833056273,651,15,2,63,35,I. Tånnander,6bajck5osvj7trnwt2a5mc3dg,1,85.6,45.4,2025-08-09T15:22:11.215,2025-08-12T13:29:15,1.0,"{""id"": 5829279311, ""qualifierId"": 321, ""value"": ""0.33722609281539917""}",bzj9we66v50c9mb86dc365q8k,Esbjerg vs Kolding,1_Division,2025-08-09,DNK,,NaN,true,NaN,true,true,,NaN,NaN,,true,Center,,NaN,,NaN,NaN,NaN,true,NaN,NaN,,NaN,NaN,NaN,,,51.9,19.6,NaN,NaN,,97.2,49.5,true,NaN,true,true,NaN,NaN,493,,,,,0.33722609281539917,0.2739745080471039,1,1,NaN,,NaN,NaN,,NaN,,,,,,,,,,,NaN,NaN,NaN,NaN,NaN,NaN,NaN,NaN,NaN,NaN,NaN,NaN,NaN,NaN,,,,,,,,,,,
f1h34qp5zbfl489q8vnkhiq9s,Esbjerg,2833088989,686,13,2,84,6,R. Gyamfi,efubck8twu1elbhlomltnjjtg,1,72.5,59.3,2025-08-09T15:42:42.507,2025-08-09T15:43:55,1.0,"{""id"": 5829457483, ""qualifierId"": 215}",bzj9we66v50c9mb86dc365q8k,Esbjerg vs Kolding,1_Division,2025-08-09,DNK,,NaN,NaN,true,true,true,,NaN,NaN,,true,Center,,NaN,,NaN,NaN,NaN,NaN,NaN,NaN,,NaN,NaN,NaN,,,63.2,2.8,NaN,NaN,,NaN,NaN,NaN,NaN,NaN,true,97.8,50.5,NaN,,,,,0.0263166856020689,0.0,1,2,NaN,,NaN,NaN,,NaN,,,,,,,,,,,NaN,NaN,true,NaN,NaN,NaN,NaN,NaN,NaN,NaN,NaN,NaN,NaN,NaN,,,,,,,,,,,
b8oqgvx1ijeyn6y1cn6929ix4,Kolding,2833062401,691,13,2,67,35,I. Tånnander,6bajck5osvj7trnwt2a5mc3dg,1,93.4,50.6,2025-08-09T15:26:11.853,2025-08-09T15:27:24,NaN,"{""id"": 5829312157, ""qualifierId"": 22}",bzj9we66v50c9mb86dc365q8k,Esbjerg vs Kolding,1_Division,2025-08-09,DNK,,NaN,true,NaN,true,true,,NaN,NaN,,NaN,Center,,NaN,,NaN,NaN,true,NaN,NaN,NaN,,NaN,NaN,NaN,,,34.8,15.3,true,NaN,,93.4,44.6,NaN,NaN,true,NaN,93.4,53.1,NaN,,,,,0.7422096133232117,0.0,1,0,true,,NaN,NaN,,true,,,,,,,,,,,NaN,NaN,NaN,NaN,NaN,NaN,NaN,true,NaN,NaN,NaN,NaN,NaN,NaN,,,,,,,,,,,
f1h34qp5zbfl489q8vnkhiq9s,Esbjerg,2833100413,734,15,2,90,42,J. Lucena,5sha6xhovfmuzd7rolx1om39w,1,88.4,34.0,2025-08-09T15:49:19.003,2025-08-12T16:26:00,NaN,"{""id"": 5829517599, ""qualifierId"": 22}",bzj9we66v50c9mb86dc365q8k,Esbjerg vs Kolding,1_Division,2025-08-09,DNK,,NaN,NaN,NaN,true,true,,NaN,NaN,,NaN,Center,,true,,NaN,NaN,NaN,NaN,NaN,true,,NaN,NaN,NaN,,,49.6,25.9,NaN,NaN,,98.8,48.2,NaN,NaN,NaN,NaN,NaN,NaN,854,,,,,0.04419912397861481,0.03328276053071022,2,2,true,,NaN,NaN,,true,,,,,,,,,,,NaN,NaN,NaN,NaN,NaN,NaN,NaN,NaN,NaN,NaN,NaN,NaN,NaN,NaN,,,,,,,,,,,
f1h34qp5zbfl489q8vnkhiq9s,Esbjerg,2833105693,754,15,2,94,16,A. Lausen,ate1ymumg2iwzn8uyyf3ts222,1,81.3,31.7,2025-08-09T15:52:52.544,2025-08-12T16:26:01,NaN,"{""id"": 5829562285, ""qualifierId"": 458}",bzj9we66v50c9mb86dc365q8k,Esbjerg vs Kolding,1_Division,2025-08-09,DNK,,NaN,NaN,true,true,true,,NaN,NaN,,NaN,Center,,NaN,,NaN,NaN,NaN,NaN,true,NaN,,NaN,NaN,NaN,,,51.7,10.8,NaN,NaN,,98.8,49.6,NaN,NaN,NaN,true,NaN,NaN,883,,,,,0.01934599131345749,0.02292718179523945,3,2,NaN,,NaN,NaN,,true,,,,,,,,,,,NaN,NaN,NaN,NaN,NaN,NaN,NaN,NaN,NaN,NaN,NaN,NaN,NaN,NaN,,,,,,,,,,,
f1h34qp5zbfl489q8vnkhiq9s,Esbjerg,2833105839,756,15,2,94,21,L. Vigen,8k4wwchytdstpn0yhrxd5nbv9,1,74.2,48.8,2025-08-09T15:52:57.215,2025-08-09T15:57:13,NaN,"{""id"": 5829545553, ""qualifierId"": 18}",bzj9we66v50c9mb86dc365q8k,Esbjerg vs Kolding,1_Division,2025-08-09,DNK,,NaN,NaN,true,true,true,,NaN,NaN,,NaN,Center,,NaN,,NaN,NaN,NaN,true,NaN,NaN,,NaN,true,NaN,,,52.9,19,NaN,NaN,,78.4,49.5,NaN,NaN,NaN,true,98.4,50.2,885,,,,,0.018725775182247162,0.0,2,3,true,,NaN,NaN,,true,,,,,,,,,,,NaN,NaN,NaN,NaN,true,NaN,NaN,NaN,NaN,NaN,NaN,NaN,NaN,NaN,,,,,,,,,,,
f1h34qp5zbfl489q8vnkhiq9s,Esbjerg,2833107067,763,13,2,95,11,A. Troelsen,bmkwmf5f2ssnw2cq7uga7yd5g,1,90.6,45.8,2025-08-09T15:53:47.661,2025-08-09T15:55:43,1.0,"{""id"": 4611686018471248171, ""qualifierId"": 322, ""value"": ""0.0""}",bzj9we66v50c9mb86dc365q8k,Esbjerg vs Kolding,1_Division,2025-08-09,DNK,,true,true,NaN,NaN,NaN,,true,NaN,,true,Center,,NaN,,NaN,NaN,NaN,NaN,NaN,NaN,,NaN,NaN,true,,,41.3,9.7,NaN,NaN,,96.4,43.5,true,NaN,NaN,NaN,99.0,48.9,NaN,,,,,0.05517919734120369,0.0,3,2,true,,NaN,NaN,,NaN,,,,,,,,,,,NaN,NaN,NaN,NaN,NaN,NaN,NaN,true,NaN,NaN,NaN,NaN,NaN,NaN,,,,,,,,,,,
f1h34qp5zbfl489q8vnkhiq9s,Esbjerg,2833107321,764,13,2,95,12,P. Tjørnelund,37mo55lynu3blqnb8k9ln8k16,1,96.2,47.4,2025-08-09T15:53:48.277,2025-08-09T15:55:56,1.0,"{""id"": 5829558429, ""qualifierId"": 102, ""value"": ""60.5""}",bzj9we66v50c9mb86dc365q8k,Esbjerg vs Kolding,1_Division,2025-08-09,DNK,,NaN,NaN,NaN,true,NaN,,true,NaN,,true,Center,,NaN,,NaN,NaN,NaN,NaN,NaN,NaN,,NaN,NaN,NaN,,,60.5,11.1,true,NaN,,NaN,NaN,NaN,NaN,true,NaN,98.8,48.6,NaN,,,,,0.2516489624977112,0.0,3,2,true,,NaN,NaN,,NaN,,,,,,,,,,,true,NaN,true,NaN,NaN,NaN,NaN,NaN,NaN,NaN,NaN,NaN,NaN,NaN,,,,,,,,,,,
b8oqgvx1ijeyn6y1cn6929ix4,Kolding,2833081093,781,14,2,79,21,I. Tånnander,6bajck5osvj7trnwt2a5mc3dg,1,92.5,60.6,2025-08-09T15:37:57.369,2025-08-09T15:39:09,1.0,"{""id"": 5829413509, ""qualifierId"": 321, ""value"": ""0.33557939529418945""}",bzj9we66v50c9mb86dc365q8k,Esbjerg vs Kolding,1_Division,2025-08-09,DNK,,NaN,true,NaN,true,true,,NaN,NaN,,true,Center,,NaN,,NaN,true,NaN,NaN,NaN,NaN,,NaN,NaN,NaN,,,48.2,39.9,NaN,NaN,,NaN,NaN,true,NaN,true,NaN,97.6,54.2,NaN,,,,,0.33557939529418945,0.0,3,1,NaN,,NaN,NaN,,NaN,,,,,,,,,,,NaN,NaN,NaN,NaN,NaN,NaN,NaN,NaN,NaN,NaN,NaN,NaN,NaN,NaN,,,,,,,,,,,
b8oqgvx1ijeyn6y1cn6929ix4,Kolding,2833111393,898,13,2,67,36,M. Døj,ditbnaezwo4x10717bf53uwb8,1,95.1,45.2,2025-08-09T15:26:12.041,2025-08-09T16:31:44,1.0,"{""id"": 4611686018471249163, ""qualifierId"": 322, ""value"": ""0.0""}",bzj9we66v50c9mb86dc365q8k,Esbjerg vs Kolding,1_Division,2025-08-09,DNK,,NaN,NaN,NaN,NaN,true,,NaN,NaN,,true,Center,,NaN,,NaN,NaN,NaN,NaN,NaN,NaN,,NaN,NaN,true,,,42.2,5.6,true,NaN,,NaN,NaN,NaN,NaN,true,NaN,95.3,54.2,NaN,,,,,0.735566258430481,0.0,1,0,true,,NaN,NaN,,NaN,,,,,,,,,,,true,true,NaN,NaN,NaN,NaN,NaN,NaN,NaN,NaN,NaN,NaN,NaN,NaN,,,,,,,,,,,
f1h34qp5zbfl489q8vnkhiq9s,Esbjerg,2829364629,28,15,1,2,18,P. Bjur,6m4anciafmzc24s44xszymbc9,1,86.1,36.6,2025-07-26T12:05:20.967,2025-07-26T12:06:40,1.0,"{""id"": 5808676281, ""qualifierId"": 63}",bvvrtxnqrk97bjs1us04z7axg,Esbjerg vs Hvidovre,1_Division,2025-07-26,DNK,,NaN,NaN,NaN,NaN,NaN,true,NaN,NaN,,true,Center,NaN,true,,true,NaN,NaN,NaN,NaN,NaN,true,NaN,true,NaN,NaN,,46.1,12.5,NaN,NaN,,92.3,40.6,NaN,NaN,NaN,true,98.5,47.8,21,,,,,0.08710755407810211,0.0,2,2,NaN,,NaN,NaN,,NaN,,,,,,,,,,,NaN,,NaN,NaN,,NaN,,NaN,,NaN,NaN,NaN,NaN,NaN,NaN,NaN,NaN,NaN,NaN,NaN,NaN,,,,
f1h34qp5zbfl489q8vnkhiq9s,Esbjerg,2829365313,49,13,1,4,28,J. Lucena,5sha6xhovfmuzd7rolx1om39w,1,87.0,59.7,2025-07-26T12:07:30.524,2025-07-26T12:08:37,1.0,"{""id"": 5808680295, ""qualifierId"": 103, ""value"": ""1.4""}",bvvrtxnqrk97bjs1us04z7axg,Esbjerg vs Hvidovre,1_Division,2025-07-26,DNK,,NaN,true,NaN,true,NaN,true,NaN,NaN,,true,Center,NaN,NaN,,NaN,NaN,NaN,NaN,NaN,NaN,NaN,NaN,NaN,NaN,NaN,,56.8,1.4,NaN,NaN,,NaN,NaN,true,NaN,NaN,NaN,97.5,52.3,NaN,,,,,0.09775052964687347,0.0,3,2,NaN,,NaN,NaN,,NaN,,,,,,,,,,,NaN,,NaN,NaN,,NaN,,NaN,,NaN,NaN,NaN,NaN,NaN,NaN,NaN,true,NaN,NaN,NaN,NaN,,,,
8gxd9ry2580pu1b1dd5ny9ymy,Hvidovre,2829366399,76,16,1,7,17,N. Clausen,6dzg820946z4848whaa6ny2nd,1,75.2,61.5,2025-07-26T12:10:19.691,2025-07-29T07:29:23,1.0,"{""id"": 5813321547, ""qualifierId"": 395, ""value"": ""98.6""}",bvvrtxnqrk97bjs1us04z7axg,Esbjerg vs Hvidovre,1_Division,2025-07-26,DNK,,NaN,NaN,true,NaN,true,NaN,NaN,NaN,,true,Center,NaN,NaN,,true,NaN,NaN,true,NaN,NaN,NaN,NaN,NaN,NaN,NaN,,52.9,7.6,NaN,NaN,,NaN,NaN,NaN,NaN,NaN,true,98.1,51.1,NaN,,,,,0.03527381271123886,0.06811482459306717,1,2,NaN,,2025-07-26 13:10:18.060,07:15.842,,NaN,,,,,,,,,,,NaN,,NaN,NaN,,NaN,,NaN,,NaN,NaN,98.6,52.5,NaN,NaN,NaN,NaN,NaN,NaN,NaN,NaN,,,,
f1h34qp5zbfl489q8vnkhiq9s,Esbjerg,2829366995,80,16,1,9,35,L. From,6hmsrr08cllpl4iumu92zskbt,1,85.9,58.3,2025-07-26T12:12:38.161,2025-07-29T07:29:24,1.0,"{""id"": 5813323143, ""qualifierId"": 396, ""value"": ""47.3""}",bvvrtxnqrk97bjs1us04z7axg,Esbjerg vs Hvidovre,1_Division,2025-07-26,DNK,,NaN,true,NaN,true,true,NaN,NaN,NaN,,true,Center,NaN,NaN,,NaN,NaN,NaN,NaN,NaN,NaN,true,NaN,NaN,NaN,NaN,,46.1,18.4,NaN,NaN,,NaN,NaN,NaN,NaN,true,NaN,94.6,53.3,NaN,,,,,0.32778939604759216,0.8212955594062805,1,1,NaN,,2025-07-26 13:12:37.210,09:34.992,,NaN,,,,,,,,,,,NaN,,NaN,NaN,,true,,NaN,,NaN,NaN,6.4,47.3,NaN,NaN,NaN,NaN,NaN,NaN,NaN,NaN,,,,
f1h34qp5zbfl489q8vnkhiq9s,Esbjerg,2829368269,115,15,1,13,48,L. From,6hmsrr08cllpl4iumu92zskbt,1,88.6,42.1,2025-07-26T12:16:50.514,2025-07-29T07:29:23,1.0,"{""id"": 5809000239, ""qualifierId"": 17}",bvvrtxnqrk97bjs1us04z7axg,Esbjerg vs Hvidovre,1_Division,2025-07-26,DNK,,true,true,NaN,NaN,true,NaN,NaN,NaN,,true,Center,NaN,NaN,,NaN,NaN,NaN,true,NaN,NaN,NaN,NaN,NaN,NaN,NaN,,52.9,17.1,NaN,NaN,,98.0,47.5,true,NaN,NaN,NaN,NaN,NaN,121,,,,,0.04645371064543724,0.17801983654499054,2,1,true,,NaN,NaN,,NaN,,,,,,,,,,,NaN,,NaN,NaN,,NaN,,NaN,,NaN,NaN,NaN,NaN,NaN,NaN,NaN,NaN,NaN,NaN,NaN,NaN,,,,
f1h34qp5zbfl489q8vnkhiq9s,Esbjerg,2829368599,124,13,1,14,46,L. Vigen,8k4wwchytdstpn0yhrxd5nbv9,1,59.4,43.8,2025-07-26T12:17:49.200,2025-07-26T12:18:59,NaN,"{""id"": 5808698827, ""qualifierId"": 56, ""value"": ""Center""}",bvvrtxnqrk97bjs1us04z7axg,Esbjerg vs Hvidovre,1_Division,2025-07-26,DNK,,NaN,NaN,NaN,true,true,NaN,NaN,NaN,,NaN,Center,NaN,NaN,,NaN,NaN,NaN,NaN,NaN,NaN,NaN,NaN,NaN,NaN,NaN,,51.1,50,NaN,NaN,,NaN,NaN,NaN,NaN,NaN,true,85.1,45.5,NaN,,,,,0.018937578424811363,0.0,1,2,NaN,,NaN,NaN,,true,,,,,,,,,,,NaN,,NaN,true,,NaN,,NaN,,NaN,NaN,NaN,NaN,819,true,NaN,NaN,NaN,NaN,NaN,NaN,,,,
8gxd9ry2580pu1b1dd5ny9ymy,Hvidovre,2829369319,152,13,1,16,58,A. Iljazovski,bfvdr7ckiersz26ya2kq9f1g4,1,90.1,31.1,2025-07-26T12:20:00.964,2025-07-26T12:21:09,1.0,"{""id"": 4611686018471146585, ""qualifierId"": 322, ""value"": ""0.0""}",bvvrtxnqrk97bjs1us04z7axg,Esbjerg vs Hvidovre,1_Division,2025-07-26,DNK,,NaN,NaN,NaN,true,true,NaN,NaN,NaN,,true,Center,NaN,true,,NaN,NaN,NaN,NaN,NaN,NaN,NaN,NaN,NaN,true,NaN,,42.7,15.3,NaN,true,,NaN,NaN,true,NaN,NaN,NaN,99.3,46.8,NaN,,,,,0.07560969889163971,0.0,1,2,NaN,,NaN,NaN,,NaN,,,,,,,,,,,NaN,,NaN,NaN,,NaN,,NaN,,NaN,NaN,NaN,NaN,NaN,NaN,NaN,NaN,NaN,NaN,NaN,NaN,,,,
8gxd9ry2580pu1b1dd5ny9ymy,Hvidovre,2829369737,163,13,1,18,8,A. Smed,dncrhma6gwcn6pxiu7hfc6qz8,1,84.0,53.4,2025-07-26T12:21:10.950,2025-07-26T12:22:22,1.0,"{""id"": 5808705695, ""qualifierId"": 103, ""value"": ""30.6""}",bvvrtxnqrk97bjs1us04z7axg,Esbjerg vs Hvidovre,1_Division,2025-07-26,DNK,,NaN,true,NaN,true,true,NaN,NaN,NaN,,true,Center,NaN,NaN,,NaN,NaN,NaN,NaN,NaN,NaN,NaN,NaN,NaN,true,NaN,,42.4,30.6,NaN,NaN,,NaN,NaN,true,NaN,true,true,92.9,52.2,NaN,,,,,0.28928688168525696,0.0,3,1,NaN,,NaN,NaN,,NaN,,,,,,,,,,,NaN,,NaN,NaN,,NaN,,NaN,,NaN,NaN,NaN,NaN,NaN,NaN,NaN,NaN,NaN,NaN,NaN,NaN,,,,
f1h34qp5zbfl489q8vnkhiq9s,Esbjerg,2829370705,176,15,1,22,31,A. Lausen,ate1ymumg2iwzn8uyyf3ts222,1,81.2,49.9,2025-07-26T12:25:34.102,2025-07-29T08:07:07,1.0,"{""id"": 5808718461, ""qualifierId"": 103, ""value"": ""7.0""}",bvvrtxnqrk97bjs1us04z7axg,Esbjerg vs Hvidovre,1_Division,2025-07-26,DNK,,NaN,NaN,true,true,true,NaN,NaN,NaN,,true,Center,NaN,NaN,,NaN,NaN,NaN,true,NaN,NaN,NaN,NaN,NaN,NaN,NaN,,51.9,7.0,true,NaN,,99.3,48.9,true,NaN,NaN,NaN,NaN,NaN,191,,,,,0.04319687932729721,0.13479556143283844,2,3,true,,NaN,NaN,,NaN,,,,,,,,,,,NaN,,NaN,NaN,,NaN,,NaN,,NaN,NaN,NaN,NaN,NaN,NaN,NaN,NaN,NaN,NaN,NaN,NaN,,,,
f1h34qp5zbfl489q8vnkhiq9s,Esbjerg,2829373191,268,15,1,33,9,A. Lausen,ate1ymumg2iwzn8uyyf3ts222,1,80.8,57.3,2025-07-26T12:36:12.127,2025-07-29T08:07:07,NaN,"{""id"": 5808725019, ""qualifierId"": 22}",bvvrtxnqrk97bjs1us04z7axg,Esbjerg vs Hvidovre,1_Division,2025-07-26,DNK,,NaN,NaN,true,NaN,true,NaN,NaN,NaN,,NaN,Center,NaN,NaN,,true,NaN,NaN,true,NaN,NaN,NaN,NaN,NaN,NaN,NaN,,53.5,3.2,NaN,true,,99.5,49.8,NaN,NaN,NaN,true,NaN,NaN,301,,,,,0.08895023912191391,0.44948065280914307,1,2,NaN,,NaN,NaN,,true,,,,,,,,,,,NaN,,NaN,NaN,,NaN,,NaN,,NaN,NaN,NaN,NaN,NaN,NaN,NaN,NaN,NaN,NaN,NaN,NaN,,,,
8gxd9ry2580pu1b1dd5ny9ymy,Hvidovre,2829374433,332,13,1,36,45,N. Jungvig,3pk6hii2s8tbv2zux8mvbapec,1,91.8,40.7,2025-07-26T12:39:47.455,2025-07-26T12:40:57,1.0,"{""id"": 5808732213, ""qualifierId"": 103, ""value"": ""40.3""}",bvvrtxnqrk97bjs1us04z7axg,Esbjerg vs Hvidovre,1_Division,2025-07-26,DNK,,true,true,NaN,NaN,NaN,NaN,true,NaN,,true,Center,NaN,NaN,,NaN,NaN,NaN,NaN,NaN,NaN,NaN,NaN,NaN,NaN,true,,42.2,40.3,NaN,NaN,,NaN,NaN,true,NaN,NaN,NaN,99.1,49.3,NaN,,,,,0.04905751720070839,0.0,2,1,true,,NaN,NaN,,NaN,,,,,,,,,,,NaN,,NaN,NaN,,NaN,,NaN,,NaN,NaN,NaN,NaN,NaN,NaN,NaN,NaN,NaN,NaN,NaN,NaN,,,,
f1h34qp5zbfl489q8vnkhiq9s,Esbjerg,2829377683,346,13,1,46,45,J. Buus,s8c0oxnoqt6zi7pi88rwawvd,1,93.0,48.7,2025-07-26T12:49:48.079,2025-07-26T12:50:58,1.0,"{""id"": 4611686018471146821, ""qualifierId"": 322, ""value"": ""0.0""}",bvvrtxnqrk97bjs1us04z7axg,Esbjerg vs Hvidovre,1_Division,2025-07-26,DNK,,true,true,NaN,NaN,NaN,NaN,NaN,true,,true,Center,NaN,NaN,,NaN,NaN,NaN,NaN,NaN,NaN,NaN,NaN,NaN,NaN,NaN,,55.0,56.9,NaN,NaN,,NaN,NaN,true,NaN,NaN,NaN,99.4,48.2,NaN,,,,,0.12561921775341034,0.0,2,3,true,,NaN,NaN,,NaN,,,,,,,,,,,NaN,,NaN,true,,NaN,,NaN,,NaN,NaN,NaN,NaN,NaN,NaN,NaN,NaN,NaN,NaN,NaN,NaN,,,,
8gxd9ry2580pu1b1dd5ny9ymy,Hvidovre,2829375135,349,15,1,38,30,M. Egho,4m9sp9mxlsjk6fv7v218yqfv9,1,91.5,38.7,2025-07-26T12:41:32.793,2025-07-26T12:42:44,1.0,"{""id"": 5808736181, ""qualifierId"": 154}",bvvrtxnqrk97bjs1us04z7axg,Esbjerg vs Hvidovre,1_Division,2025-07-26,DNK,,NaN,true,NaN,true,NaN,true,NaN,NaN,,true,Center,NaN,NaN,,NaN,NaN,NaN,true,NaN,NaN,NaN,NaN,true,NaN,NaN,,54.1,18.1,NaN,NaN,,92.0,39.7,true,NaN,NaN,NaN,98.4,48.2,299,,,,,0.1573408991098404,0.0,3,2,true,,NaN,NaN,,NaN,,,,,,,,,,,NaN,,NaN,NaN,,NaN,,NaN,,NaN,NaN,NaN,NaN,NaN,NaN,NaN,NaN,NaN,NaN,NaN,NaN,,,,
f1h34qp5zbfl489q8vnkhiq9s,Esbjerg,2829383221,378,15,2,47,27,L. From,6hmsrr08cllpl4iumu92zskbt,1,88.4,56.6,2025-07-26T13:07:52.330,2025-07-29T08:30:15,1.0,"{""id"": 5813399141, ""qualifierId"": 113}",bvvrtxnqrk97bjs1us04z7axg,Esbjerg vs Hvidovre,1_Division,2025-07-26,DNK,,NaN,true,NaN,true,true,NaN,NaN,NaN,,true,Center,NaN,NaN,,NaN,NaN,NaN,NaN,true,NaN,NaN,NaN,NaN,NaN,NaN,,48.9,4.4,true,NaN,,98.8,50.4,NaN,NaN,NaN,NaN,NaN,NaN,420,,,,,0.05949247255921364,0.07379048317670822,3,2,true,,NaN,NaN,,NaN,,,,,,,,,,,NaN,,NaN,NaN,,NaN,,NaN,,NaN,NaN,NaN,NaN,NaN,NaN,NaN,NaN,true,NaN,NaN,NaN,,,,
f1h34qp5zbfl489q8vnkhiq9s,Esbjerg,2829383247,379,14,2,47,28,P. Bjur,6m4anciafmzc24s44xszymbc9,1,94.0,41.7,2025-07-26T13:07:53.887,2025-07-26T13:09:27,NaN,"{""id"": 5808782287, ""qualifierId"": 56, ""value"": ""Center""}",bvvrtxnqrk97bjs1us04z7axg,Esbjerg vs Hvidovre,1_Division,2025-07-26,DNK,,NaN,true,NaN,true,true,NaN,NaN,NaN,,NaN,Center,NaN,NaN,,NaN,NaN,true,NaN,NaN,NaN,NaN,NaN,NaN,NaN,NaN,,44.4,10.1,NaN,NaN,,NaN,NaN,NaN,NaN,true,NaN,99.0,47.5,NaN,,,,,0.2879394590854645,0.0,1,2,true,,NaN,NaN,,true,,,,,,,,,,,NaN,,NaN,NaN,,NaN,,NaN,,true,378,NaN,NaN,NaN,NaN,NaN,NaN,NaN,NaN,NaN,NaN,,,,
8gxd9ry2580pu1b1dd5ny9ymy,Hvidovre,2829376289,381,13,1,42,35,J. Singh,2cup1vjw8n43kbzzxfflnmplg,1,89.9,45.0,2025-07-26T12:45:38.114,2025-07-26T12:46:48,1.0,"{""id"": 5808742491, ""qualifierId"": 17}",bvvrtxnqrk97bjs1us04z7axg,Esbjerg vs Hvidovre,1_Division,2025-07-26,DNK,,true,true,NaN,NaN,true,NaN,NaN,NaN,,true,Center,NaN,NaN,,NaN,NaN,NaN,NaN,NaN,NaN,NaN,NaN,NaN,NaN,NaN,,52.1,56.9,NaN,NaN,,NaN,NaN,true,NaN,NaN,NaN,98.9,49.3,NaN,,,,,0.053722869604825974,0.0,3,1,true,,NaN,NaN,,NaN,,,,,,,,,,,NaN,,NaN,true,,NaN,,NaN,,NaN,NaN,NaN,NaN,NaN,NaN,NaN,NaN,NaN,NaN,NaN,NaN,,,,
f1h34qp5zbfl489q8vnkhiq9s,Esbjerg,2829383565,383,13,2,48,6,L. From,6hmsrr08cllpl4iumu92zskbt,1,92.1,43.6,2025-07-26T13:08:31.937,2025-07-26T13:09:42,1.0,"{""id"": 5808784023, ""qualifierId"": 326, ""value"": ""1""}",bvvrtxnqrk97bjs1us04z7axg,Esbjerg vs Hvidovre,1_Division,2025-07-26,DNK,,true,true,NaN,NaN,true,NaN,NaN,NaN,,true,Center,NaN,NaN,,NaN,NaN,NaN,NaN,NaN,NaN,NaN,NaN,NaN,true,NaN,,42.5,36.1,NaN,NaN,,NaN,NaN,true,NaN,NaN,NaN,99.4,47.3,NaN,,,,,0.22844216227531433,0.0,1,1,true,,NaN,NaN,,NaN,,,,,,,,,,,NaN,,NaN,NaN,,NaN,,NaN,,NaN,NaN,NaN,NaN,NaN,NaN,NaN,NaN,NaN,NaN,NaN,NaN,,,,
f1h34qp5zbfl489q8vnkhiq9s,Esbjerg,2829385265,422,15,2,51,44,A. Lausen,ate1ymumg2iwzn8uyyf3ts222,1,76.8,47.7,2025-07-26T13:12:09.169,2025-07-26T13:13:58,1.0,"{""id"": 5808795595, ""qualifierId"": 215}",bvvrtxnqrk97bjs1us04z7axg,Esbjerg vs Hvidovre,1_Division,2025-07-26,DNK,,NaN,NaN,true,NaN,true,NaN,NaN,NaN,,true,Center,NaN,NaN,,true,NaN,NaN,NaN,NaN,NaN,true,NaN,true,NaN,NaN,,46.1,19,NaN,NaN,,80.2,47.5,NaN,NaN,NaN,true,98.4,50,451,,,,,0.03587052598595619,0.0,2,3,NaN,,NaN,NaN,,NaN,,,,,,,,,,,NaN,,NaN,NaN,,NaN,,NaN,,NaN,NaN,NaN,NaN,NaN,NaN,NaN,NaN,NaN,NaN,NaN,NaN,,,,
f1h34qp5zbfl489q8vnkhiq9s,Esbjerg,2829385465,432,13,2,52,10,M. Maden,15yli690oxmbr4dl1ksti2p9m,1,77.5,69.3,2025-07-26T13:12:35.883,2025-07-26T13:13:41,1.0,"{""id"": 5808794657, ""qualifierId"": 327, ""value"": ""2""}",bvvrtxnqrk97bjs1us04z7axg,Esbjerg vs Hvidovre,1_Division,2025-07-26,DNK,,NaN,NaN,true,true,true,NaN,NaN,NaN,,true,Center,NaN,NaN,,NaN,true,NaN,NaN,NaN,NaN,NaN,NaN,NaN,NaN,NaN,,47.9,79.2,NaN,NaN,,NaN,NaN,NaN,NaN,NaN,true,97.6,52.5,NaN,,,,,0.02067273110151291,0.0,2,2,NaN,,NaN,NaN,,NaN,,,,,,,,,,,NaN,,NaN,NaN,,NaN,,NaN,,NaN,NaN,NaN,NaN,NaN,NaN,NaN,NaN,NaN,NaN,NaN,NaN,,,,
8gxd9ry2580pu1b1dd5ny9ymy,Hvidovre,2829384997,444,13,2,51,1,F. Krogstad,dm6xpphbyyooqriwaambi7njd,1,84.7,36.2,2025-07-26T13:11:27.103,2025-07-26T13:12:38,1.0,"{""id"": 5808791993, ""qualifierId"": 22}",bvvrtxnqrk97bjs1us04z7axg,Esbjerg vs Hvidovre,1_Division,2025-07-26,DNK,,NaN,NaN,NaN,true,true,NaN,NaN,NaN,,true,Center,NaN,true,,NaN,NaN,NaN,NaN,NaN,NaN,NaN,true,NaN,NaN,NaN,,41.2,80.6,true,NaN,,NaN,NaN,true,NaN,NaN,NaN,99.0,47.3,NaN,,,,,0.05748928710818291,0.0,1,2,true,,NaN,NaN,,NaN,,,,,,,,,,,NaN,,NaN,NaN,,NaN,,NaN,,NaN,NaN,NaN,NaN,NaN,NaN,NaN,NaN,NaN,NaN,NaN,NaN,,,,
f1h34qp5zbfl489q8vnkhiq9s,Esbjerg,2829388169,465,16,2,57,52,T. Freriks,4jve632xnmqujh4ioaxpaovai,1,95.4,44.4,2025-07-26T13:18:18.070,2025-07-29T09:29:03,1.0,"{""id"": 5808811019, ""qualifierId"": 154}",bvvrtxnqrk97bjs1us04z7axg,Esbjerg vs Hvidovre,1_Division,2025-07-26,DNK,,NaN,NaN,NaN,NaN,NaN,NaN,NaN,true,,true,Center,true,NaN,,true,NaN,NaN,true,NaN,NaN,NaN,NaN,NaN,NaN,NaN,,52.9,3.8,true,NaN,,NaN,NaN,true,NaN,NaN,NaN,99.4,48.0,NaN,,,,,0.14348717033863068,0.7622661590576172,3,2,true,,2025-07-26 14:18:17.701,57:52.538,,NaN,,,,,,,,,,,NaN,,NaN,NaN,,NaN,,NaN,,NaN,NaN,99.4,48.2,NaN,NaN,NaN,NaN,NaN,463,true,NaN,,,,
f1h34qp5zbfl489q8vnkhiq9s,Esbjerg,2829389839,503,13,2,62,23,J. Ankersen,4mxciw9jsj9l437fd7bv78p91,1,86.7,43.6,2025-07-26T13:22:48.228,2025-07-26T13:26:04,1.0,"{""id"": 5808819813, ""qualifierId"": 22}",bvvrtxnqrk97bjs1us04z7axg,Esbjerg vs Hvidovre,1_Division,2025-07-26,DNK,,NaN,true,NaN,true,true,NaN,NaN,NaN,,true,Center,NaN,NaN,,NaN,NaN,NaN,NaN,NaN,NaN,NaN,NaN,NaN,NaN,NaN,,60.8,2.8,NaN,NaN,,96.2,57.0,true,NaN,NaN,NaN,98.4,49.8,NaN,,,,,0.13642679154872894,0.0,2,3,NaN,,NaN,NaN,,NaN,,,,,,,,,,,NaN,,true,NaN,,NaN,,true,,NaN,NaN,NaN,NaN,NaN,NaN,NaN,NaN,NaN,NaN,NaN,NaN,,,,
f1h34qp5zbfl489q8vnkhiq9s,Esbjerg,2829392773,553,15,2,69,38,A. Troelsen,bmkwmf5f2ssnw2cq7uga7yd5g,1,96.5,48.7,2025-07-26T13:30:03.571,2025-07-29T09:29:03,1.0,"{""id"": 5808957525, ""qualifierId"": 233, ""value"": ""579""}",bvvrtxnqrk97bjs1us04z7axg,Esbjerg vs Hvidovre,1_Division,2025-07-26,DNK,,true,NaN,NaN,NaN,NaN,NaN,NaN,NaN,,true,Center,NaN,NaN,,NaN,NaN,NaN,NaN,NaN,true,NaN,NaN,NaN,NaN,NaN,,50.0,31.6,NaN,NaN,,99.3,49.5,true,true,NaN,NaN,NaN,NaN,579,,,,,0.31486067175865173,0.20179004967212677,3,2,true,,NaN,NaN,,NaN,,,,,,,,,,,true,,NaN,NaN,,NaN,,NaN,,NaN,NaN,NaN,NaN,NaN,NaN,NaN,NaN,NaN,NaN,NaN,NaN,,,,
8gxd9ry2580pu1b1dd5ny9ymy,Hvidovre,2829393255,594,15,2,70,43,A. Iljazovski,bfvdr7ckiersz26ya2kq9f1g4,1,87.4,34.9,2025-07-26T13:31:08.322,2025-07-26T13:32:25,NaN,"{""id"": 5808839235, ""qualifierId"": 82}",bvvrtxnqrk97bjs1us04z7axg,Esbjerg vs Hvidovre,1_Division,2025-07-26,DNK,,NaN,NaN,NaN,true,true,NaN,NaN,NaN,,NaN,Center,NaN,true,,NaN,NaN,NaN,true,NaN,NaN,NaN,NaN,true,NaN,NaN,,54.6,19,true,NaN,,90.7,40.1,NaN,NaN,NaN,true,98.5,47.1,559,,,,,0.02385077252984047,0.0,3,3,true,,NaN,NaN,,true,,,,,,,,,,,NaN,,NaN,NaN,,NaN,,NaN,,NaN,NaN,NaN,NaN,NaN,NaN,NaN,NaN,NaN,NaN,NaN,NaN,,,,
8gxd9ry2580pu1b1dd5ny9ymy,Hvidovre,2829394303,617,13,2,73,39,M. Knudsen,1basznqpux0hkrrd06eaxodsl,1,95.1,59.9,2025-07-26T13:34:04.572,2025-07-26T13:35:11,NaN,"{""id"": 5808844701, ""qualifierId"": 22}",bvvrtxnqrk97bjs1us04z7axg,Esbjerg vs Hvidovre,1_Division,2025-07-26,DNK,,NaN,NaN,NaN,NaN,true,NaN,NaN,NaN,,NaN,Center,NaN,NaN,,true,NaN,NaN,NaN,NaN,NaN,NaN,NaN,NaN,NaN,NaN,,60.5,25,true,NaN,,NaN,NaN,NaN,NaN,NaN,NaN,99.1,52.7,NaN,,,,,0.1136278286576271,0.0,2,2,true,,NaN,NaN,,true,,,,,,,,,,,NaN,,true,NaN,,NaN,,NaN,,NaN,NaN,NaN,NaN,NaN,NaN,true,NaN,NaN,NaN,NaN,true,,,,
8gxd9ry2580pu1b1dd5ny9ymy,Hvidovre,2829394775,627,13,2,68,14,O. Kjærgaard,cl4xl80n4gew1ox03r3ooshrd,1,89.9,57.5,2025-07-26T13:28:39.349,2025-07-26T13:36:44,1.0,"{""id"": 5808847535, ""qualifierId"": 153}",bvvrtxnqrk97bjs1us04z7axg,Esbjerg vs Hvidovre,1_Division,2025-07-26,DNK,,true,true,NaN,NaN,NaN,NaN,NaN,NaN,,true,Center,NaN,NaN,,NaN,NaN,true,NaN,NaN,NaN,NaN,NaN,NaN,NaN,NaN,,34.8,18.1,NaN,NaN,,92.4,50.0,true,true,NaN,NaN,98.6,51.3,NaN,,,,,0.05142126604914665,0.0,2,1,true,,NaN,NaN,,NaN,,,,,,,,,,,NaN,,NaN,NaN,,NaN,,true,,NaN,NaN,NaN,NaN,NaN,NaN,NaN,NaN,NaN,NaN,NaN,NaN,,,,
8gxd9ry2580pu1b1dd5ny9ymy,Hvidovre,2829399973,785,13,2,94,52,O. Kjærgaard,cl4xl80n4gew1ox03r3ooshrd,1,86.8,33.1,2025-07-26T13:55:17.411,2025-07-26T13:56:27,1.0,"{""id"": 5809086121, ""qualifierId"": 20}",bvvrtxnqrk97bjs1us04z7axg,Esbjerg vs Hvidovre,1_Division,2025-07-26,DNK,,NaN,NaN,NaN,true,true,NaN,NaN,NaN,,true,Center,NaN,true,,NaN,true,NaN,NaN,NaN,NaN,NaN,NaN,NaN,NaN,NaN,,53.8,62.5,NaN,NaN,,NaN,NaN,true,NaN,NaN,NaN,98.6,46.9,NaN,,,,,0.04746473953127861,0.0,2,2,NaN,,NaN,NaN,,NaN,,,,,,,,,,,NaN,,NaN,NaN,,NaN,,NaN,,NaN,NaN,NaN,NaN,NaN,NaN,NaN,NaN,NaN,NaN,NaN,NaN,,,,
eq2jaitwsokibzx3wy7kb5gqp,Middelfart,2831059079,50,15,1,4,0,J. Linnet,19gornjqd7f2ugeg8mg0gs4q,1,76.2,29.1,2025-08-02T12:04:51.523,2025-08-04T08:29:16,1.0,"{""id"": 5818127085, ""qualifierId"": 22}",by2sta5en0sozh790af0qqo0k,Middelfart vs Esbjerg,1_Division,2025-08-02,DNK,,NaN,NaN,true,NaN,true,NaN,NaN,NaN,,true,Center,,NaN,NaN,true,NaN,,NaN,true,NaN,,,NaN,,NaN,,50.8,8.2,NaN,NaN,,98.9,47.8,NaN,,,true,NaN,NaN,54,,,,,0.011822436936199665,0.016869110986590385,3,2,NaN,,NaN,NaN,,NaN,,,,,,,,,,,,,NaN,,,,,NaN,,,,NaN,NaN,,,,,NaN,,,,NaN,NaN,NaN,NaN
eq2jaitwsokibzx3wy7kb5gqp,Middelfart,2831062537,94,13,1,12,1,B. Bytyqi,a5ah5r5vl0pjgt655lc5qqvop,1,91.1,24.4,2025-08-02T12:12:52.476,2025-08-02T12:14:00,1.0,"{""id"": 5818146951, ""qualifierId"": 103, ""value"": ""41.7""}",by2sta5en0sozh790af0qqo0k,Middelfart vs Esbjerg,1_Division,2025-08-02,DNK,,NaN,NaN,NaN,true,true,NaN,NaN,NaN,,true,Center,,true,NaN,NaN,NaN,,NaN,NaN,NaN,,,NaN,,true,,43.9,41.7,NaN,NaN,,NaN,NaN,NaN,,,true,99.3,43.3,NaN,,,,,0.023391610011458397,0.0,3,2,NaN,,NaN,NaN,,NaN,,,,,,,,,,,,,NaN,,,,,NaN,,,,NaN,NaN,,,,,NaN,,,,NaN,NaN,NaN,NaN
f1h34qp5zbfl489q8vnkhiq9s,Esbjerg,2831063027,157,15,1,13,8,J. Lucena,5sha6xhovfmuzd7rolx1om39w,1,85.2,52.6,2025-08-02T12:13:59.159,2025-08-02T12:15:08,NaN,"{""id"": 5818149497, ""qualifierId"": 17}",by2sta5en0sozh790af0qqo0k,Middelfart vs Esbjerg,1_Division,2025-08-02,DNK,,NaN,true,NaN,true,true,NaN,NaN,NaN,,NaN,Center,,NaN,NaN,NaN,NaN,,true,NaN,NaN,,,true,,NaN,,53.1,19,NaN,NaN,,88.2,52.7,NaN,,,true,93.8,50.9,97,,,,,0.141518235206604,0.0,2,2,NaN,,NaN,NaN,,true,,,,,,,,,,,,,NaN,,,,,NaN,,,,NaN,NaN,,,,,NaN,,,,NaN,NaN,NaN,NaN
f1h34qp5zbfl489q8vnkhiq9s,Esbjerg,2831063405,162,13,1,13,58,J. Buus,s8c0oxnoqt6zi7pi88rwawvd,1,75.3,41.9,2025-08-02T12:14:49.208,2025-08-02T12:15:57,1.0,"{""id"": 5818152153, ""qualifierId"": 154}",by2sta5en0sozh790af0qqo0k,Middelfart vs Esbjerg,1_Division,2025-08-02,DNK,,NaN,NaN,true,true,NaN,NaN,NaN,true,,true,Center,,NaN,NaN,NaN,NaN,,NaN,NaN,NaN,,,NaN,,NaN,,60.5,76.4,true,NaN,,NaN,NaN,true,,,true,98.9,50.4,NaN,,,,,0.011834978125989437,0.0,1,3,true,,NaN,NaN,,NaN,,,,,,,,,,,,,NaN,,,,,NaN,,,,NaN,NaN,,,,,NaN,,,,NaN,true,NaN,NaN
eq2jaitwsokibzx3wy7kb5gqp,Middelfart,2831069515,166,15,1,28,17,E. Andersen,46nx0rm8sod6bbo4a3d7g6jv8,1,88.1,53.2,2025-08-02T12:29:08.664,2025-08-02T12:30:53,1.0,"{""id"": 5818186699, ""qualifierId"": 56, ""value"": ""Center""}",by2sta5en0sozh790af0qqo0k,Middelfart vs Esbjerg,1_Division,2025-08-02,DNK,,NaN,true,NaN,NaN,true,NaN,NaN,NaN,,true,Center,,NaN,NaN,true,NaN,,NaN,true,NaN,,,true,,NaN,,50.4,19,NaN,NaN,,90.2,52.7,NaN,,,NaN,98.9,50.9,239,,,,,0.09979628771543503,0.0,3,2,NaN,,NaN,NaN,,NaN,,,,,,,,,,,,,NaN,,,,,NaN,,,,NaN,NaN,,,,,NaN,,,,NaN,NaN,NaN,NaN
f1h34qp5zbfl489q8vnkhiq9s,Esbjerg,2831070975,282,13,1,32,36,S. Eng Strand,f5gja2wqjlm60rideia16jpm2,1,71.9,60.3,2025-08-02T12:33:27.512,2025-08-02T12:34:35,1.0,"{""id"": 5823530413, ""qualifierId"": 77}",by2sta5en0sozh790af0qqo0k,Middelfart vs Esbjerg,1_Division,2025-08-02,DNK,,NaN,NaN,true,NaN,true,NaN,NaN,NaN,,true,Center,,NaN,NaN,true,NaN,,NaN,NaN,NaN,,,NaN,,NaN,,58.7,83.3,NaN,NaN,,NaN,NaN,NaN,,,true,98.2,51.1,NaN,,,,,0.021075807511806488,0.0,1,3,NaN,,NaN,NaN,,NaN,,,,,,,,,,,,,NaN,,,,,NaN,,,,NaN,NaN,,,,,NaN,,,,NaN,true,NaN,NaN
eq2jaitwsokibzx3wy7kb5gqp,Middelfart,2831082721,318,13,2,48,2,B. Bytyqi,a5ah5r5vl0pjgt655lc5qqvop,1,90.2,61.5,2025-08-02T13:04:21.669,2025-08-02T13:05:31,1.0,"{""id"": 5818262297, ""qualifierId"": 56, ""value"": ""Center""}",by2sta5en0sozh790af0qqo0k,Middelfart vs Esbjerg,1_Division,2025-08-02,DNK,,true,true,NaN,NaN,NaN,true,NaN,NaN,,true,Center,,NaN,NaN,NaN,NaN,,NaN,NaN,NaN,,,NaN,,NaN,,66.2,5.6,NaN,NaN,,NaN,NaN,true,,,NaN,99.5,53.6,NaN,,,,,0.07992461323738098,0.0,1,2,true,,NaN,NaN,,NaN,,,,,,,,,,,,,true,,,,,NaN,,,,NaN,NaN,,,,,NaN,,,,NaN,NaN,NaN,NaN
f1h34qp5zbfl489q8vnkhiq9s,Esbjerg,2831075433,405,15,1,44,4,L. From,6hmsrr08cllpl4iumu92zskbt,1,77.5,71.8,2025-08-02T12:44:55.084,2025-08-02T12:46:03,1.0,"{""id"": 5818222009, ""qualifierId"": 103, ""value"": ""19""}",by2sta5en0sozh790af0qqo0k,Middelfart vs Esbjerg,1_Division,2025-08-02,DNK,,NaN,NaN,true,true,true,NaN,NaN,NaN,,true,Center,,NaN,NaN,NaN,NaN,,true,NaN,NaN,,,true,,NaN,,53.1,19,NaN,NaN,,91.4,60.3,NaN,,,true,98.6,53.1,270,,,,,0.02950049191713333,0.0,1,3,NaN,,NaN,NaN,,NaN,,,,,,,,,,,,,NaN,,,,,NaN,,,,NaN,NaN,,,,,NaN,,,,NaN,NaN,NaN,NaN
eq2jaitwsokibzx3wy7kb5gqp,Middelfart,2831089771,475,13,2,67,2,E. Andersen,46nx0rm8sod6bbo4a3d7g6jv8,1,72.5,66.0,2025-08-02T13:23:21.382,2025-08-02T13:24:28,NaN,"{""id"": 5818302267, ""qualifierId"": 327, ""value"": ""3""}",by2sta5en0sozh790af0qqo0k,Middelfart vs Esbjerg,1_Division,2025-08-02,DNK,,NaN,NaN,true,true,NaN,NaN,NaN,true,,NaN,Center,,NaN,NaN,NaN,true,,NaN,NaN,NaN,,,NaN,,NaN,,55.5,98.6,NaN,NaN,,NaN,NaN,NaN,,,true,97.6,51.8,NaN,,,,,0.01027402188628912,0.0,1,3,true,,NaN,NaN,,true,,,,,,,,,,,,,NaN,,,,,NaN,,,,NaN,NaN,,,,,true,,,,NaN,NaN,NaN,NaN
f1h34qp5zbfl489q8vnkhiq9s,Esbjerg,2831083693,489,15,2,51,5,L. Vigen,8k4wwchytdstpn0yhrxd5nbv9,1,82.2,46.8,2025-08-02T13:07:24.404,2025-08-02T13:08:41,1.0,"{""id"": 5818267749, ""qualifierId"": 22}",by2sta5en0sozh790af0qqo0k,Middelfart vs Esbjerg,1_Division,2025-08-02,DNK,,NaN,NaN,true,true,true,NaN,NaN,NaN,,true,Center,,NaN,NaN,NaN,NaN,,true,NaN,NaN,,,true,,NaN,,54.4,19,NaN,NaN,,86.3,48.6,true,,,NaN,99.1,46.8,350,,,,,0.1749410778284073,0.0,1,3,NaN,,NaN,NaN,,NaN,,,,,,,,,,,,,NaN,,,,,NaN,,,,NaN,NaN,,,,,NaN,,,,NaN,NaN,NaN,NaN
eq2jaitwsokibzx3wy7kb5gqp,Middelfart,2831091919,534,15,2,72,48,B. Bytyqi,a5ah5r5vl0pjgt655lc5qqvop,1,90.2,59.3,2025-08-02T13:29:07.721,2025-08-04T12:29:20,1.0,"{""id"": 5818322395, ""qualifierId"": 103, ""value"": ""4.4""}",by2sta5en0sozh790af0qqo0k,Middelfart vs Esbjerg,1_Division,2025-08-02,DNK,,NaN,true,NaN,NaN,true,NaN,NaN,NaN,,true,Center,,NaN,NaN,true,NaN,,NaN,true,NaN,,,NaN,,NaN,,50.1,4.4,NaN,NaN,,93.7,56.0,true,,,NaN,NaN,NaN,662,,,,,0.23373857140541077,0.20314201712608337,3,1,NaN,,NaN,NaN,,NaN,,,,,,,,,,,,,NaN,,,,,NaN,,,,NaN,NaN,,,,,NaN,,,,NaN,NaN,NaN,NaN
eq2jaitwsokibzx3wy7kb5gqp,Middelfart,2831092477,560,13,2,74,27,A. Akalé,d0ozf1itum1cvg6704dch7uac,1,97.1,34.4,2025-08-02T13:30:45.990,2025-08-02T14:43:49,1.0,"{""id"": 5818609781, ""qualifierId"": 326, ""value"": ""1""}",by2sta5en0sozh790af0qqo0k,Middelfart vs Esbjerg,1_Division,2025-08-02,DNK,,NaN,NaN,NaN,true,true,NaN,NaN,NaN,,true,Center,,NaN,NaN,NaN,NaN,,NaN,NaN,NaN,,,NaN,,NaN,,99.8,16.7,true,NaN,,96.3,100.0,true,,,NaN,99.7,45.7,NaN,,,,,0.03586495295166969,0.0,1,1,true,,NaN,NaN,,NaN,,,,,,,,,,,,,true,,,,,true,,,,NaN,NaN,,,,,NaN,,,,true,NaN,NaN,true
f1h34qp5zbfl489q8vnkhiq9s,Esbjerg,2831087011,567,16,2,59,42,A. Lausen,ate1ymumg2iwzn8uyyf3ts222,1,89.5,41.5,2025-08-02T13:16:01.575,2025-08-04T13:44:03,1.0,"{""id"": 5818286571, ""qualifierId"": 22}",by2sta5en0sozh790af0qqo0k,Middelfart vs Esbjerg,1_Division,2025-08-02,DNK,,NaN,true,NaN,true,true,NaN,NaN,NaN,,true,Center,,NaN,NaN,NaN,NaN,,NaN,NaN,true,,,NaN,,NaN,,48.9,31.6,NaN,NaN,,NaN,NaN,true,,,NaN,99.7,46.0,NaN,,,,,0.2676130533218384,0.7492430806159973,1,3,true,,2025-08-02 14:16:00.828,59:41.935,,NaN,,,,,,,,,,,,,NaN,,,,,NaN,,,,0.4,53.5,,,,,NaN,,,,NaN,NaN,true,NaN
eq2jaitwsokibzx3wy7kb5gqp,Middelfart,2831093401,579,15,2,77,31,M. Kristensen,1znq0m3xloag4frfu715yy8lw,1,78.8,34.6,2025-08-02T13:33:50.233,2025-08-02T13:36:32,1.0,"{""id"": 5818323347, ""qualifierId"": 56, ""value"": ""Center""}",by2sta5en0sozh790af0qqo0k,Middelfart vs Esbjerg,1_Division,2025-08-02,DNK,,NaN,NaN,true,true,NaN,NaN,true,NaN,,true,Center,,NaN,NaN,NaN,NaN,,true,NaN,NaN,,,true,,NaN,,51.8,19,NaN,NaN,,80.5,36.0,true,,,true,98.9,48.6,706,,,,,0.010118507780134678,0.0,3,2,NaN,,NaN,NaN,,NaN,,,,,,,,,,,,,NaN,,,,,NaN,,,,NaN,NaN,,,,,NaN,,,,NaN,NaN,NaN,NaN
f1h34qp5zbfl489q8vnkhiq9s,Esbjerg,2831088449,604,15,2,63,55,L. From,6hmsrr08cllpl4iumu92zskbt,1,86.5,69.7,2025-08-02T13:20:14.813,2025-08-02T13:21:46,1.0,"{""id"": 5818296335, ""qualifierId"": 29}",by2sta5en0sozh790af0qqo0k,Middelfart vs Esbjerg,1_Division,2025-08-02,DNK,,NaN,NaN,NaN,true,true,NaN,NaN,NaN,,true,Center,,NaN,true,NaN,NaN,,true,NaN,NaN,,,true,,NaN,,52.3,19,NaN,NaN,,91.0,63.9,NaN,,,true,99.4,52.3,453,,,,,0.022403502836823463,0.0,3,2,NaN,,NaN,NaN,,NaN,,,,,,,,,,,,,NaN,,,,,NaN,,,,NaN,NaN,,,,,NaN,,,,NaN,NaN,NaN,NaN
f1h34qp5zbfl489q8vnkhiq9s,Esbjerg,2831091713,660,15,2,72,5,T. Freriks,4jve632xnmqujh4ioaxpaovai,1,79.1,53.4,2025-08-02T13:28:24.626,2025-08-04T12:29:21,1.0,"{""id"": 5818313289, ""qualifierId"": 56, ""value"": ""Center""}",by2sta5en0sozh790af0qqo0k,Middelfart vs Esbjerg,1_Division,2025-08-02,DNK,,NaN,NaN,true,NaN,true,NaN,NaN,NaN,,true,Center,,NaN,NaN,true,NaN,,NaN,true,NaN,,,NaN,,NaN,,48.5,3.2,NaN,NaN,,99.3,46.9,NaN,,,true,NaN,NaN,522,,,,,0.0920608714222908,0.07262562960386276,2,2,NaN,,NaN,NaN,,NaN,,,,,,,,,,,,,NaN,,,,,NaN,,,,NaN,NaN,,,,,NaN,,,,NaN,NaN,NaN,NaN
eq2jaitwsokibzx3wy7kb5gqp,Middelfart,2831097069,698,13,2,91,52,M. Greve,ef7l91pb4w6yk7lijxjxlievp,1,89.8,45.0,2025-08-02T13:48:11.025,2025-08-02T13:49:20,1.0,"{""id"": 4611686018471193763, ""qualifierId"": 322, ""value"": ""0.0""}",by2sta5en0sozh790af0qqo0k,Middelfart vs Esbjerg,1_Division,2025-08-02,DNK,,true,true,NaN,NaN,true,NaN,NaN,NaN,,true,Center,,NaN,NaN,NaN,true,,NaN,NaN,NaN,,,NaN,,NaN,,44.9,73.6,NaN,NaN,,NaN,NaN,true,,,NaN,99.3,50,NaN,,,,,0.037804145365953445,0.0,3,3,true,,NaN,NaN,,NaN,,,,,,,,,,,,,NaN,,,,,NaN,,,,NaN,NaN,,,,,NaN,,,,NaN,NaN,NaN,NaN
f1h34qp5zbfl489q8vnkhiq9s,Esbjerg,2831097461,822,15,2,93,43,T. Freriks,4jve632xnmqujh4ioaxpaovai,1,90.1,64.5,2025-08-02T13:50:02.274,2025-08-04T13:44:03,1.0,"{""id"": 5818347597, ""qualifierId"": 102, ""value"": ""50.1""}",by2sta5en0sozh790af0qqo0k,Middelfart vs Esbjerg,1_Division,2025-08-02,DNK,,NaN,NaN,NaN,NaN,NaN,true,NaN,NaN,,true,Center,,NaN,true,true,NaN,,NaN,true,NaN,,,NaN,,NaN,,50.1,5.7,NaN,true,,93.0,59.9,NaN,,,true,NaN,NaN,718,,,,,0.35035669803619385,0.2247619330883026,2,1,NaN,,NaN,NaN,,NaN,,,,,,,,,,,,,NaN,,,,,NaN,,,,NaN,NaN,,,,,NaN,,,,NaN,NaN,NaN,NaN
