contestantId,team_name,id,eventId,typeId,periodId,timeMin,timeSec,playerName,playerId,outcome,x,y,timeStamp,lastModified,assist,qualifier,match_id,label,league_name,date,country,15,16,17,18,20,21,22,23,24,25,26,29,56,61,62,64,72,73,74,75,76,77,78,79,80,81,82,84,85,100,102,103,108,114,133,146,147,153,154,214,215,230,231,233,254,321,322,323,324,326,327,328,338,374,375,395,396,458,468,sequenceId,possessionId,keyPass,140,141,318,210,6,9,107,63,83,87,101,120,121,138,192,275,280,281,282,353,390,391,472,19,89,160,273,69,136,139
36g6ifzjliec1jqnbtf7yesme,AaB,2833723177,67,15,1,4,58,M. Bomholt,ejixz16616b7krftxyzv9yiac,1,80.2,38.5,2025-08-10T14:03:58.522,2025-08-10T15:03:48,1.0,"{""id"": 5832965951, ""qualifierId"": 22}",c0oowstsjlw429lgzrkqhbu38,HB Køge vs AaB,1_Division,2025-08-10,DNK,NaN,NaN,NaN,true,NaN,NaN,true,NaN,NaN,NaN,NaN,true,Center,NaN,NaN,NaN,true,NaN,NaN,NaN,NaN,NaN,true,NaN,NaN,NaN,true,NaN,NaN,NaN,51.1,19,NaN,NaN,NaN,82.7,40.1,NaN,NaN,NaN,true,97.6,46.9,39,NaN,0.0584300197660923,0.0,NaN,NaN,2,2,NaN,NaN,NaN,NaN,NaN,NaN,NaN,NaN,,,,,,,,,,,,,,,,,,,,,,,,,,,,,,,,,
8cfkisxf1fkxdqtt6tx1tup48,HB Køge,2833726313,79,13,1,10,5,G. Larsen,3mgrufy83uhzs9liw8pwxi784,1,96.8,36.1,2025-08-10T14:09:06.068,2025-08-10T14:40:38,1.0,"{""id"": 5832983751, ""qualifierId"": 56, ""value"": ""Center""}",c0oowstsjlw429lgzrkqhbu38,HB Køge vs AaB,1_Division,2025-08-10,DNK,NaN,NaN,NaN,NaN,true,NaN,true,NaN,NaN,NaN,NaN,true,Center,NaN,true,NaN,NaN,NaN,NaN,NaN,NaN,NaN,NaN,NaN,NaN,NaN,NaN,NaN,true,NaN,51.4,52.8,NaN,NaN,NaN,NaN,NaN,NaN,true,true,NaN,99.4,44.4,NaN,NaN,0.0625130906701088,0.0,NaN,NaN,3,2,true,NaN,NaN,NaN,NaN,NaN,NaN,NaN,,,,,,,,,,,,,,,,,,,,,,,,,,,,,,,,,
36g6ifzjliec1jqnbtf7yesme,AaB,2833724045,86,15,1,6,27,K. John,5vrsflxiv2dgfa8199a2qxsve,1,93.4,45.8,2025-08-10T14:05:27.388,2025-08-12T07:29:08,1.0,"{""id"": 5832971697, ""qualifierId"": 147, ""value"": ""49.5""}",c0oowstsjlw429lgzrkqhbu38,HB Køge vs AaB,1_Division,2025-08-10,DNK,true,NaN,true,NaN,NaN,NaN,true,NaN,NaN,NaN,NaN,true,Center,NaN,NaN,NaN,NaN,NaN,NaN,NaN,NaN,NaN,NaN,NaN,NaN,true,NaN,NaN,NaN,NaN,45.8,21.5,NaN,NaN,NaN,99.1,49.5,NaN,true,true,NaN,NaN,NaN,47,NaN,0.20591755211353302,0.885301411151886,NaN,NaN,3,1,true,NaN,NaN,NaN,NaN,NaN,NaN,NaN,,,,,,,,,,,,,,,,,,,,,,,,,,,,,,,,,
36g6ifzjliec1jqnbtf7yesme,AaB,2833724065,87,13,1,6,29,K. John,5vrsflxiv2dgfa8199a2qxsve,1,97.7,45.2,2025-08-10T14:05:29.885,2025-08-10T14:06:53,NaN,"{""id"": 5833068125, ""qualifierId"": 338, ""value"": ""86""}",c0oowstsjlw429lgzrkqhbu38,HB Køge vs AaB,1_Division,2025-08-10,DNK,NaN,true,NaN,NaN,NaN,true,true,NaN,NaN,NaN,NaN,NaN,Center,NaN,NaN,NaN,NaN,NaN,NaN,true,NaN,NaN,NaN,NaN,NaN,NaN,NaN,NaN,NaN,NaN,40.7,16.7,NaN,NaN,NaN,NaN,NaN,NaN,NaN,true,NaN,98.9,48.9,NaN,NaN,0.4437437355518341,0.0,true,NaN,2,1,NaN,86,NaN,NaN,NaN,NaN,true,NaN,,,,,,,,,,,,,,,,,,,,,,,,,,,,,,,,,
8cfkisxf1fkxdqtt6tx1tup48,HB Køge,2833727887,107,15,1,12,39,I. Dorgu,bmvcofmie6om4muxij4kdkro4,1,91.1,42.1,2025-08-10T14:11:39.333,2025-08-12T07:29:08,1.0,"{""id"": 5832992791, ""qualifierId"": 22}",c0oowstsjlw429lgzrkqhbu38,HB Køge vs AaB,1_Division,2025-08-10,DNK,NaN,NaN,true,NaN,true,NaN,true,NaN,NaN,NaN,NaN,true,Center,NaN,NaN,NaN,NaN,NaN,NaN,NaN,NaN,NaN,NaN,NaN,true,NaN,NaN,NaN,NaN,NaN,47.3,17.1,NaN,NaN,NaN,99.3,49.5,NaN,true,NaN,NaN,NaN,NaN,145,NaN,0.07910038530826569,0.3624879717826843,NaN,NaN,3,2,true,NaN,NaN,NaN,NaN,NaN,NaN,NaN,,,,,,,,,,,,,,,,,,,,,,,,,,,,,,,,,
8cfkisxf1fkxdqtt6tx1tup48,HB Køge,2833732641,169,13,1,19,42,M. Jensen,619s1phj5bkgkug3aszc1y9cl,1,76.8,39.5,2025-08-10T14:18:42.916,2025-08-10T14:19:50,1.0,"{""id"": 5833026115, ""qualifierId"": 102, ""value"": ""41.7""}",c0oowstsjlw429lgzrkqhbu38,HB Køge vs AaB,1_Division,2025-08-10,DNK,NaN,NaN,NaN,true,NaN,NaN,NaN,NaN,NaN,true,NaN,true,Center,NaN,NaN,NaN,true,NaN,NaN,NaN,NaN,NaN,NaN,NaN,NaN,NaN,NaN,true,NaN,NaN,41.7,34.7,NaN,NaN,NaN,NaN,NaN,NaN,true,NaN,true,97.1,46.8,NaN,NaN,0.02123355306684971,0.0,NaN,NaN,2,3,true,NaN,NaN,NaN,NaN,NaN,NaN,NaN,,,,,,,,,,,,,,,,,,,,,,,,,,,,,,,,,
36g6ifzjliec1jqnbtf7yesme,AaB,2833730301,175,15,1,16,27,A. Jasson,8bi1tlz62rjwyak4pnnzgp562,1,75.0,65.8,2025-08-10T14:15:27.940,2025-08-10T14:16:39,1.0,"{""id"": 5833006347, ""qualifierId"": 22}",c0oowstsjlw429lgzrkqhbu38,HB Køge vs AaB,1_Division,2025-08-10,DNK,NaN,NaN,NaN,true,true,NaN,true,NaN,NaN,NaN,NaN,true,Center,NaN,NaN,NaN,NaN,NaN,NaN,NaN,NaN,NaN,true,NaN,NaN,NaN,true,NaN,NaN,NaN,49.4,19,NaN,NaN,NaN,77.3,64.3,NaN,NaN,NaN,true,98.0,52.0,153,NaN,0.012544182129204273,0.0,NaN,NaN,3,2,NaN,NaN,NaN,NaN,NaN,NaN,NaN,NaN,,,,,,,,,,,,,,,,,,,,,,,,,,,,,,,,,
36g6ifzjliec1jqnbtf7yesme,AaB,2833730763,178,13,1,17,5,K. John,5vrsflxiv2dgfa8199a2qxsve,1,92.4,55.2,2025-08-10T14:16:05.796,2025-08-10T14:17:15,1.0,"{""id"": 5833008891, ""qualifierId"": 17}",c0oowstsjlw429lgzrkqhbu38,HB Køge vs AaB,1_Division,2025-08-10,DNK,true,NaN,true,NaN,NaN,NaN,NaN,NaN,NaN,true,NaN,true,Center,NaN,NaN,NaN,NaN,NaN,true,NaN,NaN,NaN,NaN,NaN,NaN,NaN,NaN,NaN,NaN,NaN,49.9,80.6,NaN,NaN,NaN,NaN,NaN,NaN,true,NaN,NaN,98.8,50.2,NaN,NaN,0.0935136079788208,0.0,NaN,NaN,2,2,true,NaN,NaN,NaN,NaN,NaN,NaN,NaN,,,,,,,,,,,,,,,,,,,,,,,,,,,,,,,,,
8cfkisxf1fkxdqtt6tx1tup48,HB Køge,2833734443,209,15,1,23,5,G. Çulhacı,1icurh5jrnw1e6jdgqxjnhdnu,1,82.2,47.4,2025-08-10T14:22:05.895,2025-08-12T08:29:13,1.0,"{""id"": 5833029409, ""qualifierId"": 18}",c0oowstsjlw429lgzrkqhbu38,HB Køge vs AaB,1_Division,2025-08-10,DNK,NaN,NaN,NaN,true,NaN,NaN,true,NaN,NaN,NaN,NaN,true,Center,NaN,NaN,NaN,true,NaN,NaN,NaN,NaN,NaN,true,NaN,NaN,NaN,NaN,NaN,NaN,NaN,50.6,2.5,NaN,NaN,NaN,96.5,47.7,NaN,NaN,NaN,true,NaN,NaN,244,NaN,0.059473056346178055,0.15419340133666992,NaN,NaN,3,2,NaN,NaN,NaN,NaN,NaN,NaN,NaN,NaN,,,,,,,,,,,,,,,,,,,,,,,,,,,,,,,,,
8cfkisxf1fkxdqtt6tx1tup48,HB Køge,2833736707,233,15,1,27,37,I. Dorgu,bmvcofmie6om4muxij4kdkro4,1,84.0,51.3,2025-08-10T14:26:37.643,2025-08-10T14:45:13,1.0,"{""id"": 5833102153, ""qualifierId"": 231, ""value"": ""49.5""}",c0oowstsjlw429lgzrkqhbu38,HB Køge vs AaB,1_Division,2025-08-10,DNK,NaN,NaN,true,NaN,true,NaN,true,NaN,NaN,NaN,NaN,true,Center,NaN,NaN,NaN,NaN,NaN,NaN,NaN,NaN,NaN,NaN,NaN,true,NaN,true,NaN,NaN,NaN,47.5,19,NaN,NaN,NaN,87.2,50.5,NaN,true,NaN,NaN,97.3,49.5,264,NaN,0.057773761451244354,0.0,NaN,true,3,2,NaN,NaN,NaN,NaN,NaN,NaN,NaN,979,,,,,,,,,,,,,,,,,,,,,,,,,,,,,,,,,
8cfkisxf1fkxdqtt6tx1tup48,HB Køge,2833739955,306,14,1,33,42,C. Tue Jensen,74m58jsznzu8l89b8h7rkh1bd,1,90.2,68.7,2025-08-10T14:32:43.017,2025-08-10T14:33:53,1.0,"{""id"": 5833061525, ""qualifierId"": 29}",c0oowstsjlw429lgzrkqhbu38,HB Køge vs AaB,1_Division,2025-08-10,DNK,NaN,NaN,NaN,NaN,NaN,NaN,NaN,true,NaN,NaN,NaN,true,Center,NaN,NaN,true,true,NaN,NaN,true,NaN,NaN,NaN,NaN,NaN,NaN,NaN,NaN,NaN,NaN,44.7,4.4,NaN,NaN,NaN,NaN,NaN,NaN,NaN,NaN,true,99.4,48.9,NaN,NaN,0.05520924925804138,0.0,NaN,NaN,3,2,NaN,NaN,NaN,NaN,NaN,NaN,NaN,NaN,,,,,,,,,,,,,,,,,,,,,,,,,,,,,,,,,
36g6ifzjliec1jqnbtf7yesme,AaB,2833742699,363,15,1,37,52,A. Håpnes,5y2mfgruizah0ylcz7q1abw9g,1,91.4,43.6,2025-08-10T14:36:52.730,2025-08-12T09:29:11,1.0,"{""id"": 5833076143, ""qualifierId"": 327, ""value"": ""2""}",c0oowstsjlw429lgzrkqhbu38,HB Køge vs AaB,1_Division,2025-08-10,DNK,NaN,NaN,true,NaN,true,NaN,true,NaN,NaN,NaN,NaN,true,Center,NaN,NaN,NaN,NaN,NaN,NaN,NaN,NaN,NaN,NaN,NaN,true,NaN,NaN,NaN,NaN,NaN,47.4,19.0,NaN,NaN,NaN,98.9,48.2,NaN,true,NaN,NaN,NaN,NaN,336,NaN,0.34311777353286743,0.46131595969200134,NaN,NaN,1,2,NaN,NaN,NaN,NaN,NaN,NaN,NaN,NaN,,,,,,,,,,,,,,,,,,,,,,,,,,,,,,,,,
36g6ifzjliec1jqnbtf7yesme,AaB,2833744437,382,16,1,40,36,K. John,5vrsflxiv2dgfa8199a2qxsve,1,96.0,51.3,2025-08-10T14:39:36.292,2025-08-12T16:29:31,1.0,"{""id"": 5836900689, ""qualifierId"": 24}",c0oowstsjlw429lgzrkqhbu38,HB Køge vs AaB,1_Division,2025-08-10,DNK,NaN,true,NaN,NaN,true,NaN,NaN,NaN,true,NaN,NaN,true,Center,NaN,NaN,NaN,NaN,NaN,NaN,NaN,true,NaN,NaN,NaN,NaN,NaN,NaN,NaN,NaN,NaN,54.0,7.0,NaN,NaN,NaN,NaN,NaN,NaN,true,true,NaN,99.1,52.0,NaN,NaN,0.6333675980567932,0.8957218527793884,NaN,NaN,2,1,true,NaN,2025-08-10 15:39:36.034,40:35.764,99.1,50.7,NaN,NaN,,,,,,,,,,,,,,,,,,,,,,,,,,,,,,,,,
36g6ifzjliec1jqnbtf7yesme,AaB,2833748407,423,15,1,47,16,M. Nielsen,bcdp9e3dezuaybm8ndrsanbx0,1,76.0,72.0,2025-08-10T14:46:16.673,2025-08-12T16:29:31,NaN,"{""id"": 5833109127, ""qualifierId"": 56, ""value"": ""Center""}",c0oowstsjlw429lgzrkqhbu38,HB Køge vs AaB,1_Division,2025-08-10,DNK,NaN,NaN,NaN,true,NaN,NaN,NaN,NaN,NaN,NaN,true,NaN,Center,NaN,NaN,NaN,true,NaN,NaN,NaN,true,NaN,NaN,NaN,NaN,NaN,NaN,NaN,NaN,NaN,53.9,3.8,NaN,true,true,98.5,51.6,NaN,NaN,NaN,NaN,98.5,51.6,452,NaN,0.03553598001599312,0.19912678003311157,NaN,NaN,1,3,NaN,NaN,NaN,NaN,NaN,NaN,true,NaN,,,,,,,,,,,,,,,,,,,,,,,,,,,,,,,,,
36g6ifzjliec1jqnbtf7yesme,AaB,2833748985,435,13,1,48,9,V. Møller,5521epytthhw9afm2r3jn3384,1,91.8,50.3,2025-08-10T14:47:09.794,2025-08-10T14:48:19,1.0,"{""id"": 5833112965, ""qualifierId"": 231, ""value"": ""50.7""}",c0oowstsjlw429lgzrkqhbu38,HB Køge vs AaB,1_Division,2025-08-10,DNK,NaN,NaN,true,NaN,true,NaN,true,NaN,NaN,NaN,NaN,true,Center,NaN,NaN,NaN,NaN,true,NaN,NaN,NaN,NaN,NaN,NaN,NaN,NaN,NaN,NaN,NaN,NaN,60.3,8.3,true,NaN,NaN,NaN,NaN,NaN,true,NaN,NaN,98.4,50.7,NaN,NaN,0.11667126417160034,0.0,NaN,NaN,3,2,true,NaN,NaN,NaN,NaN,NaN,NaN,NaN,,,,,,,,,,,,,,,,,,,,,,,,,,,,,,,,,
36g6ifzjliec1jqnbtf7yesme,AaB,2833761347,502,14,2,50,40,V. Møller,5521epytthhw9afm2r3jn3384,1,91.8,62.8,2025-08-10T15:09:25.954,2025-08-10T15:10:43,1.0,"{""id"": 5833182287, ""qualifierId"": 22}",c0oowstsjlw429lgzrkqhbu38,HB Køge vs AaB,1_Division,2025-08-10,DNK,NaN,NaN,true,NaN,true,NaN,true,NaN,NaN,NaN,NaN,true,Center,NaN,NaN,NaN,NaN,NaN,true,NaN,NaN,NaN,NaN,NaN,NaN,NaN,NaN,NaN,NaN,NaN,53.0,38.6,NaN,NaN,NaN,NaN,NaN,NaN,true,NaN,NaN,98.0,52.9,NaN,NaN,0.07275135815143585,0.0,NaN,NaN,3,2,NaN,NaN,NaN,NaN,NaN,NaN,NaN,NaN,,,,,,,,,,,,,,,,,,,,,,,,,,,,,,,,,
36g6ifzjliec1jqnbtf7yesme,AaB,2833761379,503,13,2,50,44,K. John,5vrsflxiv2dgfa8199a2qxsve,1,88.8,37.8,2025-08-10T15:09:29.498,2025-08-10T15:10:39,NaN,"{""id"": 4611686018471267019, ""qualifierId"": 322, ""value"": ""0.0""}",c0oowstsjlw429lgzrkqhbu38,HB Køge vs AaB,1_Division,2025-08-10,DNK,NaN,NaN,true,NaN,true,NaN,true,NaN,NaN,NaN,NaN,NaN,Center,NaN,NaN,NaN,NaN,NaN,NaN,true,NaN,NaN,NaN,NaN,NaN,NaN,NaN,NaN,NaN,NaN,39.7,9.7,true,NaN,NaN,NaN,NaN,NaN,NaN,NaN,NaN,98.8,49.5,NaN,NaN,0.08555616438388824,0.0,true,NaN,1,2,true,502,NaN,NaN,NaN,NaN,true,NaN,,,,,,,,,,,,,,,,,,,,,,,,,,,,,,,,,
8cfkisxf1fkxdqtt6tx1tup48,HB Køge,2833770811,629,13,2,60,13,G. Larsen,3mgrufy83uhzs9liw8pwxi784,1,97.0,33.8,2025-08-10T15:18:58.305,2025-08-10T15:20:06,1.0,"{""id"": 5833236389, ""qualifierId"": 22}",c0oowstsjlw429lgzrkqhbu38,HB Køge vs AaB,1_Division,2025-08-10,DNK,NaN,NaN,NaN,NaN,true,NaN,true,NaN,NaN,NaN,NaN,true,Center,NaN,true,NaN,NaN,NaN,NaN,NaN,NaN,NaN,NaN,NaN,NaN,NaN,NaN,NaN,true,NaN,48.6,54.2,NaN,NaN,NaN,NaN,NaN,NaN,NaN,NaN,true,99.5,45.5,NaN,NaN,0.03723737597465515,0.0,NaN,true,3,2,NaN,NaN,NaN,NaN,NaN,NaN,NaN,NaN,,,,,,,,,,,,,,,,,,,,,,,,,,,,,,,,,
36g6ifzjliec1jqnbtf7yesme,AaB,2833779721,675,13,2,71,24,A. Maarup,cf6zq49y8v1ekw07e7yi3uac,1,92.1,46.4,2025-08-10T15:30:09.665,2025-08-10T15:31:20,1.0,"{""id"": 5833286771, ""qualifierId"": 326, ""value"": ""3""}",c0oowstsjlw429lgzrkqhbu38,HB Køge vs AaB,1_Division,2025-08-10,DNK,NaN,NaN,true,NaN,true,NaN,true,NaN,NaN,NaN,NaN,true,Center,NaN,NaN,NaN,NaN,NaN,NaN,NaN,NaN,NaN,NaN,NaN,NaN,true,NaN,NaN,NaN,NaN,38.8,73.6,true,NaN,NaN,NaN,NaN,NaN,true,NaN,NaN,98.6,49.3,NaN,NaN,0.11012201756238937,0.0,NaN,NaN,3,2,true,NaN,NaN,NaN,NaN,NaN,NaN,NaN,,,,,,,,,,,,,,,,,,,,,,,,,,,,,,,,,
36g6ifzjliec1jqnbtf7yesme,AaB,2833787475,740,14,2,79,1,N. Helenius,rv6r0bwbl75er38wklyfpsr9,1,90.3,47.9,2025-08-10T15:37:47.095,2025-08-10T16:07:43,1.0,"{""id"": 4611686018471267811, ""qualifierId"": 322, ""value"": ""0.0""}",c0oowstsjlw429lgzrkqhbu38,HB Køge vs AaB,1_Division,2025-08-10,DNK,true,NaN,true,NaN,NaN,NaN,NaN,NaN,NaN,true,NaN,true,Center,NaN,NaN,NaN,NaN,NaN,true,NaN,NaN,NaN,NaN,NaN,NaN,NaN,NaN,NaN,NaN,NaN,47.8,39.2,NaN,NaN,NaN,NaN,NaN,NaN,true,NaN,NaN,98.6,49.6,NaN,NaN,0.04401310905814171,0.0,NaN,NaN,3,2,true,NaN,NaN,NaN,NaN,NaN,NaN,NaN,,,,,,,,,,,,,,,,,,,,,,,,,,,,,,,,,
8cfkisxf1fkxdqtt6tx1tup48,HB Køge,2833788163,764,15,2,79,34,A. Gøthler,d2ukggo2v5jsw4pctznmaijo4,1,90.9,56.8,2025-08-10T15:38:19.876,2025-08-12T15:29:23,1.0,"{""id"": 5833334247, ""qualifierId"": 79}",c0oowstsjlw429lgzrkqhbu38,HB Køge vs AaB,1_Division,2025-08-10,DNK,true,NaN,true,NaN,NaN,NaN,true,NaN,NaN,NaN,NaN,true,Center,NaN,NaN,NaN,NaN,NaN,NaN,NaN,NaN,NaN,NaN,true,NaN,NaN,NaN,NaN,NaN,NaN,49.9,22.2,NaN,NaN,NaN,98.9,52.7,NaN,true,NaN,NaN,NaN,NaN,743,NaN,0.07845330238342285,0.08016709238290787,NaN,NaN,2,2,true,NaN,NaN,NaN,NaN,NaN,NaN,NaN,,,,,,,,,,,,,,,,,,,,,,,,,,,,,,,,,
8cfkisxf1fkxdqtt6tx1tup48,HB Køge,2833803181,874,13,2,94,14,S. Larsen,4m7gr5z6b40dj02yrmlwgeluc,1,76.9,34.4,2025-08-10T15:52:59.800,2025-08-10T15:54:15,NaN,"{""id"": 5833417777, ""qualifierId"": 56, ""value"": ""Center""}",c0oowstsjlw429lgzrkqhbu38,HB Køge vs AaB,1_Division,2025-08-10,DNK,NaN,NaN,NaN,true,NaN,NaN,true,NaN,NaN,NaN,NaN,NaN,Center,NaN,NaN,NaN,true,NaN,NaN,NaN,NaN,true,NaN,NaN,NaN,NaN,NaN,NaN,NaN,NaN,63.5,50,NaN,NaN,NaN,NaN,NaN,NaN,NaN,NaN,true,99.5,48.0,NaN,NaN,0.023060547187924385,0.0,NaN,NaN,2,3,NaN,NaN,NaN,NaN,NaN,NaN,true,NaN,,,,,,,,,,,,,,,,,,,,,,,,,,,,,,,,,
36g6ifzjliec1jqnbtf7yesme,AaB,2833799157,880,15,2,89,31,N. Helenius,rv6r0bwbl75er38wklyfpsr9,1,95.4,52.3,2025-08-10T15:48:16.949,2025-08-10T15:49:46,1.0,"{""id"": 5833397641, ""qualifierId"": 233, ""value"": ""825""}",c0oowstsjlw429lgzrkqhbu38,HB Køge vs AaB,1_Division,2025-08-10,DNK,NaN,true,NaN,NaN,true,NaN,true,NaN,NaN,NaN,NaN,true,Center,NaN,NaN,NaN,NaN,NaN,NaN,NaN,NaN,NaN,true,NaN,NaN,NaN,true,NaN,NaN,true,51.2,19,NaN,NaN,NaN,96.7,52.0,NaN,true,true,NaN,98.6,50.7,825,NaN,0.4829295575618744,0.0,NaN,NaN,3,1,NaN,NaN,NaN,NaN,NaN,NaN,NaN,NaN,,,,,,,,,,,,,,,,,,,,,,,,,,,,,,,,,
36g6ifzjliec1jqnbtf7yesme,AaB,2833799423,885,15,2,89,45,K. John,5vrsflxiv2dgfa8199a2qxsve,1,92.4,68.1,2025-08-10T15:48:30.478,2025-08-12T16:29:31,1.0,"{""id"": 5833395723, ""qualifierId"": 326, ""value"": ""1""}",c0oowstsjlw429lgzrkqhbu38,HB Køge vs AaB,1_Division,2025-08-10,DNK,NaN,NaN,NaN,NaN,true,NaN,true,NaN,NaN,NaN,NaN,true,Center,NaN,NaN,true,NaN,NaN,NaN,NaN,true,NaN,NaN,NaN,NaN,NaN,NaN,NaN,NaN,NaN,53.8,5.7,NaN,NaN,NaN,98.5,53.8,NaN,true,NaN,NaN,NaN,NaN,830,NaN,0.07935976982116699,0.3481239974498749,NaN,NaN,1,1,true,NaN,NaN,NaN,NaN,NaN,NaN,NaN,,,,,,,,,,,,,,,,,,,,,,,,,,,,,,,,,
36g6ifzjliec1jqnbtf7yesme,AaB,2833800783,905,16,2,91,10,K. John,5vrsflxiv2dgfa8199a2qxsve,1,97.7,56.3,2025-08-10T15:49:55.734,2025-08-12T16:29:31,1.0,"{""id"": 5833408357, ""qualifierId"": 322, ""value"": ""0.9947509169578552""}",c0oowstsjlw429lgzrkqhbu38,HB Køge vs AaB,1_Division,2025-08-10,DNK,NaN,NaN,NaN,NaN,true,NaN,true,NaN,NaN,NaN,NaN,true,Center,true,NaN,NaN,NaN,NaN,NaN,NaN,NaN,NaN,true,NaN,NaN,NaN,NaN,NaN,NaN,NaN,50.6,1.9,NaN,NaN,NaN,NaN,NaN,NaN,NaN,true,true,92.5,48.0,NaN,true,0.8332539200782776,0.9947509169578552,NaN,true,2,0,NaN,NaN,2025-08-10 16:49:55.439,91:10.313,5.4,50.7,NaN,NaN,,,,,,,,,,,,,,,,,,,,,,,,,,,,,,,,,
8cfkisxf1fkxdqtt6tx1tup48,HB Køge,2834400095,916,13,2,77,31,M. Jensen,619s1phj5bkgkug3aszc1y9cl,1,87.2,43.5,2025-08-10T15:36:16.797,2025-08-12T12:16:05,1.0,"{""id"": 5836794135, ""qualifierId"": 23}",c0oowstsjlw429lgzrkqhbu38,HB Køge vs AaB,1_Division,2025-08-10,DNK,NaN,NaN,true,NaN,true,NaN,NaN,true,NaN,NaN,NaN,true,Center,NaN,NaN,NaN,NaN,true,NaN,NaN,NaN,NaN,NaN,NaN,NaN,NaN,NaN,NaN,NaN,NaN,68.2,11.1,NaN,NaN,NaN,89.9,50.9,true,true,NaN,NaN,98.8,50,NaN,NaN,0.21901835501194,0.0,NaN,NaN,2,2,NaN,NaN,NaN,NaN,NaN,NaN,NaN,NaN,,,,,,,,,,,,,,,,,,,,,,,,,,,,,,,,,
8cfkisxf1fkxdqtt6tx1tup48,HB Køge,2829140407,49,16,1,3,43,N. Jakobsen,4ti8pdx03j8dh4mdb626ltmvo,1,93.1,55.2,2025-07-25T16:34:15.422,2025-07-28T12:29:10,NaN,"{""id"": 5807438161, ""qualifierId"": 22}",budoafznnaffvp9oyzt6abcic,HB Køge vs Aarhus Fremad,1_Division,2025-07-25,DNK,NaN,NaN,true,NaN,NaN,,true,,NaN,NaN,NaN,NaN,Center,NaN,,NaN,true,NaN,NaN,NaN,NaN,NaN,true,NaN,NaN,NaN,NaN,NaN,NaN,NaN,49.7,5.7,true,,,NaN,NaN,NaN,NaN,true,NaN,98.0,45.3,NaN,,0.15486864745616913,0.8513801693916321,NaN,,3,2,true,NaN,2025-07-25 17:34:14.938,03:43.444,1.4,52.9,true,1006,,,,,,,,,NaN,,NaN,NaN,NaN,NaN,NaN,NaN,NaN,NaN,NaN,PASS_LOST,547731,4042,NaN,NaN,NaN,48,,,,,,,
bfwi3pjyg3whbn0tpsz19e8hq,Aarhus Fremad,2829141227,83,15,1,8,23,M. Kaastrup,9nafz0c0x2qvmo5ldm0djmcq1,1,75.7,73.0,2025-07-25T16:38:55.058,2025-07-25T16:40:05,1.0,"{""id"": 5807443205, ""qualifierId"": 147, ""value"": ""69.5""}",budoafznnaffvp9oyzt6abcic,HB Køge vs Aarhus Fremad,1_Division,2025-07-25,DNK,NaN,NaN,NaN,true,true,,true,,NaN,NaN,NaN,true,Center,NaN,,NaN,NaN,NaN,NaN,NaN,NaN,NaN,NaN,NaN,NaN,true,true,NaN,NaN,NaN,46.2,25,NaN,,,78.6,69.5,NaN,NaN,NaN,true,98.1,52.7,72,,0.014403609558939934,0.0,NaN,,2,3,NaN,NaN,NaN,NaN,NaN,NaN,NaN,NaN,,,,,,,,,NaN,,NaN,NaN,NaN,NaN,NaN,NaN,NaN,NaN,NaN,NaN,NaN,NaN,NaN,NaN,NaN,NaN,,,,,,,
bfwi3pjyg3whbn0tpsz19e8hq,Aarhus Fremad,2829141823,118,13,1,11,19,M. Berthelsen,6yh22sf7jss7huppjtromrkes,1,74.4,47.2,2025-07-25T16:41:50.520,2025-07-25T16:42:58,NaN,"{""id"": 4611686018471140003, ""qualifierId"": 322, ""value"": ""0.0""}",budoafznnaffvp9oyzt6abcic,HB Køge vs Aarhus Fremad,1_Division,2025-07-25,DNK,NaN,NaN,NaN,true,true,,NaN,,NaN,NaN,true,NaN,Center,NaN,,NaN,NaN,NaN,NaN,NaN,NaN,NaN,NaN,NaN,NaN,NaN,NaN,NaN,NaN,NaN,42.2,59.7,NaN,,,NaN,NaN,NaN,NaN,NaN,NaN,98.9,49.8,NaN,,0.06642036885023117,0.0,NaN,,1,3,NaN,NaN,NaN,NaN,NaN,NaN,true,NaN,,,,,,,,,NaN,,NaN,NaN,true,NaN,NaN,true,NaN,NaN,NaN,NaN,NaN,NaN,NaN,NaN,NaN,NaN,,,,,,,
bfwi3pjyg3whbn0tpsz19e8hq,Aarhus Fremad,2829143951,229,15,1,22,16,K. Andersen,f1mn7hl9ythw3bblz9lguqtjo,1,92.7,45.8,2025-07-25T16:52:48.202,2025-07-29T12:29:25,1.0,"{""id"": 5807458043, ""qualifierId"": 103, ""value"": ""14.6""}",budoafznnaffvp9oyzt6abcic,HB Køge vs Aarhus Fremad,1_Division,2025-07-25,DNK,true,NaN,true,NaN,NaN,,true,,NaN,NaN,NaN,true,Center,NaN,,NaN,NaN,NaN,NaN,NaN,NaN,NaN,true,NaN,NaN,NaN,NaN,NaN,NaN,NaN,50.8,14.6,NaN,,,99.0,47.6,NaN,true,true,NaN,NaN,NaN,176,,0.24676519632339478,0.3174354135990143,NaN,,2,1,true,NaN,NaN,NaN,NaN,NaN,NaN,714,,,,,,,,,NaN,,NaN,NaN,NaN,NaN,NaN,NaN,NaN,NaN,NaN,NaN,NaN,NaN,NaN,NaN,NaN,NaN,,,,,,,
8cfkisxf1fkxdqtt6tx1tup48,HB Køge,2829146969,303,13,1,38,5,L. Bust,6gmm4awyvlf9p7jr9dvnmp0tm,1,76.2,58.7,2025-07-25T17:08:37.180,2025-07-25T17:09:48,1.0,"{""id"": 5807474295, ""qualifierId"": 56, ""value"": ""Center""}",budoafznnaffvp9oyzt6abcic,HB Køge vs Aarhus Fremad,1_Division,2025-07-25,DNK,NaN,NaN,NaN,true,NaN,,true,,NaN,NaN,NaN,true,Center,NaN,,NaN,true,NaN,NaN,NaN,NaN,true,NaN,NaN,NaN,NaN,NaN,NaN,NaN,NaN,56.3,69.4,NaN,,,NaN,NaN,NaN,NaN,NaN,true,98.5,49.5,NaN,,0.02164912037551403,0.0,NaN,,2,3,true,NaN,NaN,NaN,NaN,NaN,NaN,NaN,,,,,,,,,NaN,,NaN,NaN,NaN,NaN,NaN,NaN,NaN,NaN,NaN,NaN,NaN,NaN,NaN,NaN,NaN,NaN,,,,,,,
bfwi3pjyg3whbn0tpsz19e8hq,Aarhus Fremad,2829144583,309,13,1,27,45,M. Agnarsson,9w1wpf3tocn27ed1oaaoe5zsa,1,90.8,58.7,2025-07-25T16:58:17.025,2025-07-25T16:59:27,1.0,"{""id"": 5807461663, ""qualifierId"": 17}",budoafznnaffvp9oyzt6abcic,HB Køge vs Aarhus Fremad,1_Division,2025-07-25,DNK,NaN,NaN,true,NaN,NaN,,true,,NaN,NaN,NaN,true,Center,NaN,,NaN,true,NaN,NaN,NaN,NaN,true,NaN,NaN,NaN,NaN,NaN,NaN,NaN,NaN,57.0,73.6,NaN,,,NaN,NaN,NaN,true,true,NaN,99.3,51.4,NaN,,0.28497228026390076,0.0,NaN,,1,1,true,NaN,NaN,NaN,NaN,NaN,NaN,NaN,,,,,,,,,NaN,,NaN,NaN,NaN,NaN,true,NaN,NaN,NaN,NaN,NaN,NaN,NaN,NaN,NaN,NaN,NaN,,,,,,,
bfwi3pjyg3whbn0tpsz19e8hq,Aarhus Fremad,2829144719,327,13,1,29,17,M. Berthelsen,6yh22sf7jss7huppjtromrkes,1,76.0,48.9,2025-07-25T16:59:48.768,2025-07-25T17:00:54,1.0,"{""id"": 5807462481, ""qualifierId"": 327, ""value"": ""2""}",budoafznnaffvp9oyzt6abcic,HB Køge vs Aarhus Fremad,1_Division,2025-07-25,DNK,NaN,NaN,NaN,true,true,,true,,NaN,NaN,NaN,true,Center,NaN,,NaN,NaN,NaN,true,NaN,NaN,NaN,NaN,NaN,NaN,NaN,NaN,NaN,NaN,NaN,51.4,63.9,NaN,,,NaN,NaN,NaN,NaN,NaN,true,98.9,51.3,NaN,,0.02675478160381317,0.0,NaN,,2,2,true,NaN,NaN,NaN,NaN,NaN,NaN,NaN,,,,,,,,,NaN,,NaN,NaN,NaN,NaN,NaN,NaN,NaN,NaN,NaN,NaN,NaN,NaN,NaN,NaN,NaN,NaN,,,,,,,
8cfkisxf1fkxdqtt6tx1tup48,HB Køge,2829148209,337,13,1,42,13,S. Larsen,4m7gr5z6b40dj02yrmlwgeluc,1,75.4,40.3,2025-07-25T17:12:45.110,2025-07-25T17:13:54,1.0,"{""id"": 5807481381, ""qualifierId"": 327, ""value"": ""2""}",budoafznnaffvp9oyzt6abcic,HB Køge vs Aarhus Fremad,1_Division,2025-07-25,DNK,NaN,NaN,NaN,true,true,,true,,NaN,NaN,NaN,true,Center,NaN,,NaN,NaN,NaN,NaN,NaN,NaN,NaN,NaN,NaN,NaN,NaN,NaN,true,NaN,NaN,42.4,37.5,NaN,,,NaN,NaN,NaN,NaN,NaN,true,98.5,49.3,NaN,,0.024907348677515984,0.0,NaN,,2,2,NaN,NaN,NaN,NaN,NaN,NaN,NaN,NaN,,,,,,,,,NaN,,NaN,NaN,NaN,NaN,NaN,NaN,NaN,NaN,NaN,NaN,NaN,NaN,NaN,NaN,NaN,NaN,,,,,,,
8cfkisxf1fkxdqtt6tx1tup48,HB Køge,2829148459,346,13,1,42,58,A. Gøthler,d2ukggo2v5jsw4pctznmaijo4,1,92.0,63.8,2025-07-25T17:13:29.975,2025-07-25T17:14:39,1.0,"{""id"": 5807482767, ""qualifierId"": 56, ""value"": ""Center""}",budoafznnaffvp9oyzt6abcic,HB Køge vs Aarhus Fremad,1_Division,2025-07-25,DNK,NaN,NaN,NaN,NaN,NaN,,true,,NaN,NaN,NaN,true,Center,NaN,,true,true,NaN,NaN,true,NaN,NaN,NaN,NaN,NaN,NaN,NaN,NaN,NaN,NaN,27.7,1.4,NaN,,,NaN,NaN,NaN,true,true,NaN,98.6,54.3,NaN,,0.2916295826435089,0.0,NaN,,1,1,NaN,NaN,NaN,NaN,NaN,NaN,NaN,NaN,,,,,,,,,NaN,,NaN,NaN,NaN,NaN,NaN,true,NaN,NaN,NaN,NaN,NaN,NaN,NaN,NaN,true,NaN,,,,,,,
8cfkisxf1fkxdqtt6tx1tup48,HB Køge,2829155833,412,13,2,47,59,M. Jensen,619s1phj5bkgkug3aszc1y9cl,1,78.2,42.1,2025-07-25T17:36:40.372,2025-07-25T17:37:50,1.0,"{""id"": 5807525697, ""qualifierId"": 321, ""value"": ""0.03851189836859703""}",budoafznnaffvp9oyzt6abcic,HB Køge vs Aarhus Fremad,1_Division,2025-07-25,DNK,NaN,NaN,NaN,true,true,,true,,NaN,NaN,NaN,true,Center,NaN,,NaN,NaN,NaN,NaN,NaN,NaN,NaN,NaN,NaN,NaN,NaN,NaN,NaN,NaN,NaN,56.8,11.1,NaN,,,NaN,NaN,NaN,NaN,NaN,true,98.6,49.6,NaN,,0.03851189836859703,0.0,NaN,,3,1,NaN,NaN,NaN,NaN,NaN,NaN,NaN,NaN,,,,,,,,,NaN,,NaN,true,NaN,NaN,NaN,NaN,NaN,NaN,NaN,NaN,NaN,NaN,NaN,NaN,NaN,NaN,,,,,,,
bfwi3pjyg3whbn0tpsz19e8hq,Aarhus Fremad,2829149031,467,13,1,44,57,E. Egerton,8rqctff92ui8fanzbk6skyyac,1,87.8,54.2,2025-07-25T17:15:28.703,2025-07-25T17:16:43,1.0,"{""id"": 5807486175, ""qualifierId"": 327, ""value"": ""1""}",budoafznnaffvp9oyzt6abcic,HB Køge vs Aarhus Fremad,1_Division,2025-07-25,DNK,NaN,NaN,true,NaN,true,,NaN,,true,NaN,NaN,true,Center,NaN,,NaN,NaN,NaN,NaN,NaN,NaN,NaN,NaN,NaN,NaN,NaN,NaN,true,NaN,NaN,41.0,11.1,true,,,NaN,NaN,NaN,true,NaN,NaN,98.4,49.6,NaN,,0.18263891339302063,0.0,NaN,,1,1,true,NaN,NaN,NaN,NaN,NaN,NaN,NaN,,,,,,,,,NaN,,NaN,NaN,NaN,NaN,NaN,true,NaN,NaN,NaN,NaN,NaN,NaN,NaN,NaN,NaN,NaN,,,,,,,
bfwi3pjyg3whbn0tpsz19e8hq,Aarhus Fremad,2829160079,641,15,2,58,23,M. Kaastrup,9nafz0c0x2qvmo5ldm0djmcq1,1,73.5,58.9,2025-07-25T17:47:04.680,2025-07-29T14:29:10,1.0,"{""id"": 5807549601, ""qualifierId"": 102, ""value"": ""47.6""}",budoafznnaffvp9oyzt6abcic,HB Køge vs Aarhus Fremad,1_Division,2025-07-25,DNK,NaN,NaN,NaN,true,true,,true,,NaN,NaN,NaN,true,Center,NaN,,NaN,NaN,NaN,NaN,NaN,NaN,NaN,NaN,NaN,NaN,true,NaN,NaN,NaN,NaN,47.6,31.6,NaN,,,98.8,49.8,NaN,NaN,NaN,true,NaN,NaN,504,,0.018594389781355858,0.15388667583465576,NaN,,2,3,NaN,NaN,NaN,NaN,NaN,NaN,NaN,NaN,,,,,,,,,NaN,,NaN,NaN,NaN,NaN,NaN,NaN,true,NaN,true,NaN,NaN,NaN,NaN,NaN,NaN,NaN,,,,,,,
bfwi3pjyg3whbn0tpsz19e8hq,Aarhus Fremad,2829160637,659,15,2,59,30,K. Andersen,f1mn7hl9ythw3bblz9lguqtjo,1,97.7,52.8,2025-07-25T17:48:11.460,2025-07-25T18:00:45,1.0,"{""id"": 5807565539, ""qualifierId"": 326, ""value"": ""3""}",budoafznnaffvp9oyzt6abcic,HB Køge vs Aarhus Fremad,1_Division,2025-07-25,DNK,NaN,true,NaN,NaN,true,,true,,NaN,NaN,NaN,true,Center,NaN,,NaN,NaN,NaN,NaN,NaN,true,NaN,NaN,NaN,NaN,NaN,true,NaN,NaN,true,51.9,19,true,,,99.7,52.3,NaN,true,true,NaN,98.8,59.8,NaN,,0.9371440410614014,0.0,NaN,,3,0,true,NaN,NaN,NaN,NaN,NaN,NaN,NaN,,,,,,,,,NaN,,NaN,NaN,NaN,true,NaN,NaN,NaN,true,NaN,NaN,NaN,NaN,NaN,NaN,NaN,NaN,,,,,,,
bfwi3pjyg3whbn0tpsz19e8hq,Aarhus Fremad,2829160763,660,16,2,60,45,M. Berthelsen,6yh22sf7jss7huppjtromrkes,1,88.5,50.0,2025-07-25T17:49:26.038,2025-07-29T14:29:08,NaN,"{""id"": 5807553587, ""qualifierId"": 17}",budoafznnaffvp9oyzt6abcic,HB Køge vs Aarhus Fremad,1_Division,2025-07-25,DNK,NaN,NaN,true,NaN,true,,NaN,,NaN,NaN,NaN,NaN,Center,NaN,,NaN,NaN,NaN,NaN,NaN,NaN,true,NaN,NaN,NaN,NaN,NaN,NaN,NaN,NaN,53.9,20.3,NaN,,,NaN,NaN,NaN,NaN,true,NaN,99.3,50,NaN,,0.7884,0.944624662399292,NaN,,1,1,NaN,NaN,2025-07-25 18:49:25.314,60:44.403,0.7,46.2,true,NaN,,,,,,,,,true,,NaN,NaN,NaN,NaN,NaN,NaN,NaN,NaN,NaN,HANDBALL_WON,552221,2290,513,620035,NaN,659,,,,,,,
bfwi3pjyg3whbn0tpsz19e8hq,Aarhus Fremad,2829161145,674,13,2,62,22,E. Egerton,8rqctff92ui8fanzbk6skyyac,1,81.6,49.5,2025-07-25T17:51:03.404,2025-07-25T17:52:10,1.0,"{""id"": 5808587545, ""qualifierId"": 85}",budoafznnaffvp9oyzt6abcic,HB Køge vs Aarhus Fremad,1_Division,2025-07-25,DNK,NaN,NaN,NaN,true,true,,true,,NaN,NaN,NaN,true,Center,NaN,,NaN,NaN,NaN,NaN,NaN,NaN,NaN,NaN,NaN,NaN,NaN,NaN,NaN,true,NaN,47.6,59.7,NaN,,,NaN,NaN,NaN,true,NaN,true,99.1,47.8,NaN,,0.0835283175110817,0.0,NaN,,2,2,true,NaN,NaN,NaN,NaN,NaN,NaN,NaN,,,,,,,,,NaN,,NaN,NaN,NaN,NaN,NaN,NaN,NaN,NaN,NaN,NaN,NaN,NaN,NaN,NaN,NaN,NaN,,,,,,,
bfwi3pjyg3whbn0tpsz19e8hq,Aarhus Fremad,2829161449,686,13,2,63,31,M. Kubel,az9olsp7tglzt73awei9a4cgk,1,74.7,59.1,2025-07-25T17:52:11.964,2025-07-25T17:53:20,1.0,"{""id"": 5807557727, ""qualifierId"": 231, ""value"": ""50.5""}",budoafznnaffvp9oyzt6abcic,HB Køge vs Aarhus Fremad,1_Division,2025-07-25,DNK,NaN,NaN,NaN,true,true,,true,,NaN,NaN,NaN,true,Center,NaN,,NaN,NaN,NaN,NaN,NaN,NaN,NaN,NaN,NaN,NaN,NaN,NaN,true,NaN,NaN,43.0,23.6,NaN,,,NaN,NaN,NaN,NaN,NaN,true,98.4,50.5,NaN,,0.024139614775776863,0.0,NaN,,2,2,NaN,NaN,NaN,NaN,NaN,NaN,NaN,NaN,,,,,,,,,NaN,,NaN,NaN,NaN,NaN,NaN,NaN,NaN,NaN,NaN,NaN,NaN,NaN,NaN,NaN,NaN,NaN,,,,,,,
bfwi3pjyg3whbn0tpsz19e8hq,Aarhus Fremad,2829161749,698,15,2,65,21,M. Berthelsen,6yh22sf7jss7huppjtromrkes,1,87.7,29.9,2025-07-25T17:54:02.076,2025-07-25T17:55:54,1.0,"{""id"": 5807559455, ""qualifierId"": 63}",budoafznnaffvp9oyzt6abcic,HB Køge vs Aarhus Fremad,1_Division,2025-07-25,DNK,NaN,NaN,NaN,NaN,true,,true,,NaN,NaN,NaN,true,Center,NaN,,NaN,NaN,NaN,NaN,NaN,NaN,NaN,true,NaN,NaN,NaN,true,NaN,NaN,NaN,48.4,19,NaN,,,91.2,33.6,NaN,NaN,NaN,true,98.8,47.1,536,,0.03701072186231613,0.0,NaN,,2,2,NaN,NaN,NaN,NaN,NaN,NaN,NaN,NaN,,,,,,,,,NaN,,true,NaN,NaN,NaN,NaN,NaN,NaN,NaN,NaN,NaN,NaN,NaN,NaN,NaN,NaN,NaN,,,,,,,
8cfkisxf1fkxdqtt6tx1tup48,HB Køge,2829169625,699,16,2,94,31,I. Dorgu,bmvcofmie6om4muxij4kdkro4,1,92.1,50.1,2025-07-25T18:23:12.665,2025-07-28T11:29:18,1.0,"{""id"": 5814235281, ""qualifierId"": 154}",budoafznnaffvp9oyzt6abcic,HB Køge vs Aarhus Fremad,1_Division,2025-07-25,DNK,NaN,NaN,true,NaN,true,,NaN,,true,NaN,NaN,true,Center,NaN,,NaN,NaN,NaN,NaN,NaN,NaN,NaN,NaN,true,NaN,NaN,NaN,NaN,NaN,NaN,48.7,29.1,NaN,,,NaN,NaN,NaN,true,true,NaN,98.8,47.8,NaN,,0.19993926584720612,0.46622005105018616,NaN,,1,2,true,NaN,2025-07-25 19:23:12.167,94:31.256,98.8,50,NaN,NaN,,,,,,,,,NaN,,NaN,NaN,NaN,NaN,NaN,NaN,NaN,NaN,NaN,NaN,NaN,NaN,NaN,NaN,NaN,NaN,,,,,,,
bfwi3pjyg3whbn0tpsz19e8hq,Aarhus Fremad,2829161787,705,15,2,65,40,Marcus Kirchheiner,7zb57r5m7lmvj3xlf9y1ldez8,1,85.6,37.2,2025-07-25T17:54:21.266,2025-07-25T17:55:50,1.0,"{""id"": 5807560181, ""qualifierId"": 231, ""value"": ""47.3""}",budoafznnaffvp9oyzt6abcic,HB Køge vs Aarhus Fremad,1_Division,2025-07-25,DNK,NaN,NaN,true,NaN,NaN,,NaN,,NaN,true,NaN,true,Center,NaN,,NaN,true,NaN,NaN,NaN,NaN,NaN,true,NaN,NaN,NaN,true,NaN,NaN,NaN,49.2,19,NaN,,,89.7,39.2,NaN,true,NaN,NaN,98.8,47.3,538,,0.05381089448928833,0.0,NaN,,2,2,NaN,NaN,NaN,NaN,NaN,NaN,NaN,NaN,,,,,,,,,NaN,,NaN,NaN,NaN,NaN,NaN,NaN,NaN,NaN,NaN,NaN,NaN,NaN,NaN,NaN,NaN,NaN,,,,,,,
bfwi3pjyg3whbn0tpsz19e8hq,Aarhus Fremad,2829161813,706,13,2,65,47,K. Lunding,6zxcmzp7w6esj54g05tvk7ai1,1,80.9,26.2,2025-07-25T17:54:28.674,2025-07-25T17:55:35,NaN,"{""id"": 5807560017, ""qualifierId"": 215}",budoafznnaffvp9oyzt6abcic,HB Køge vs Aarhus Fremad,1_Division,2025-07-25,DNK,NaN,NaN,NaN,true,NaN,,NaN,,NaN,true,NaN,NaN,Center,NaN,,NaN,true,NaN,NaN,NaN,NaN,true,NaN,NaN,NaN,NaN,NaN,NaN,NaN,NaN,57.0,63.9,NaN,,,NaN,NaN,NaN,NaN,NaN,true,99.1,46.8,NaN,,0.016714513301849365,0.0,NaN,,2,3,NaN,NaN,NaN,NaN,NaN,NaN,true,NaN,,,,,,,,,NaN,,NaN,NaN,NaN,NaN,NaN,NaN,NaN,NaN,NaN,NaN,NaN,NaN,NaN,NaN,NaN,NaN,,,,,,,
bfwi3pjyg3whbn0tpsz19e8hq,Aarhus Fremad,2829162031,714,15,2,66,50,J. Beluli,29y19vqfjkvlc8s9gr5v5atqs,1,83.3,44.6,2025-07-25T17:55:31.570,2025-07-25T17:58:00,1.0,"{""id"": 4611686018471140595, ""qualifierId"": 322, ""value"": ""0.0""}",budoafznnaffvp9oyzt6abcic,HB Køge vs Aarhus Fremad,1_Division,2025-07-25,DNK,NaN,NaN,true,NaN,NaN,,true,,NaN,NaN,NaN,true,Center,NaN,,NaN,true,NaN,NaN,NaN,NaN,NaN,true,NaN,NaN,NaN,true,NaN,NaN,NaN,51.1,19,NaN,,,85.1,45.3,NaN,true,NaN,NaN,98.0,49.1,544,,0.050264179706573486,0.0,NaN,,3,2,NaN,NaN,NaN,NaN,NaN,NaN,NaN,NaN,,,,,,,,,NaN,,NaN,NaN,NaN,NaN,NaN,NaN,NaN,NaN,NaN,NaN,NaN,NaN,NaN,NaN,NaN,NaN,,,,,,,
bfwi3pjyg3whbn0tpsz19e8hq,Aarhus Fremad,2829162799,752,15,2,69,58,Ó. Hjaltason,a5alop4wg4qwwu812pfskfjtg,1,78.1,53.8,2025-07-25T17:58:39.352,2025-07-25T17:59:49,1.0,"{""id"": 5807565405, ""qualifierId"": 146, ""value"": ""90.1""}",budoafznnaffvp9oyzt6abcic,HB Køge vs Aarhus Fremad,1_Division,2025-07-25,DNK,NaN,NaN,NaN,true,true,,true,,NaN,NaN,NaN,true,Center,NaN,,NaN,NaN,NaN,NaN,NaN,NaN,NaN,true,NaN,NaN,NaN,true,NaN,NaN,NaN,50.8,19,NaN,,,90.1,52.2,NaN,NaN,NaN,true,99.0,49.8,558,,0.04694095626473427,0.0,NaN,,2,3,NaN,NaN,NaN,NaN,NaN,NaN,NaN,NaN,,,,,,,,,NaN,,NaN,NaN,NaN,NaN,NaN,NaN,NaN,NaN,NaN,NaN,NaN,NaN,NaN,NaN,NaN,NaN,,,,,,,
bfwi3pjyg3whbn0tpsz19e8hq,Aarhus Fremad,2829164225,796,13,2,76,12,Ó. Hjaltason,a5alop4wg4qwwu812pfskfjtg,1,81.8,50.5,2025-07-25T18:04:52.990,2025-07-25T18:06:00,NaN,"{""id"": 5807572999, ""qualifierId"": 103, ""value"": ""69.4""}",budoafznnaffvp9oyzt6abcic,HB Køge vs Aarhus Fremad,1_Division,2025-07-25,DNK,NaN,NaN,NaN,true,true,,true,,NaN,NaN,NaN,NaN,Center,NaN,,NaN,NaN,NaN,NaN,NaN,NaN,NaN,NaN,NaN,NaN,true,NaN,NaN,NaN,NaN,42.7,69.4,NaN,,,NaN,NaN,NaN,NaN,NaN,true,98.0,50.5,NaN,,0.05915559455752373,0.0,NaN,,2,3,true,NaN,NaN,NaN,NaN,NaN,true,NaN,,,,,,,,,NaN,,NaN,NaN,NaN,NaN,NaN,NaN,NaN,NaN,NaN,NaN,NaN,NaN,NaN,NaN,NaN,NaN,,,,,,,
bfwi3pjyg3whbn0tpsz19e8hq,Aarhus Fremad,2829164631,812,15,2,77,33,M. Agnarsson,9w1wpf3tocn27ed1oaaoe5zsa,1,91.1,66.4,2025-07-25T18:06:13.980,2025-07-25T18:07:21,1.0,"{""id"": 5807575223, ""qualifierId"": 146, ""value"": ""92.2""}",budoafznnaffvp9oyzt6abcic,HB Køge vs Aarhus Fremad,1_Division,2025-07-25,DNK,NaN,NaN,NaN,NaN,NaN,,NaN,,NaN,true,NaN,true,Center,NaN,,true,true,NaN,NaN,NaN,NaN,NaN,NaN,NaN,true,NaN,true,NaN,NaN,NaN,47.6,19,NaN,,,92.2,64.1,NaN,true,NaN,NaN,98.9,53.8,605,,0.026460204273462296,0.0,NaN,,3,2,NaN,NaN,NaN,NaN,NaN,NaN,NaN,NaN,,,,,,,,,NaN,,NaN,NaN,NaN,NaN,NaN,NaN,NaN,NaN,NaN,NaN,NaN,NaN,NaN,NaN,NaN,NaN,,,,,,,
bfwi3pjyg3whbn0tpsz19e8hq,Aarhus Fremad,2829164741,815,14,2,78,4,K. Lunding,6zxcmzp7w6esj54g05tvk7ai1,1,81.6,33.8,2025-07-25T18:06:45.334,2025-07-25T18:14:24,1.0,"{""id"": 4611686018471140727, ""qualifierId"": 322, ""value"": ""0.0""}",budoafznnaffvp9oyzt6abcic,HB Køge vs Aarhus Fremad,1_Division,2025-07-25,DNK,NaN,NaN,NaN,true,NaN,,NaN,,NaN,true,NaN,true,Center,NaN,,NaN,true,true,NaN,NaN,NaN,NaN,NaN,NaN,NaN,NaN,NaN,NaN,NaN,NaN,55.3,1.9,NaN,,,NaN,NaN,NaN,NaN,NaN,true,98.2,46.9,NaN,,0.019828451797366142,0.0,NaN,,3,3,NaN,NaN,NaN,NaN,NaN,NaN,NaN,NaN,,,,,,,,,NaN,,NaN,NaN,NaN,NaN,NaN,NaN,NaN,NaN,NaN,NaN,NaN,NaN,NaN,NaN,NaN,NaN,,,,,,,
bfwi3pjyg3whbn0tpsz19e8hq,Aarhus Fremad,2829164759,816,15,2,78,7,S. Bækgård,5o1k2hd9rdooxpjgbnabuh94a,1,91.5,69.9,2025-07-25T18:06:48.397,2025-07-28T10:29:27,NaN,"{""id"": 5807576091, ""qualifierId"": 458}",budoafznnaffvp9oyzt6abcic,HB Køge vs Aarhus Fremad,1_Division,2025-07-25,DNK,NaN,NaN,NaN,NaN,true,,NaN,,NaN,true,NaN,NaN,Center,NaN,,true,NaN,NaN,NaN,NaN,NaN,NaN,NaN,true,NaN,NaN,NaN,NaN,NaN,NaN,51.0,29.7,NaN,,,98.6,54.0,NaN,NaN,NaN,NaN,NaN,NaN,607,,0.020816532894968987,0.075473852455616,true,,2,2,true,815,NaN,NaN,NaN,NaN,true,NaN,,,,,,,,,NaN,,NaN,NaN,NaN,NaN,NaN,NaN,NaN,NaN,NaN,NaN,NaN,NaN,NaN,NaN,NaN,NaN,,,,,,,
bfwi3pjyg3whbn0tpsz19e8hq,Aarhus Fremad,2829166497,879,15,2,83,35,E. Egerton,8rqctff92ui8fanzbk6skyyac,1,84.6,65.4,2025-07-25T18:12:16.409,2025-07-28T11:29:18,NaN,"{""id"": 5814232373, ""qualifierId"": 120}",budoafznnaffvp9oyzt6abcic,HB Køge vs Aarhus Fremad,1_Division,2025-07-25,DNK,NaN,NaN,NaN,NaN,true,,true,,NaN,NaN,NaN,NaN,Center,NaN,,true,NaN,NaN,NaN,NaN,NaN,NaN,NaN,NaN,true,NaN,NaN,NaN,NaN,NaN,45.9,8.9,NaN,,,99.0,51.6,NaN,NaN,NaN,NaN,NaN,NaN,638,,0.04458366334438324,0.7304133176803589,NaN,,3,3,NaN,NaN,NaN,NaN,NaN,NaN,true,NaN,,,,,,,,,NaN,,NaN,NaN,NaN,NaN,true,NaN,NaN,NaN,NaN,NaN,NaN,NaN,NaN,NaN,NaN,NaN,,,,,,,
bfwi3pjyg3whbn0tpsz19e8hq,Aarhus Fremad,2829167709,925,13,2,87,31,J. Beluli,29y19vqfjkvlc8s9gr5v5atqs,1,80.2,52.8,2025-07-25T18:16:12.855,2025-07-25T18:17:21,1.0,"{""id"": 4611686018471140751, ""qualifierId"": 322, ""value"": ""0.0""}",budoafznnaffvp9oyzt6abcic,HB Køge vs Aarhus Fremad,1_Division,2025-07-25,DNK,NaN,NaN,NaN,true,NaN,,true,,NaN,NaN,NaN,true,Center,NaN,,NaN,true,NaN,NaN,NaN,NaN,NaN,NaN,NaN,NaN,NaN,NaN,true,NaN,NaN,43.0,8.3,NaN,,,NaN,NaN,NaN,NaN,NaN,true,99.4,50.5,NaN,,0.057369936257600784,0.0,NaN,,2,3,NaN,NaN,NaN,NaN,NaN,NaN,NaN,NaN,,,,,,,,,NaN,,NaN,NaN,NaN,NaN,NaN,NaN,NaN,NaN,NaN,NaN,NaN,NaN,NaN,NaN,NaN,NaN,,,,,,,
bfwi3pjyg3whbn0tpsz19e8hq,Aarhus Fremad,2829168531,946,13,2,90,11,M. Kubel,az9olsp7tglzt73awei9a4cgk,1,75.7,64.6,2025-07-25T18:18:52.638,2025-07-25T18:19:59,1.0,"{""id"": 4611686018471140783, ""qualifierId"": 322, ""value"": ""0.0""}",budoafznnaffvp9oyzt6abcic,HB Køge vs Aarhus Fremad,1_Division,2025-07-25,DNK,NaN,NaN,NaN,true,true,,true,,NaN,NaN,NaN,true,Center,NaN,,NaN,NaN,NaN,NaN,NaN,NaN,NaN,NaN,NaN,NaN,NaN,NaN,NaN,NaN,NaN,57.3,12.5,NaN,,,NaN,NaN,NaN,NaN,NaN,true,98.1,52.2,NaN,,0.013095997273921967,0.0,NaN,,2,3,NaN,NaN,NaN,NaN,NaN,NaN,NaN,NaN,,,,,,,,,NaN,,NaN,true,NaN,NaN,NaN,NaN,NaN,NaN,NaN,NaN,NaN,NaN,NaN,NaN,NaN,NaN,,,,,,,
bfwi3pjyg3whbn0tpsz19e8hq,Aarhus Fremad,2829169063,976,15,2,92,23,O. Andreasen,99518av3ju5u5wooeimy4x5hw,1,84.2,57.9,2025-07-25T18:21:04.852,2025-07-25T18:22:14,1.0,"{""id"": 4611686018471140799, ""qualifierId"": 322, ""value"": ""0.0""}",budoafznnaffvp9oyzt6abcic,HB Køge vs Aarhus Fremad,1_Division,2025-07-25,DNK,NaN,NaN,true,NaN,true,,true,,NaN,NaN,NaN,true,Center,NaN,,NaN,NaN,NaN,NaN,NaN,NaN,NaN,NaN,NaN,true,NaN,true,NaN,NaN,NaN,48.0,19,NaN,,,86.1,56.7,NaN,NaN,NaN,NaN,98.2,52.5,689,,0.05251380801200867,0.0,NaN,,3,2,true,NaN,NaN,NaN,NaN,NaN,NaN,NaN,,,,,,,,,NaN,,NaN,NaN,NaN,NaN,NaN,NaN,NaN,NaN,NaN,NaN,NaN,NaN,NaN,NaN,NaN,NaN,,,,,,,
bfwi3pjyg3whbn0tpsz19e8hq,Aarhus Fremad,2829169185,980,13,2,92,48,A. Pisani,2lvlyvfvdoz7kyqtib6jm9btg,1,93.1,44.0,2025-07-25T18:21:29.158,2025-07-25T18:24:45,1.0,"{""id"": 5807603751, ""qualifierId"": 154}",budoafznnaffvp9oyzt6abcic,HB Køge vs Aarhus Fremad,1_Division,2025-07-25,DNK,true,NaN,true,NaN,NaN,,NaN,,NaN,true,NaN,true,Center,NaN,,NaN,NaN,true,NaN,NaN,NaN,NaN,NaN,NaN,NaN,NaN,NaN,NaN,NaN,NaN,63.0,16.7,NaN,,,95.3,54.2,true,true,NaN,NaN,99.1,49.6,NaN,,0.016996929422020912,0.0,NaN,,3,3,true,NaN,NaN,NaN,NaN,NaN,NaN,NaN,,,,,,,,,NaN,,NaN,NaN,NaN,NaN,NaN,NaN,NaN,NaN,NaN,NaN,NaN,NaN,NaN,NaN,NaN,NaN,,,,,,,
bfwi3pjyg3whbn0tpsz19e8hq,Aarhus Fremad,2829169223,981,15,2,92,49,E. Egerton,8rqctff92ui8fanzbk6skyyac,1,95.7,58.1,2025-07-25T18:21:30.429,2025-07-25T18:24:08,1.0,"{""id"": 5807603181, ""qualifierId"": 146, ""value"": ""96.8""}",budoafznnaffvp9oyzt6abcic,HB Køge vs Aarhus Fremad,1_Division,2025-07-25,DNK,NaN,NaN,NaN,NaN,true,,NaN,,NaN,true,NaN,true,Center,true,,NaN,NaN,NaN,NaN,NaN,NaN,NaN,true,NaN,NaN,NaN,true,NaN,NaN,true,49.8,19,NaN,,,96.8,56.0,NaN,NaN,true,NaN,99.3,53.4,692,,0.11145196855068207,0.0,NaN,,3,2,true,NaN,NaN,NaN,NaN,NaN,NaN,NaN,,,,,,,,,NaN,,NaN,NaN,NaN,NaN,NaN,NaN,NaN,NaN,NaN,NaN,NaN,NaN,NaN,NaN,NaN,NaN,,,,,,,
bfwi3pjyg3whbn0tpsz19e8hq,Aarhus Fremad,2829169331,984,15,2,93,26,A. Holvad,f5do9kh6590dwx2732iak0edx,1,95.7,60.5,2025-07-25T18:22:07.348,2025-07-28T11:29:20,1.0,"{""id"": 5807607113, ""qualifierId"": 103, ""value"": ""33.5""}",budoafznnaffvp9oyzt6abcic,HB Køge vs Aarhus Fremad,1_Division,2025-07-25,DNK,NaN,NaN,NaN,NaN,true,,NaN,,NaN,true,NaN,true,Center,true,,NaN,NaN,NaN,NaN,NaN,NaN,NaN,NaN,true,NaN,NaN,NaN,NaN,NaN,NaN,48.2,33.5,NaN,,,99.1,52.7,NaN,true,NaN,NaN,NaN,NaN,694,,0.05276499688625336,0.3187200725078583,NaN,,3,3,true,NaN,NaN,NaN,NaN,NaN,NaN,NaN,,,,,,,,,NaN,,NaN,NaN,NaN,NaN,NaN,NaN,NaN,NaN,NaN,NaN,NaN,NaN,NaN,NaN,NaN,NaN,,,,,,,
b2vft81kyjurzbmekvgrqwr64,Hobro,2827645145,81,13,1,18,13,O. Klitten,e19g5bz7s9wqcvj8mttztxi0a,1,85.0,63.6,2025-07-18T16:49:45.763,2025-07-18T16:50:58,1.0,"{""id"": 5799071545, ""qualifierId"": 154}",brnzj43frth2y4gjyeex6n5lg,HB Køge vs Hobro,1_Division,2025-07-18,DNK,NaN,NaN,NaN,NaN,NaN,,NaN,NaN,true,NaN,,true,Center,,,true,true,NaN,NaN,NaN,NaN,,NaN,NaN,NaN,true,NaN,,,NaN,41.8,63.9,NaN,,,NaN,NaN,,true,NaN,NaN,97.7,52.5,NaN,,0.04188882187008858,0.0,,NaN,2,3,NaN,,NaN,NaN,NaN,NaN,NaN,,,,,,,,,,NaN,,NaN,NaN,,NaN,NaN,true,NaN,,,NaN,NaN,NaN,NaN,NaN,NaN,NaN,NaN,NaN,NaN,NaN,,,
b2vft81kyjurzbmekvgrqwr64,Hobro,2827645455,108,13,1,20,54,M. Nielsen,8q8yol44e42o9hwttlopznvh0,1,79.7,55.4,2025-07-18T16:52:26.562,2025-07-18T16:53:36,NaN,"{""id"": 4611686018471100265, ""qualifierId"": 322, ""value"": ""0.0""}",brnzj43frth2y4gjyeex6n5lg,HB Køge vs Hobro,1_Division,2025-07-18,DNK,NaN,NaN,NaN,true,NaN,,NaN,NaN,true,NaN,,NaN,Center,,,NaN,true,NaN,NaN,true,NaN,,NaN,NaN,NaN,NaN,NaN,,,NaN,38.5,23.6,true,,,NaN,NaN,,NaN,NaN,true,98.4,51.3,NaN,,0.02213340997695923,0.0,,NaN,2,3,true,,NaN,NaN,NaN,NaN,true,,,,,,,,,,NaN,,NaN,NaN,,NaN,NaN,NaN,NaN,,,NaN,NaN,NaN,NaN,NaN,NaN,NaN,NaN,NaN,NaN,NaN,,,
b2vft81kyjurzbmekvgrqwr64,Hobro,2827645569,121,15,1,22,44,L. Klitten,ea2x4o6ufsqoz2zz7tqcnvo16,1,87.4,64.0,2025-07-18T16:54:16.467,2025-07-18T16:55:26,1.0,"{""id"": 5799073971, ""qualifierId"": 103, ""value"": ""19""}",brnzj43frth2y4gjyeex6n5lg,HB Køge vs Hobro,1_Division,2025-07-18,DNK,NaN,NaN,NaN,NaN,NaN,,true,NaN,NaN,NaN,,true,Center,,,true,true,NaN,NaN,NaN,NaN,,true,NaN,NaN,NaN,true,,,NaN,48.9,19,NaN,,,93.8,55.8,,true,NaN,NaN,98.4,50.5,139,,0.06794586032629013,0.0,,NaN,2,2,NaN,,NaN,NaN,NaN,NaN,NaN,,,,,,,,,,NaN,,NaN,NaN,,NaN,NaN,NaN,NaN,,,NaN,NaN,NaN,NaN,NaN,NaN,NaN,NaN,NaN,NaN,NaN,,,
8cfkisxf1fkxdqtt6tx1tup48,HB Køge,2827645781,155,13,1,25,32,M. Schütt,k43cten7yb6p59yo0firhb84,1,80.8,45.4,2025-07-18T16:57:04.452,2025-07-18T16:58:12,NaN,"{""id"": 5799075299, ""qualifierId"": 75}",brnzj43frth2y4gjyeex6n5lg,HB Køge vs Hobro,1_Division,2025-07-18,DNK,NaN,NaN,NaN,true,NaN,,NaN,NaN,NaN,NaN,,NaN,Center,,,NaN,true,NaN,NaN,true,NaN,,NaN,NaN,NaN,NaN,NaN,,,NaN,40.3,20.8,NaN,,,NaN,NaN,,NaN,NaN,NaN,98.2,50.4,NaN,,0.05413743853569031,0.0,,NaN,2,3,true,,NaN,NaN,NaN,NaN,true,,,,,,,,,,NaN,,NaN,NaN,,NaN,NaN,NaN,NaN,,,NaN,NaN,NaN,NaN,NaN,NaN,NaN,NaN,NaN,true,NaN,,,
8cfkisxf1fkxdqtt6tx1tup48,HB Køge,2827645835,167,16,1,26,21,C. Tue Jensen,74m58jsznzu8l89b8h7rkh1bd,1,94.9,50.1,2025-07-18T16:57:53.469,2025-07-21T14:29:21,1.0,"{""id"": 5799075619, ""qualifierId"": 326, ""value"": ""3""}",brnzj43frth2y4gjyeex6n5lg,HB Køge vs Hobro,1_Division,2025-07-18,DNK,NaN,true,NaN,NaN,true,,true,NaN,NaN,NaN,,true,Center,,,NaN,NaN,NaN,NaN,NaN,NaN,,NaN,NaN,true,NaN,NaN,,,NaN,47.4,10.1,NaN,,,NaN,NaN,,true,true,NaN,99.0,50.5,NaN,,0.4253637194633484,0.8902897238731384,,NaN,3,1,true,,2025-07-18 17:57:53.148,26:21.024,98.9,49.6,NaN,,,,,,,,,,NaN,,NaN,NaN,,NaN,NaN,NaN,NaN,,,NaN,NaN,NaN,NaN,NaN,NaN,NaN,NaN,NaN,NaN,NaN,,,
8cfkisxf1fkxdqtt6tx1tup48,HB Køge,2827646811,226,15,1,33,17,G. Çulhacı,1icurh5jrnw1e6jdgqxjnhdnu,1,80.5,36.0,2025-07-18T17:04:49.925,2025-07-21T14:29:22,1.0,"{""id"": 5799885433, ""qualifierId"": 76}",brnzj43frth2y4gjyeex6n5lg,HB Køge vs Hobro,1_Division,2025-07-18,DNK,NaN,NaN,NaN,true,NaN,,true,NaN,NaN,NaN,,true,Center,,,NaN,true,NaN,NaN,NaN,true,,NaN,NaN,NaN,NaN,NaN,,,NaN,53.6,4.4,NaN,,,99.0,48.9,,NaN,NaN,true,NaN,NaN,233,,0.0578637570142746,0.37057891488075256,,NaN,1,2,NaN,,NaN,NaN,NaN,NaN,NaN,,,,,,,,,,NaN,,NaN,NaN,,NaN,NaN,NaN,NaN,,,NaN,NaN,NaN,NaN,NaN,NaN,NaN,NaN,NaN,NaN,NaN,,,
b2vft81kyjurzbmekvgrqwr64,Hobro,2827648511,316,13,1,39,14,M. Bruhn,8gqvlydur0v4cpmz1ozqkejh0,1,91.5,49.9,2025-07-18T17:10:46.962,2025-07-18T17:12:05,1.0,"{""id"": 5799090417, ""qualifierId"": 326, ""value"": ""3""}",brnzj43frth2y4gjyeex6n5lg,HB Køge vs Hobro,1_Division,2025-07-18,DNK,NaN,NaN,true,NaN,NaN,,true,NaN,NaN,NaN,,true,Center,,,NaN,true,true,NaN,NaN,NaN,,NaN,NaN,NaN,NaN,NaN,,,NaN,61.3,13.9,NaN,,,NaN,NaN,,true,true,NaN,98.8,49.8,NaN,,0.3442246913909912,0.0,,NaN,3,1,NaN,,NaN,NaN,NaN,NaN,NaN,,,,,,,,,,NaN,,NaN,NaN,,NaN,NaN,NaN,NaN,,,NaN,NaN,NaN,NaN,NaN,true,NaN,NaN,NaN,NaN,NaN,,,
8cfkisxf1fkxdqtt6tx1tup48,HB Køge,2827651531,353,15,1,48,5,M. Schütt,k43cten7yb6p59yo0firhb84,1,75.7,59.7,2025-07-18T17:19:37.542,2025-07-18T17:20:45,NaN,"{""id"": 5799107097, ""qualifierId"": 22}",brnzj43frth2y4gjyeex6n5lg,HB Køge vs Hobro,1_Division,2025-07-18,DNK,NaN,NaN,NaN,true,true,,true,NaN,NaN,NaN,,NaN,Center,,,NaN,NaN,NaN,NaN,NaN,NaN,,true,NaN,NaN,NaN,true,,,NaN,49.7,19,true,,,80.8,57.6,,NaN,NaN,true,97.7,50.7,426,,0.010132391937077045,0.0,,NaN,3,2,true,,NaN,NaN,NaN,NaN,true,,,,,,,,,,NaN,,NaN,NaN,,NaN,NaN,NaN,NaN,,,NaN,NaN,NaN,NaN,NaN,NaN,NaN,NaN,NaN,NaN,NaN,,,
8cfkisxf1fkxdqtt6tx1tup48,HB Køge,2827656943,413,15,2,48,40,G. Çulhacı,1icurh5jrnw1e6jdgqxjnhdnu,1,80.8,33.6,2025-07-18T17:38:06.476,2025-07-18T17:39:17,1.0,"{""id"": 5799137191, ""qualifierId"": 29}",brnzj43frth2y4gjyeex6n5lg,HB Køge vs Hobro,1_Division,2025-07-18,DNK,NaN,NaN,NaN,true,NaN,,true,NaN,NaN,NaN,,true,Center,,,NaN,true,NaN,NaN,NaN,NaN,,true,NaN,NaN,NaN,true,,,NaN,51.0,19,NaN,,,89.1,40.4,,true,NaN,true,99.0,48.7,506,,0.03891422972083092,0.0,,NaN,1,2,true,,NaN,NaN,NaN,NaN,NaN,,,,,,,,,,NaN,,NaN,NaN,,NaN,NaN,NaN,NaN,,,NaN,NaN,NaN,NaN,NaN,NaN,NaN,NaN,NaN,NaN,NaN,,,
8cfkisxf1fkxdqtt6tx1tup48,HB Køge,2827657135,418,15,2,49,21,C. Tue Jensen,74m58jsznzu8l89b8h7rkh1bd,1,80.5,35.8,2025-07-18T17:38:47.066,2025-07-18T17:40:16,1.0,"{""id"": 4611686018471100601, ""qualifierId"": 322, ""value"": ""0.0""}",brnzj43frth2y4gjyeex6n5lg,HB Køge vs Hobro,1_Division,2025-07-18,DNK,NaN,NaN,NaN,true,true,,NaN,NaN,NaN,true,,true,Center,,,NaN,NaN,NaN,NaN,NaN,NaN,,true,NaN,NaN,NaN,true,,,NaN,49.6,19,NaN,,,92.7,44.4,,NaN,NaN,true,99.7,48.6,508,,0.020036770030856133,0.0,,NaN,2,3,true,,NaN,NaN,NaN,NaN,NaN,,,,,,,,,,NaN,,NaN,NaN,,NaN,NaN,NaN,NaN,,,NaN,NaN,NaN,NaN,NaN,NaN,NaN,NaN,NaN,NaN,NaN,,,
b2vft81kyjurzbmekvgrqwr64,Hobro,2827651539,427,15,1,6,46,S. Andreasen,4qyfoq5fjiochtj89w426lm21,1,79.8,34.7,2025-07-18T16:38:18.300,2025-07-18T17:21:53,NaN,"{""id"": 5799109453, ""qualifierId"": 103, ""value"": ""19""}",brnzj43frth2y4gjyeex6n5lg,HB Køge vs Hobro,1_Division,2025-07-18,DNK,NaN,NaN,NaN,true,true,,true,NaN,NaN,NaN,,NaN,Center,,,NaN,NaN,NaN,NaN,NaN,NaN,,NaN,NaN,true,NaN,true,,,NaN,47.3,19,NaN,,,82.9,36.6,,NaN,NaN,true,96.9,48.2,107,,0.019843757152557373,0.0,,true,3,3,NaN,,NaN,NaN,NaN,NaN,true,,,,,,,,,,NaN,,NaN,NaN,,NaN,NaN,NaN,NaN,,,NaN,NaN,NaN,NaN,NaN,NaN,NaN,NaN,NaN,NaN,NaN,,,
8cfkisxf1fkxdqtt6tx1tup48,HB Køge,2827659297,456,15,2,55,33,C. Tue Jensen,74m58jsznzu8l89b8h7rkh1bd,1,89.1,60.0,2025-07-18T17:44:58.569,2025-07-18T17:46:41,1.0,"{""id"": 5799150451, ""qualifierId"": 17}",brnzj43frth2y4gjyeex6n5lg,HB Køge vs Hobro,1_Division,2025-07-18,DNK,NaN,NaN,true,NaN,true,,NaN,true,NaN,NaN,,true,Center,,,NaN,NaN,NaN,NaN,NaN,NaN,,NaN,NaN,true,NaN,true,,,true,47.3,19,NaN,,,98.0,49.6,,true,NaN,NaN,95.8,55.4,602,,0.3368866443634033,0.0,,NaN,1,2,NaN,,NaN,NaN,NaN,NaN,NaN,,,,,,,,,,NaN,,NaN,NaN,,true,NaN,NaN,NaN,,,NaN,NaN,NaN,NaN,NaN,NaN,NaN,NaN,NaN,NaN,NaN,,,
8cfkisxf1fkxdqtt6tx1tup48,HB Køge,2827660011,459,16,2,57,47,C. Tue Jensen,74m58jsznzu8l89b8h7rkh1bd,1,88.5,50.0,2025-07-18T17:47:13.474,2025-07-18T17:48:22,NaN,"{""id"": 5804311075, ""qualifierId"": 396, ""value"": ""47.3""}",brnzj43frth2y4gjyeex6n5lg,HB Køge vs Hobro,1_Division,2025-07-18,DNK,NaN,NaN,true,NaN,true,,NaN,NaN,NaN,NaN,,NaN,Center,,,NaN,NaN,NaN,NaN,NaN,true,,NaN,NaN,NaN,NaN,NaN,,,NaN,53.9,11.4,NaN,,,NaN,NaN,,NaN,true,NaN,99.7,50.4,NaN,,0.7884,0.7561879754066467,,NaN,1,1,NaN,,2025-07-18 18:47:12.750,57:47.265,1.2,47.3,true,,,,,,,,,,true,,NaN,NaN,,NaN,NaN,NaN,NaN,,,PENALTY_WON,547731,4042,604,544913,NaN,458,NaN,NaN,NaN,NaN,,,
8cfkisxf1fkxdqtt6tx1tup48,HB Køge,2827660303,471,15,1,10,9,S. Larsen,4m7gr5z6b40dj02yrmlwgeluc,1,79.6,36.6,2025-07-18T16:41:41.888,2025-07-18T18:24:44,1.0,"{""id"": 5799167137, ""qualifierId"": 29}",brnzj43frth2y4gjyeex6n5lg,HB Køge vs Hobro,1_Division,2025-07-18,DNK,NaN,NaN,NaN,true,true,,true,NaN,NaN,NaN,,true,Center,,,NaN,NaN,NaN,NaN,NaN,NaN,,true,NaN,NaN,NaN,true,,,NaN,49.7,19,NaN,,,83.3,39.0,,NaN,NaN,true,97.5,47.7,439,,0.03796278312802315,0.0,,NaN,2,2,NaN,,NaN,NaN,NaN,NaN,NaN,,,,,,,,,,NaN,,NaN,NaN,,NaN,NaN,NaN,NaN,,,NaN,NaN,NaN,NaN,NaN,NaN,NaN,NaN,NaN,NaN,NaN,,,
8cfkisxf1fkxdqtt6tx1tup48,HB Køge,2827661197,495,13,2,62,46,S. Larsen,4m7gr5z6b40dj02yrmlwgeluc,1,62.8,36.1,2025-07-18T17:52:12.090,2025-07-18T17:53:19,1.0,"{""id"": 5799160963, ""qualifierId"": 230, ""value"": ""98.2""}",brnzj43frth2y4gjyeex6n5lg,HB Køge vs Hobro,1_Division,2025-07-18,DNK,NaN,NaN,NaN,NaN,true,,true,NaN,NaN,NaN,,true,Center,,,NaN,NaN,NaN,NaN,NaN,NaN,,NaN,NaN,NaN,NaN,NaN,,,NaN,57.1,15.3,NaN,,,NaN,NaN,,NaN,NaN,true,98.2,47.7,NaN,,0.01614575833082199,0.0,,NaN,1,2,NaN,,NaN,NaN,NaN,NaN,NaN,,,,,,,,,,NaN,,NaN,true,,NaN,NaN,NaN,NaN,,,NaN,NaN,NaN,NaN,NaN,NaN,NaN,true,NaN,NaN,NaN,,,
b2vft81kyjurzbmekvgrqwr64,Hobro,2827660501,636,15,2,59,43,O. Klitten,e19g5bz7s9wqcvj8mttztxi0a,1,86.4,35.4,2025-07-18T17:49:09.069,2025-07-21T15:29:22,1.0,"{""id"": 5799163253, ""qualifierId"": 20}",brnzj43frth2y4gjyeex6n5lg,HB Køge vs Hobro,1_Division,2025-07-18,DNK,NaN,NaN,NaN,NaN,true,,true,NaN,NaN,NaN,,true,Center,,,NaN,NaN,NaN,NaN,NaN,NaN,,NaN,true,NaN,NaN,NaN,,,NaN,51.6,30.4,NaN,,,99.7,46.9,,true,NaN,NaN,NaN,NaN,476,,0.06217435747385025,0.4651850759983063,,NaN,2,2,true,,NaN,NaN,NaN,NaN,NaN,,,,,,,,,,NaN,,true,NaN,,NaN,true,NaN,NaN,,,NaN,NaN,NaN,NaN,NaN,NaN,NaN,NaN,NaN,NaN,NaN,,,
b2vft81kyjurzbmekvgrqwr64,Hobro,2827660541,640,15,2,59,55,S. Andreasen,4qyfoq5fjiochtj89w426lm21,1,85.6,42.4,2025-07-18T17:49:20.644,2025-07-21T15:29:22,NaN,"{""id"": 5799157241, ""qualifierId"": 103, ""value"": ""9.5""}",brnzj43frth2y4gjyeex6n5lg,HB Køge vs Hobro,1_Division,2025-07-18,DNK,NaN,NaN,true,NaN,true,,true,NaN,NaN,NaN,,NaN,Center,,,NaN,NaN,NaN,NaN,NaN,NaN,,true,NaN,NaN,NaN,NaN,,,NaN,51.2,9.5,NaN,,,98.4,47.3,,NaN,NaN,NaN,NaN,NaN,478,,0.18918916583061218,0.30448633432388306,,NaN,1,2,NaN,,NaN,NaN,NaN,NaN,true,,,,,,,,,,NaN,,NaN,NaN,,NaN,NaN,NaN,NaN,,,NaN,NaN,NaN,NaN,NaN,NaN,NaN,NaN,NaN,NaN,NaN,,,
8cfkisxf1fkxdqtt6tx1tup48,HB Køge,2827663949,666,13,2,82,25,S. Hald,67p0s4o54xcmiustgy8k5gljo,1,94.0,49.7,2025-07-18T18:11:51.031,2025-07-18T18:12:59,1.0,"{""id"": 5799177013, ""qualifierId"": 230, ""value"": ""98.8""}",brnzj43frth2y4gjyeex6n5lg,HB Køge vs Hobro,1_Division,2025-07-18,DNK,true,NaN,true,NaN,NaN,,NaN,NaN,true,NaN,,true,Center,,,NaN,NaN,NaN,NaN,NaN,NaN,,NaN,NaN,NaN,true,NaN,,,NaN,40.3,65.3,NaN,,,NaN,NaN,,true,true,NaN,98.8,49.5,NaN,,0.31960636377334595,0.0,,NaN,3,1,true,,NaN,NaN,NaN,NaN,NaN,,,,,,,,,,NaN,,NaN,NaN,,NaN,NaN,NaN,NaN,,,NaN,NaN,NaN,NaN,NaN,NaN,NaN,NaN,NaN,NaN,NaN,,,
8cfkisxf1fkxdqtt6tx1tup48,HB Køge,2827664563,711,13,2,86,10,A. Gøthler,d2ukggo2v5jsw4pctznmaijo4,1,90.9,39.7,2025-07-18T18:15:36.206,2025-07-18T18:16:49,1.0,"{""id"": 5799180969, ""qualifierId"": 230, ""value"": ""93.8""}",brnzj43frth2y4gjyeex6n5lg,HB Køge vs Hobro,1_Division,2025-07-18,DNK,NaN,NaN,true,NaN,true,,true,NaN,NaN,NaN,,true,Center,,,NaN,NaN,NaN,NaN,NaN,NaN,,NaN,NaN,NaN,NaN,NaN,,,NaN,58.0,15.3,NaN,,,NaN,NaN,,true,true,true,93.8,43.0,NaN,,0.3776838779449463,0.0,,NaN,2,1,NaN,,NaN,NaN,NaN,NaN,NaN,,,,,,,,,,NaN,,NaN,true,,NaN,NaN,NaN,NaN,,,NaN,NaN,NaN,NaN,NaN,NaN,NaN,NaN,true,NaN,NaN,,,
b2vft81kyjurzbmekvgrqwr64,Hobro,2827661809,713,15,2,67,28,O. Klitten,e19g5bz7s9wqcvj8mttztxi0a,1,83.0,33.1,2025-07-18T17:56:54.423,2025-07-21T15:29:22,1.0,"{""id"": 5804319365, ""qualifierId"": 328}",brnzj43frth2y4gjyeex6n5lg,HB Køge vs Hobro,1_Division,2025-07-18,DNK,NaN,NaN,NaN,true,true,,true,NaN,NaN,NaN,,true,Center,,,NaN,NaN,NaN,NaN,NaN,NaN,,NaN,true,NaN,NaN,NaN,,,NaN,50.2,32.3,NaN,,,97.5,48.7,,NaN,NaN,NaN,NaN,NaN,536,,0.03411634638905525,0.024784579873085022,,NaN,2,2,true,,NaN,NaN,NaN,NaN,NaN,,,,,,,,,,NaN,,NaN,NaN,,NaN,NaN,NaN,NaN,,,NaN,NaN,NaN,NaN,NaN,NaN,NaN,NaN,NaN,NaN,NaN,,,
b2vft81kyjurzbmekvgrqwr64,Hobro,2827661867,718,13,2,68,28,M. Boye,5jyv1dctfxa6335l1mlifwavo,1,94.2,50.7,2025-07-18T17:57:54.013,2025-07-18T17:59:06,1.0,"{""id"": 5799165237, ""qualifierId"": 327, ""value"": ""2""}",brnzj43frth2y4gjyeex6n5lg,HB Køge vs Hobro,1_Division,2025-07-18,DNK,true,NaN,true,NaN,NaN,,NaN,NaN,NaN,true,,true,Center,,,NaN,NaN,NaN,true,NaN,NaN,,NaN,NaN,NaN,NaN,NaN,,,NaN,50.9,66.7,NaN,,,NaN,NaN,,true,true,NaN,98.5,50.5,NaN,,0.23839838802814484,0.0,,NaN,1,2,true,,NaN,NaN,NaN,NaN,NaN,,,,,,,,,,NaN,,NaN,NaN,,NaN,NaN,NaN,NaN,,,NaN,NaN,NaN,NaN,NaN,NaN,NaN,NaN,NaN,NaN,NaN,,,
8cfkisxf1fkxdqtt6tx1tup48,HB Køge,2827665521,744,15,2,91,25,N. Jakobsen,4ti8pdx03j8dh4mdb626ltmvo,1,81.3,60.9,2025-07-18T18:20:50.504,2025-07-18T18:22:01,NaN,"{""id"": 5799190905, ""qualifierId"": 78}",brnzj43frth2y4gjyeex6n5lg,HB Køge vs Hobro,1_Division,2025-07-18,DNK,NaN,NaN,NaN,true,NaN,,NaN,true,NaN,NaN,,NaN,Center,,,NaN,true,NaN,NaN,NaN,NaN,,true,NaN,NaN,NaN,true,,,NaN,51.1,19,NaN,,,84.9,59.0,,NaN,NaN,true,97.3,53.8,918,,0.08833841234445572,0.0,,NaN,3,2,NaN,,NaN,NaN,NaN,NaN,true,,,,,,,,,,NaN,,NaN,NaN,,NaN,NaN,NaN,NaN,,,NaN,NaN,NaN,NaN,NaN,NaN,NaN,NaN,NaN,NaN,NaN,,,
8cfkisxf1fkxdqtt6tx1tup48,HB Køge,2827665729,757,15,2,92,24,B. Alkhoudari,6orujbbswf771s9rv0dcd8kd0,1,91.8,34.8,2025-07-18T18:21:50.216,2025-07-21T15:51:12,1.0,"{""id"": 5799190435, ""qualifierId"": 233, ""value"": ""938""}",brnzj43frth2y4gjyeex6n5lg,HB Køge vs Hobro,1_Division,2025-07-18,DNK,NaN,NaN,NaN,NaN,NaN,,NaN,true,NaN,NaN,,true,Center,,,NaN,true,NaN,NaN,NaN,NaN,,true,NaN,NaN,NaN,NaN,,,NaN,50.1,13.3,NaN,,,97.5,43.9,,true,NaN,NaN,NaN,NaN,938,,0.10568642616271973,0.12180562317371368,,NaN,3,2,NaN,,NaN,NaN,NaN,NaN,NaN,,,,,,,,,,NaN,,true,NaN,,NaN,NaN,NaN,true,,,NaN,NaN,NaN,NaN,NaN,NaN,NaN,NaN,NaN,NaN,true,,,
b2vft81kyjurzbmekvgrqwr64,Hobro,2827662425,777,15,2,73,24,M. Boye,5jyv1dctfxa6335l1mlifwavo,1,95.4,50.3,2025-07-18T18:02:50.321,2025-07-21T15:29:20,1.0,"{""id"": 5799168963, ""qualifierId"": 103, ""value"": ""13.3""}",brnzj43frth2y4gjyeex6n5lg,HB Køge vs Hobro,1_Division,2025-07-18,DNK,NaN,true,NaN,NaN,true,,NaN,NaN,true,NaN,,true,Center,,,NaN,NaN,NaN,NaN,NaN,NaN,,true,NaN,NaN,NaN,NaN,,,NaN,50.9,13.3,NaN,,,99.0,48.9,,true,true,NaN,NaN,NaN,571,,0.5547385215759277,0.33785682916641235,,NaN,2,1,true,,NaN,NaN,NaN,NaN,NaN,,,,,,,,,,NaN,,NaN,NaN,,NaN,NaN,NaN,NaN,,,NaN,NaN,NaN,NaN,NaN,true,NaN,NaN,NaN,NaN,NaN,,,
b2vft81kyjurzbmekvgrqwr64,Hobro,2827664047,847,15,2,83,5,O. Klitten,e19g5bz7s9wqcvj8mttztxi0a,1,89.2,41.3,2025-07-18T18:12:30.932,2025-07-18T18:13:41,1.0,"{""id"": 5799177735, ""qualifierId"": 82}",brnzj43frth2y4gjyeex6n5lg,HB Køge vs Hobro,1_Division,2025-07-18,DNK,NaN,NaN,true,NaN,true,,true,NaN,NaN,NaN,,true,Center,,,NaN,NaN,NaN,NaN,NaN,NaN,,true,NaN,NaN,NaN,true,,,NaN,48.8,19,NaN,,,93.4,45.1,,true,NaN,NaN,99.8,49.1,677,,0.17173472046852112,0.0,,NaN,1,2,true,,NaN,NaN,NaN,NaN,NaN,,,,,,,,,,NaN,,NaN,NaN,,NaN,NaN,NaN,NaN,,,NaN,NaN,NaN,NaN,NaN,NaN,NaN,NaN,NaN,NaN,NaN,,,
b2vft81kyjurzbmekvgrqwr64,Hobro,2827665087,899,13,2,88,56,M. Boye,5jyv1dctfxa6335l1mlifwavo,1,94.8,51.6,2025-07-18T18:18:22.397,2025-07-18T18:20:17,1.0,"{""id"": 5799184639, ""qualifierId"": 75}",brnzj43frth2y4gjyeex6n5lg,HB Køge vs Hobro,1_Division,2025-07-18,DNK,true,true,NaN,NaN,NaN,,NaN,NaN,NaN,true,,true,Center,,,NaN,NaN,NaN,NaN,true,NaN,,NaN,NaN,NaN,NaN,NaN,,,NaN,38.3,1.4,NaN,,,NaN,NaN,,true,NaN,NaN,99.1,50.7,NaN,,0.1858915239572525,0.0,,NaN,3,2,true,,NaN,NaN,NaN,NaN,NaN,,,,,,,,,,NaN,,NaN,NaN,,NaN,NaN,NaN,NaN,,,NaN,NaN,NaN,NaN,NaN,NaN,NaN,NaN,NaN,NaN,NaN,,,
8cfkisxf1fkxdqtt6tx1tup48,HB Køge,2830845371,34,13,1,3,50,C. Tue Jensen,74m58jsznzu8l89b8h7rkh1bd,1,74.7,63.0,2025-08-01T17:04:17.107,2025-08-01T17:05:29,NaN,"{""id"": 5816947403, ""qualifierId"": 56, ""value"": ""Center""}",bxcd6b76x814uh6cfqjhnm3h0,Kolding vs HB Køge,1_Division,2025-08-01,DNK,NaN,,NaN,true,true,,NaN,,,NaN,true,NaN,Center,,,NaN,NaN,NaN,NaN,,NaN,,NaN,NaN,NaN,NaN,NaN,NaN,,NaN,57.1,23.6,NaN,,,NaN,NaN,,NaN,NaN,true,99.0,48.6,NaN,,0.05460352078080177,0.0,,NaN,1,3,NaN,,NaN,NaN,NaN,NaN,true,NaN,,,,,,,,,,,,true,,,true,,NaN,,,,,,,,,,NaN,,NaN,NaN,NaN,NaN,NaN
b8oqgvx1ijeyn6y1cn6929ix4,Kolding,2830846179,65,16,1,6,0,S. Yatéké,9ircna8pbskreztmy1wiqwx9m,1,92.9,57.5,2025-08-01T17:06:26.963,2025-08-03T07:29:15,NaN,"{""id"": 5820767803, ""qualifierId"": 396, ""value"": ""55.1""}",bxcd6b76x814uh6cfqjhnm3h0,Kolding vs HB Køge,1_Division,2025-08-01,DNK,NaN,,true,NaN,NaN,,true,,,NaN,NaN,NaN,Center,,,NaN,true,NaN,NaN,,true,,NaN,NaN,NaN,NaN,NaN,NaN,,NaN,52.9,1.3,NaN,,,NaN,NaN,,NaN,true,true,95.9,53.1,NaN,,0.2449759840965271,0.8316724896430969,,NaN,2,2,NaN,,2025-08-01 18:06:26.421,05:59.520,96.9,55.1,true,48,,,,,,,,,,,,NaN,,,NaN,,NaN,,,,,,,,,,NaN,,NaN,NaN,NaN,NaN,NaN
8cfkisxf1fkxdqtt6tx1tup48,HB Køge,2830849583,124,15,1,19,14,G. Çulhacı,1icurh5jrnw1e6jdgqxjnhdnu,1,87.8,64.2,2025-08-01T17:19:40.945,2025-08-01T17:20:54,1.0,"{""id"": 5816971021, ""qualifierId"": 326, ""value"": ""3""}",bxcd6b76x814uh6cfqjhnm3h0,Kolding vs HB Køge,1_Division,2025-08-01,DNK,NaN,,NaN,NaN,NaN,,true,,,NaN,NaN,true,Center,,,true,true,NaN,NaN,,NaN,,true,NaN,NaN,NaN,true,NaN,,NaN,50.7,19,NaN,,,89.5,62.3,,true,NaN,NaN,99.0,53.4,222,,0.04480091482400894,0.0,,NaN,3,2,true,,NaN,NaN,NaN,NaN,NaN,NaN,,,,,,,,,,,,NaN,,,NaN,,NaN,,,,,,,,,,NaN,,NaN,NaN,NaN,NaN,NaN
8cfkisxf1fkxdqtt6tx1tup48,HB Køge,2830850133,135,13,1,21,41,M. Jensen,619s1phj5bkgkug3aszc1y9cl,1,82.5,54.6,2025-08-01T17:22:08.207,2025-08-01T17:23:16,NaN,"{""id"": 5816974879, ""qualifierId"": 458}",bxcd6b76x814uh6cfqjhnm3h0,Kolding vs HB Køge,1_Division,2025-08-01,DNK,NaN,,NaN,true,true,,NaN,,,NaN,NaN,NaN,Center,,,NaN,NaN,true,NaN,,NaN,,NaN,NaN,NaN,NaN,NaN,NaN,,NaN,62.2,8.3,NaN,,,NaN,NaN,,NaN,NaN,true,95.3,52.5,NaN,,0.049968473613262177,0.0,,NaN,3,3,true,,NaN,NaN,NaN,NaN,true,NaN,,,,,,,,,,,,NaN,,,NaN,,NaN,,,,,,,,,,NaN,,true,NaN,NaN,NaN,NaN
b8oqgvx1ijeyn6y1cn6929ix4,Kolding,2830850671,252,15,1,23,48,S. Yatéké,9ircna8pbskreztmy1wiqwx9m,1,89.0,53.4,2025-08-01T17:24:15.809,2025-08-01T17:25:36,1.0,"{""id"": 5816977693, ""qualifierId"": 22}",bxcd6b76x814uh6cfqjhnm3h0,Kolding vs HB Køge,1_Division,2025-08-01,DNK,NaN,,true,NaN,true,,true,,,NaN,NaN,true,Center,,,NaN,NaN,NaN,NaN,,NaN,,true,NaN,NaN,NaN,true,NaN,,true,50.1,19,NaN,,,94.3,51.8,,true,NaN,NaN,99.7,52.3,170,,0.32612019777297974,0.0,,NaN,1,3,NaN,,NaN,NaN,NaN,NaN,NaN,NaN,,,,,,,,,,,,NaN,,,NaN,,NaN,,,,,,,,,,NaN,,NaN,NaN,NaN,NaN,NaN
8cfkisxf1fkxdqtt6tx1tup48,HB Køge,2830853989,252,13,1,35,24,C. Tue Jensen,74m58jsznzu8l89b8h7rkh1bd,1,85.0,81.2,2025-08-01T17:35:51.278,2025-08-01T17:36:58,NaN,"{""id"": 4611686018471186951, ""qualifierId"": 322, ""value"": ""0.0""}",bxcd6b76x814uh6cfqjhnm3h0,Kolding vs HB Køge,1_Division,2025-08-01,DNK,NaN,,NaN,NaN,true,,NaN,,,NaN,true,NaN,Left,,,NaN,NaN,NaN,NaN,,NaN,,NaN,NaN,NaN,true,NaN,NaN,,NaN,41.3,75,NaN,,,NaN,NaN,,NaN,NaN,true,99.5,52.3,NaN,,0.04139291122555733,0.0,,NaN,1,3,NaN,,NaN,NaN,NaN,NaN,true,NaN,,,,,,,,,,,,NaN,,,true,,NaN,,,,,,,,,,NaN,,NaN,NaN,true,NaN,NaN
b8oqgvx1ijeyn6y1cn6929ix4,Kolding,2830850677,253,15,1,23,49,V. Westh,8h3cyhuw5049gcxrsld3rw1ec,1,91.2,46.8,2025-08-01T17:24:16.331,2025-08-01T17:25:41,NaN,"{""id"": 5816978485, ""qualifierId"": 233, ""value"": ""171""}",bxcd6b76x814uh6cfqjhnm3h0,Kolding vs HB Køge,1_Division,2025-08-01,DNK,NaN,,true,NaN,NaN,,true,,,NaN,NaN,NaN,Center,,,NaN,true,NaN,NaN,,NaN,,true,NaN,NaN,NaN,true,NaN,,NaN,49.6,19,NaN,,,93.3,47.5,,NaN,NaN,NaN,99.3,51.4,171,,0.1154496818780899,0.0,,NaN,3,3,true,,NaN,NaN,NaN,NaN,true,NaN,,,,,,,,,,,,NaN,,,NaN,,NaN,,,,,,,,,,NaN,,NaN,NaN,NaN,NaN,NaN
b8oqgvx1ijeyn6y1cn6929ix4,Kolding,2830852903,339,15,1,31,33,M. Olsen,4zpmxlmdfa5wx79cr0q14pfx1,1,87.7,58.1,2025-08-01T17:32:00.528,2025-08-01T17:33:15,1.0,"{""id"": 5817219949, ""qualifierId"": 108}",bxcd6b76x814uh6cfqjhnm3h0,Kolding vs HB Køge,1_Division,2025-08-01,DNK,NaN,,true,NaN,true,,true,,,NaN,NaN,true,Center,,,NaN,NaN,NaN,NaN,,true,,NaN,NaN,NaN,NaN,true,NaN,,NaN,52.0,19,true,,,93.4,55.2,,true,NaN,NaN,98.8,50.9,NaN,,0.048288870602846146,0.0,,NaN,3,2,true,,NaN,NaN,NaN,NaN,NaN,NaN,,,,,,,,,,,,NaN,,,NaN,,NaN,,,,,,,,,,NaN,,NaN,NaN,NaN,NaN,true
b8oqgvx1ijeyn6y1cn6929ix4,Kolding,2830853229,345,16,1,32,24,S. Yatéké,9ircna8pbskreztmy1wiqwx9m,1,89.8,56.8,2025-08-01T17:32:51.680,2025-08-03T11:20:12,1.0,"{""id"": 5816993171, ""qualifierId"": 231, ""value"": ""50.2""}",bxcd6b76x814uh6cfqjhnm3h0,Kolding vs HB Køge,1_Division,2025-08-01,DNK,true,,true,NaN,NaN,,NaN,,,NaN,NaN,true,Center,,,NaN,NaN,NaN,NaN,,true,,NaN,NaN,NaN,NaN,NaN,NaN,,NaN,52.7,12.7,NaN,,,NaN,NaN,,true,NaN,NaN,99.0,50.2,NaN,,0.026340190321207047,0.13193681836128235,,NaN,3,3,true,,2025-08-01 18:32:50.980,32:24.079,99.3,52.0,NaN,NaN,,,,,,,,,,,,NaN,,,NaN,,NaN,,,,,,,,,,NaN,,true,NaN,NaN,NaN,NaN
8cfkisxf1fkxdqtt6tx1tup48,HB Køge,2830862293,367,15,2,47,40,M. Jensen,619s1phj5bkgkug3aszc1y9cl,1,78.5,34.4,2025-08-01T18:10:54.232,2025-08-01T18:12:06,1.0,"{""id"": 5817043287, ""qualifierId"": 22}",bxcd6b76x814uh6cfqjhnm3h0,Kolding vs HB Køge,1_Division,2025-08-01,DNK,NaN,,NaN,true,true,,true,,,NaN,NaN,true,Center,,,NaN,NaN,NaN,NaN,,NaN,,true,NaN,NaN,NaN,true,NaN,,NaN,50.0,19,NaN,,,80.1,35.6,,NaN,NaN,true,96.0,44.8,538,,0.01986873522400856,0.0,,NaN,3,2,true,,NaN,NaN,NaN,NaN,NaN,NaN,,,,,,,,,,,,NaN,,,NaN,,NaN,,,,,,,,,,NaN,,NaN,NaN,NaN,NaN,NaN
8cfkisxf1fkxdqtt6tx1tup48,HB Køge,2830862641,373,13,2,48,45,M. Schütt,k43cten7yb6p59yo0firhb84,1,88.0,57.7,2025-08-01T18:11:59.190,2025-08-01T18:13:08,1.0,"{""id"": 5817045389, ""qualifierId"": 154}",bxcd6b76x814uh6cfqjhnm3h0,Kolding vs HB Køge,1_Division,2025-08-01,DNK,true,,true,NaN,NaN,,NaN,,,NaN,NaN,true,Center,,,NaN,NaN,NaN,NaN,,NaN,,NaN,NaN,NaN,NaN,NaN,NaN,,NaN,58.0,22.2,NaN,,,NaN,NaN,,true,NaN,NaN,99.0,50.2,NaN,,0.027125533670186996,0.0,,NaN,2,3,true,,NaN,NaN,NaN,NaN,NaN,NaN,,,,,,,,,,,,true,,,NaN,,NaN,,,,,,,,,,NaN,,true,NaN,NaN,NaN,NaN
8cfkisxf1fkxdqtt6tx1tup48,HB Køge,2830863357,408,16,2,50,39,Mohamad Al Naser,abhfq12njxxutqjtb9zvcusyc,1,90.9,56.0,2025-08-01T18:13:53.207,2025-08-04T10:29:18,1.0,"{""id"": 5817048847, ""qualifierId"": 22}",bxcd6b76x814uh6cfqjhnm3h0,Kolding vs HB Køge,1_Division,2025-08-01,DNK,NaN,,true,NaN,true,,true,,,NaN,NaN,true,Center,,,NaN,NaN,NaN,NaN,,true,,NaN,NaN,NaN,NaN,NaN,NaN,,NaN,54.2,12.0,true,,,NaN,NaN,,true,true,NaN,99.4,50,NaN,,0.26180359721183777,0.7275802493095398,,NaN,1,1,true,,2025-08-01 19:13:52.584,50:38.408,99.0,52.2,NaN,NaN,,,,,,,,,,,,NaN,,,NaN,,NaN,,,,,,,,,,NaN,,NaN,NaN,NaN,true,NaN
b8oqgvx1ijeyn6y1cn6929ix4,Kolding,2830855751,413,15,1,41,15,M. Olsen,4zpmxlmdfa5wx79cr0q14pfx1,1,75.3,44.6,2025-08-01T17:41:42.072,2025-08-01T17:42:55,NaN,"{""id"": 5817007053, ""qualifierId"": 326, ""value"": ""1""}",bxcd6b76x814uh6cfqjhnm3h0,Kolding vs HB Køge,1_Division,2025-08-01,DNK,NaN,,NaN,true,true,,NaN,,,NaN,NaN,NaN,Center,,,NaN,NaN,NaN,NaN,,true,,NaN,NaN,NaN,NaN,true,NaN,,NaN,52.9,19,NaN,,,88.6,49.1,,NaN,NaN,NaN,98.5,48.6,278,,0.03225051611661911,0.0,,NaN,1,3,true,,NaN,NaN,NaN,NaN,true,NaN,,,,,,,,,,,,NaN,,,NaN,,NaN,,,,,,,,,,NaN,,true,NaN,NaN,NaN,NaN
8cfkisxf1fkxdqtt6tx1tup48,HB Køge,2830864009,418,13,2,53,21,C. Tue Jensen,74m58jsznzu8l89b8h7rkh1bd,1,81.5,46.0,2025-08-01T18:16:35.623,2025-08-01T18:17:43,NaN,"{""id"": 5817052857, ""qualifierId"": 215}",bxcd6b76x814uh6cfqjhnm3h0,Kolding vs HB Køge,1_Division,2025-08-01,DNK,NaN,,NaN,true,true,,NaN,,,NaN,NaN,NaN,Center,,,NaN,NaN,NaN,NaN,,NaN,,NaN,NaN,NaN,true,NaN,NaN,,NaN,43.0,76.4,true,,,NaN,NaN,,NaN,NaN,true,99.0,49.1,NaN,,0.029268641024827957,0.0,,NaN,3,3,true,,NaN,NaN,NaN,NaN,true,NaN,,,,,,,,,,,,NaN,,,NaN,,NaN,,,,,,,,,,NaN,,true,NaN,NaN,NaN,NaN
8cfkisxf1fkxdqtt6tx1tup48,HB Køge,2830864279,426,15,2,54,17,M. Schütt,k43cten7yb6p59yo0firhb84,1,85.6,44.6,2025-08-01T18:17:31.566,2025-08-04T10:29:17,1.0,"{""id"": 5817075581, ""qualifierId"": 328}",bxcd6b76x814uh6cfqjhnm3h0,Kolding vs HB Køge,1_Division,2025-08-01,DNK,NaN,,true,NaN,true,,NaN,,,NaN,NaN,true,Center,,,NaN,NaN,NaN,NaN,,true,,NaN,NaN,NaN,NaN,NaN,NaN,,NaN,53.2,1.9,true,,,98.9,48.6,,true,NaN,NaN,NaN,NaN,596,,0.09796113520860672,0.5565377473831177,,NaN,1,2,true,,NaN,NaN,NaN,NaN,NaN,NaN,,,,,,,,,,,,NaN,,,NaN,,NaN,,,,,,,,,,NaN,,true,NaN,NaN,NaN,NaN
b8oqgvx1ijeyn6y1cn6929ix4,Kolding,2830856849,435,16,1,44,7,J. Vadstrup,b55jtl3ixolidn6cvc4t90efo,1,93.4,43.8,2025-08-01T17:44:34.266,2025-08-03T11:20:13,1.0,"{""id"": 5817014091, ""qualifierId"": 154}",bxcd6b76x814uh6cfqjhnm3h0,Kolding vs HB Køge,1_Division,2025-08-01,DNK,true,,true,NaN,NaN,,NaN,,,NaN,NaN,true,Center,,,NaN,NaN,NaN,NaN,,NaN,,NaN,NaN,true,NaN,NaN,NaN,,NaN,47.2,7.6,NaN,,,NaN,NaN,,true,true,NaN,99.3,48.7,NaN,,0.08910851180553436,0.40011870861053467,,NaN,3,2,true,,2025-08-01 18:44:33.779,44:06.878,99.0,46.6,NaN,NaN,,,,,,,,,,,,NaN,,,NaN,,true,,,,,,,,,,NaN,,true,true,NaN,NaN,NaN
8cfkisxf1fkxdqtt6tx1tup48,HB Køge,2830865723,484,13,2,61,13,C. Tue Jensen,74m58jsznzu8l89b8h7rkh1bd,1,76.5,69.3,2025-08-01T18:24:27.221,2025-08-01T18:25:40,1.0,"{""id"": 5817062719, ""qualifierId"": 18}",bxcd6b76x814uh6cfqjhnm3h0,Kolding vs HB Køge,1_Division,2025-08-01,DNK,NaN,,NaN,true,NaN,,NaN,,,NaN,NaN,true,Center,,,NaN,true,NaN,true,,NaN,,NaN,NaN,NaN,NaN,NaN,NaN,,NaN,54.5,83.3,NaN,,,NaN,NaN,,true,NaN,true,97.7,50.2,NaN,,0.007684912998229265,0.0,,NaN,3,3,true,,NaN,NaN,NaN,NaN,NaN,NaN,,,,,,,,,,,,NaN,,,NaN,,NaN,,,,,,,,,,NaN,,true,NaN,NaN,NaN,NaN
8cfkisxf1fkxdqtt6tx1tup48,HB Køge,2830869279,574,15,2,73,8,I. Dorgu,bmvcofmie6om4muxij4kdkro4,1,80.3,70.9,2025-08-01T18:36:22.858,2025-08-01T18:51:37,1.0,"{""id"": 5817082555, ""qualifierId"": 326, ""value"": ""3""}",bxcd6b76x814uh6cfqjhnm3h0,Kolding vs HB Køge,1_Division,2025-08-01,DNK,NaN,,NaN,true,true,,NaN,,,NaN,NaN,true,Center,,,NaN,NaN,NaN,NaN,,NaN,,true,NaN,NaN,NaN,true,NaN,,NaN,49.8,19,NaN,,,84.5,66.4,,NaN,NaN,true,97.3,52.7,762,,0.01234794594347477,0.0,,NaN,3,3,NaN,,NaN,NaN,NaN,NaN,NaN,NaN,,,,,,,,,,,,NaN,,,NaN,,NaN,,,,,,,,,,NaN,,true,NaN,NaN,NaN,NaN
8cfkisxf1fkxdqtt6tx1tup48,HB Køge,2830869713,586,15,2,74,6,M. Jensen,619s1phj5bkgkug3aszc1y9cl,1,76.8,46.2,2025-08-01T18:37:20.723,2025-08-04T11:29:06,NaN,"{""id"": 5817085083, ""qualifierId"": 321, ""value"": ""0.04353917017579079""}",bxcd6b76x814uh6cfqjhnm3h0,Kolding vs HB Køge,1_Division,2025-08-01,DNK,NaN,,NaN,true,true,,true,,,NaN,NaN,NaN,Center,,,NaN,NaN,NaN,NaN,,NaN,,true,NaN,NaN,NaN,NaN,NaN,,NaN,51.3,8.2,NaN,,,98.5,49.5,,NaN,NaN,true,NaN,NaN,771,,0.04353917017579079,0.037320949137210846,,NaN,1,3,true,,NaN,NaN,NaN,NaN,true,NaN,,,,,,,,,,,,NaN,,,NaN,,NaN,,,,,,,,,,NaN,,NaN,NaN,NaN,NaN,NaN
b8oqgvx1ijeyn6y1cn6929ix4,Kolding,2830864511,603,15,2,55,5,C. Jørgensen,9fvf8z6p8ok0n5vu999ysfywa,1,79.0,41.3,2025-08-01T18:18:19.866,2025-08-04T10:29:18,1.0,"{""id"": 5817228367, ""qualifierId"": 78}",bxcd6b76x814uh6cfqjhnm3h0,Kolding vs HB Køge,1_Division,2025-08-01,DNK,NaN,,NaN,true,NaN,,true,,,NaN,NaN,true,Center,,,NaN,true,NaN,NaN,,NaN,,true,NaN,NaN,NaN,NaN,NaN,,NaN,49.5,19.6,NaN,,,98.5,49.6,,NaN,NaN,true,NaN,NaN,436,,0.08112955838441849,0.025121958926320076,,NaN,1,1,NaN,,NaN,NaN,NaN,NaN,NaN,NaN,,,,,,,,,,,,NaN,,,NaN,,NaN,,,,,,,,,,NaN,,NaN,NaN,NaN,NaN,NaN
b8oqgvx1ijeyn6y1cn6929ix4,Kolding,2830866035,663,15,2,62,30,C. Vestergaard,3xz0h3d6r2qgmv9egms8yaz56,1,88.0,44.0,2025-08-01T18:25:44.429,2025-08-04T11:29:09,1.0,"{""id"": 5817064601, ""qualifierId"": 146, ""value"": ""98.5""}",bxcd6b76x814uh6cfqjhnm3h0,Kolding vs HB Køge,1_Division,2025-08-01,DNK,true,,true,NaN,NaN,,NaN,,,true,NaN,true,Center,,,NaN,NaN,NaN,NaN,,NaN,,NaN,true,NaN,NaN,NaN,NaN,,NaN,50.2,32.9,NaN,,,98.5,48.7,,true,NaN,NaN,NaN,NaN,490,,0.02119840309023857,0.012756682932376862,,NaN,2,3,true,,NaN,NaN,NaN,NaN,NaN,NaN,,,,,,,,,,,,NaN,,,NaN,,NaN,,,,,,,,,,NaN,,NaN,NaN,NaN,NaN,NaN
b8oqgvx1ijeyn6y1cn6929ix4,Kolding,2830867405,722,15,2,68,10,M. Olsen,4zpmxlmdfa5wx79cr0q14pfx1,1,79.3,68.1,2025-08-01T18:31:24.439,2025-08-01T18:32:43,1.0,"{""id"": 5817073273, ""qualifierId"": 103, ""value"": ""19""}",bxcd6b76x814uh6cfqjhnm3h0,Kolding vs HB Køge,1_Division,2025-08-01,DNK,NaN,,NaN,true,true,,true,,,NaN,NaN,true,Center,,,NaN,NaN,NaN,NaN,,NaN,,true,NaN,NaN,NaN,true,NaN,,NaN,49.9,19,NaN,,,80.5,67.3,,NaN,NaN,true,97.8,51.8,533,,0.01553339883685112,0.0,,NaN,3,2,NaN,,NaN,NaN,NaN,NaN,NaN,NaN,,,,,,,,,,,,NaN,,,NaN,,NaN,,,,,,,,,,NaN,,NaN,NaN,NaN,NaN,NaN
8cfkisxf1fkxdqtt6tx1tup48,HB Køge,2830876397,734,15,2,89,14,M. Salah,5jv4a1295xd5oonpj9w9fy61g,1,79.6,31.9,2025-08-01T18:52:28.905,2025-08-04T11:29:09,1.0,"{""id"": 5817123307, ""qualifierId"": 56, ""value"": ""Center""}",bxcd6b76x814uh6cfqjhnm3h0,Kolding vs HB Køge,1_Division,2025-08-01,DNK,NaN,,NaN,true,true,,true,,,NaN,NaN,true,Center,,,NaN,NaN,NaN,NaN,,NaN,,NaN,NaN,true,NaN,NaN,NaN,,NaN,47.7,12.7,NaN,,,100.0,48.4,,NaN,NaN,true,NaN,NaN,927,,0.04511589556932449,0.043848685920238495,,NaN,1,2,NaN,,NaN,NaN,NaN,NaN,NaN,NaN,,,,,,,,,,,,NaN,,,NaN,,NaN,,,,,,,,,,NaN,,NaN,NaN,NaN,NaN,NaN
8cfkisxf1fkxdqtt6tx1tup48,HB Køge,2830878431,771,15,2,94,17,M. Salah,5jv4a1295xd5oonpj9w9fy61g,1,76.9,41.9,2025-08-01T18:57:31.225,2025-08-01T18:58:38,NaN,"{""id"": 5817134491, ""qualifierId"": 22}",bxcd6b76x814uh6cfqjhnm3h0,Kolding vs HB Køge,1_Division,2025-08-01,DNK,NaN,,NaN,true,NaN,,true,,,NaN,NaN,NaN,Center,,,NaN,true,NaN,NaN,,NaN,,true,NaN,NaN,NaN,true,NaN,,NaN,50.3,19,NaN,,,80.3,43.1,,NaN,NaN,true,96.4,47.3,987,,0.04741613566875458,0.0,,true,2,2,NaN,,NaN,NaN,NaN,NaN,true,NaN,,,,,,,,,,,,NaN,,,NaN,,NaN,,,,,,,,,,NaN,,NaN,NaN,NaN,NaN,NaN
b8oqgvx1ijeyn6y1cn6929ix4,Kolding,2830874397,889,13,2,84,45,V. Westh,8h3cyhuw5049gcxrsld3rw1ec,1,92.5,50.2,2025-08-01T18:47:59.706,2025-08-01T18:49:15,1.0,"{""id"": 5817111701, ""qualifierId"": 22}",bxcd6b76x814uh6cfqjhnm3h0,Kolding vs HB Køge,1_Division,2025-08-01,DNK,NaN,,true,NaN,true,,true,,,NaN,NaN,true,Center,,,NaN,NaN,NaN,NaN,,NaN,,NaN,NaN,NaN,NaN,NaN,true,,NaN,42.0,9.7,true,,,NaN,NaN,,true,true,NaN,99.1,50.7,NaN,,0.3649199306964874,0.0,,NaN,2,1,true,,NaN,NaN,NaN,NaN,NaN,NaN,,,,,,,,,,,,NaN,,,NaN,,NaN,,,,,,,,,,NaN,,NaN,NaN,NaN,NaN,NaN
b8oqgvx1ijeyn6y1cn6929ix4,Kolding,2830877473,959,13,2,91,47,M. Olsen,4zpmxlmdfa5wx79cr0q14pfx1,1,75.2,52.6,2025-08-01T18:55:01.321,2025-08-01T18:56:11,1.0,"{""id"": 5817129775, ""qualifierId"": 102, ""value"": ""59.2""}",bxcd6b76x814uh6cfqjhnm3h0,Kolding vs HB Køge,1_Division,2025-08-01,DNK,NaN,,NaN,true,true,,true,,,NaN,NaN,true,Center,,,NaN,NaN,NaN,NaN,,NaN,,NaN,NaN,NaN,NaN,NaN,NaN,,NaN,59.2,1.4,NaN,,,NaN,NaN,,NaN,NaN,true,97.7,50,NaN,,0.04105743020772934,0.0,,NaN,1,3,NaN,,NaN,NaN,NaN,NaN,NaN,NaN,,,,,,,,,,,,true,,,NaN,,NaN,,,,,,,,,,NaN,,NaN,NaN,NaN,NaN,NaN
b8oqgvx1ijeyn6y1cn6929ix4,Kolding,2830878213,981,13,2,93,42,C. Palm,b6l4m6bmqgil9bjjov4tnuivo,1,57.2,70.1,2025-08-01T18:56:56.794,2025-08-01T18:58:05,NaN,"{""id"": 5817133459, ""qualifierId"": 321, ""value"": ""0.0089203966781497""}",bxcd6b76x814uh6cfqjhnm3h0,Kolding vs HB Køge,1_Division,2025-08-01,DNK,NaN,,NaN,NaN,true,,true,,,NaN,NaN,NaN,Center,,,NaN,NaN,NaN,NaN,,NaN,,NaN,NaN,NaN,NaN,NaN,true,,NaN,42.0,20.8,NaN,,,NaN,NaN,,NaN,NaN,true,87.9,54.5,NaN,,0.0089203966781497,0.0,,true,3,2,NaN,,NaN,NaN,NaN,NaN,true,NaN,,,,,,,,,,,,NaN,,,true,,NaN,,,,,,,,,,true,,NaN,NaN,NaN,NaN,NaN
