contestantId,team_name,id,eventId,typeId,periodId,timeMin,timeSec,playerName,playerId,outcome,x,y,timeStamp,lastModified,assist,qualifier,match_id,label,league_name,date,country,15,16,17,18,19,20,22,23,24,25,29,56,72,73,76,77,78,80,81,82,83,84,86,100,101,102,103,108,139,146,147,153,154,215,230,231,233,321,322,323,326,327,328,338,374,375,391,458,sequenceId,possessionId,keyPass,140,141,318,210,6,9,26,107,21,61,62,64,74,75,79,85,114,133,214,254,324,395,396,468,60,63,121,136,160,353,390,28,89,120,122,138,274,276,280,281,282,472,87,113
36g6ifzjliec1jqnbtf7yesme,AaB,2835057947,47,13,1,4,11,O. Ross,5lz41celw55rz3zh8pohclw5w,1,88.8,57.3,2025-08-15T17:04:43.190,2025-08-15T17:05:56,1.0,"{""id"": 5840527503, ""qualifierId"": 17}",c1ewpxmymnq163q1zr4olsd1w,AaB vs Horsens,1_Division,2025-08-15,DNK,NaN,NaN,true,NaN,NaN,true,NaN,NaN,true,NaN,true,Center,NaN,NaN,NaN,NaN,NaN,NaN,true,NaN,NaN,NaN,NaN,NaN,NaN,38.2,44.4,true,NaN,NaN,NaN,NaN,true,NaN,98.0,52.7,NaN,0.07141390442848206,0.0,NaN,2,2,true,NaN,NaN,NaN,true,NaN,,,,,,,,,,,,,,,,,,,,,,,,,,,,,,,,,,,,,,,,,,,,,,,
a9vw7ikerpr4cuweeeka5aneg,Horsens,2835061523,129,13,1,10,52,A. Moro,51ymbnikkta369rn3exb1g7bo,1,76.0,46.0,2025-08-15T17:11:23.938,2025-08-15T17:12:31,1.0,"{""id"": 5840548059, ""qualifierId"": 230, ""value"": ""97.8""}",c1ewpxmymnq163q1zr4olsd1w,AaB vs Horsens,1_Division,2025-08-15,DNK,NaN,NaN,NaN,true,NaN,NaN,true,NaN,NaN,NaN,true,Center,true,NaN,NaN,NaN,NaN,NaN,NaN,NaN,NaN,NaN,true,NaN,NaN,56.5,50,NaN,NaN,NaN,NaN,NaN,true,NaN,97.8,49.6,NaN,0.02878062054514885,0.0,NaN,2,2,NaN,NaN,NaN,NaN,NaN,NaN,,,,,,,,,,,,,,,,,,,,,,,,,,,,,,,,,,,,,,,,,,,,,,,
a9vw7ikerpr4cuweeeka5aneg,Horsens,2835061859,136,15,1,11,27,K. Kirkegaard,3ylgelxr6ssp42hidfnchqp2i,1,84.7,56.7,2025-08-15T17:11:58.763,2025-08-15T17:13:13,1.0,"{""id"": 5840549607, ""qualifierId"": 326, ""value"": ""2""}",c1ewpxmymnq163q1zr4olsd1w,AaB vs Horsens,1_Division,2025-08-15,DNK,NaN,NaN,true,NaN,NaN,true,true,NaN,NaN,NaN,true,Center,NaN,NaN,NaN,NaN,NaN,true,NaN,true,NaN,NaN,NaN,NaN,NaN,47.2,19,NaN,NaN,88.5,54.3,NaN,true,NaN,98.1,51.3,108,0.08465182781219482,0.0,NaN,2,2,true,NaN,NaN,NaN,NaN,NaN,,,,,,,,,,,,,,,,,,,,,,,,,,,,,,,,,,,,,,,,,,,,,,,
a9vw7ikerpr4cuweeeka5aneg,Horsens,2835062289,139,15,1,12,11,K. Kirkegaard,3ylgelxr6ssp42hidfnchqp2i,1,91.2,48.4,2025-08-15T17:12:42.740,2025-08-15T17:13:52,1.0,"{""id"": 5840552187, ""qualifierId"": 327, ""value"": ""2""}",c1ewpxmymnq163q1zr4olsd1w,AaB vs Horsens,1_Division,2025-08-15,DNK,NaN,NaN,true,NaN,NaN,true,NaN,NaN,NaN,true,true,Center,NaN,NaN,NaN,NaN,NaN,true,NaN,true,NaN,NaN,NaN,NaN,NaN,47.1,19,NaN,NaN,93.8,48.0,NaN,true,NaN,98.8,49.5,111,0.19775888323783875,0.0,NaN,2,2,NaN,NaN,NaN,NaN,NaN,NaN,,,,,,,,,,,,,,,,,,,,,,,,,,,,,,,,,,,,,,,,,,,,,,,
a9vw7ikerpr4cuweeeka5aneg,Horsens,2835063429,155,15,1,14,2,S. Pingel,3epwf56ozg73hueacwmckk0r9,1,91.4,38.0,2025-08-15T17:14:33.780,2025-08-15T17:15:44,1.0,"{""id"": 5840559103, ""qualifierId"": 322, ""value"": ""0.5927770137786865""}",c1ewpxmymnq163q1zr4olsd1w,AaB vs Horsens,1_Division,2025-08-15,DNK,NaN,NaN,true,NaN,NaN,true,true,NaN,NaN,NaN,true,Center,NaN,NaN,NaN,NaN,NaN,NaN,true,NaN,NaN,NaN,NaN,NaN,NaN,46.6,26.6,NaN,NaN,98.6,47.1,NaN,true,NaN,NaN,NaN,132,0.10928090661764145,0.5927770137786865,NaN,2,2,true,NaN,NaN,NaN,NaN,NaN,,,,,,,,,,,,,,,,,,,,,,,,,,,,,,,,,,,,,,,,,,,,,,,
a9vw7ikerpr4cuweeeka5aneg,Horsens,2835071891,267,15,1,29,48,S. Pingel,3epwf56ozg73hueacwmckk0r9,1,89.1,47.4,2025-08-15T17:30:19.732,2025-08-15T17:31:37,1.0,"{""id"": 5840607173, ""qualifierId"": 56, ""value"": ""Center""}",c1ewpxmymnq163q1zr4olsd1w,AaB vs Horsens,1_Division,2025-08-15,DNK,NaN,NaN,true,NaN,NaN,true,true,NaN,NaN,NaN,true,Center,NaN,NaN,NaN,NaN,NaN,NaN,true,NaN,NaN,NaN,NaN,NaN,NaN,46.4,24.1,NaN,NaN,98.4,49.6,NaN,true,NaN,NaN,NaN,253,0.1557479351758957,0.759092390537262,NaN,2,2,true,NaN,NaN,NaN,NaN,NaN,,,,,,,,,,,,,,,,,,,,,,,,,,,,,,,,,,,,,,,,,,,,,,,
a9vw7ikerpr4cuweeeka5aneg,Horsens,2835072587,273,16,1,31,3,K. Kirkegaard,3ylgelxr6ssp42hidfnchqp2i,1,74.6,62.0,2025-08-15T17:31:35.377,2025-08-15T18:09:45,1.0,"{""id"": 5840613869, ""qualifierId"": 29}",c1ewpxmymnq163q1zr4olsd1w,AaB vs Horsens,1_Division,2025-08-15,DNK,NaN,NaN,NaN,true,NaN,true,NaN,true,NaN,NaN,true,Center,NaN,NaN,NaN,NaN,NaN,true,NaN,NaN,NaN,NaN,NaN,NaN,NaN,46.4,4.4,NaN,NaN,NaN,NaN,NaN,NaN,true,99.0,49.6,NaN,0.03760197386145592,0.1000247448682785,NaN,2,2,NaN,NaN,2025-08-15 18:31:33.704,31:02.281,NaN,NaN,,,,,,,,,,,,,,,,,,,,,,,,,,,,,,,,,,,,,,,,,,,,,,,
36g6ifzjliec1jqnbtf7yesme,AaB,2835082043,428,15,1,48,59,K. John,5vrsflxiv2dgfa8199a2qxsve,1,91.3,49.1,2025-08-15T17:49:30.765,2025-08-15T17:50:37,1.0,"{""id"": 5840664045, ""qualifierId"": 22}",c1ewpxmymnq163q1zr4olsd1w,AaB vs Horsens,1_Division,2025-08-15,DNK,NaN,NaN,true,NaN,NaN,true,true,NaN,NaN,NaN,true,Center,NaN,NaN,NaN,NaN,true,NaN,NaN,NaN,NaN,NaN,NaN,NaN,NaN,51.0,19.0,NaN,NaN,94.7,49.3,NaN,true,NaN,NaN,NaN,437,0.30006545782089233,0.280427485704422,NaN,2,2,NaN,NaN,NaN,NaN,NaN,NaN,,,,,,,,,,,,,,,,,,,,,,,,,,,,,,,,,,,,,,,,,,,,,,,
a9vw7ikerpr4cuweeeka5aneg,Horsens,2835098275,505,15,2,49,3,S. Pingel,3epwf56ozg73hueacwmckk0r9,1,87.8,45.1,2025-08-15T18:13:46.326,2025-08-15T19:05:49,1.0,"{""id"": 5840754611, ""qualifierId"": 56, ""value"": ""Center""}",c1ewpxmymnq163q1zr4olsd1w,AaB vs Horsens,1_Division,2025-08-15,DNK,NaN,NaN,true,NaN,NaN,true,true,NaN,NaN,NaN,true,Center,NaN,NaN,NaN,NaN,NaN,true,NaN,NaN,NaN,NaN,NaN,NaN,NaN,46.3,8.2,NaN,NaN,98.4,48.4,NaN,true,NaN,NaN,NaN,503,0.18350724875926971,0.6560578346252441,NaN,2,2,NaN,NaN,NaN,NaN,NaN,NaN,,,,,,,,,,,,,,,,,,,,,,,,,,,,,,,,,,,,,,,,,,,,,,,
a9vw7ikerpr4cuweeeka5aneg,Horsens,2835098721,513,13,2,49,28,S. Pingel,3epwf56ozg73hueacwmckk0r9,1,89.4,38.3,2025-08-15T18:14:10.943,2025-08-15T18:15:21,1.0,"{""id"": 5840757809, ""qualifierId"": 321, ""value"": ""0.02853807620704174""}",c1ewpxmymnq163q1zr4olsd1w,AaB vs Horsens,1_Division,2025-08-15,DNK,true,NaN,true,NaN,NaN,NaN,true,NaN,NaN,NaN,true,Center,NaN,NaN,NaN,true,NaN,NaN,NaN,NaN,NaN,NaN,NaN,NaN,NaN,61.7,66.7,NaN,NaN,NaN,NaN,NaN,true,NaN,98.6,46.9,NaN,0.02853807620704174,0.0,NaN,2,2,true,NaN,NaN,NaN,NaN,NaN,,,,,,,,,,,,,,,,,,,,,,,,,,,,,,,,,,,,,,,,,,,,,,,
a9vw7ikerpr4cuweeeka5aneg,Horsens,2835110219,639,16,2,61,22,K. Kirkegaard,3ylgelxr6ssp42hidfnchqp2i,1,92.7,46.2,2025-08-15T18:26:04.744,2025-08-15T18:31:57,1.0,"{""id"": 5840822807, ""qualifierId"": 326, ""value"": ""2""}",c1ewpxmymnq163q1zr4olsd1w,AaB vs Horsens,1_Division,2025-08-15,DNK,NaN,NaN,true,NaN,NaN,true,true,NaN,NaN,NaN,true,Center,NaN,NaN,true,NaN,NaN,NaN,NaN,NaN,NaN,NaN,NaN,NaN,NaN,52.4,1.9,NaN,NaN,NaN,NaN,NaN,NaN,NaN,99.1,49.3,NaN,0.2294708490371704,0.5474790334701538,NaN,2,2,true,NaN,2025-08-15 19:26:04.259,61:21.899,NaN,NaN,,,,,,,,,,,,,,,,,,,,,,,,,,,,,,,,,,,,,,,,,,,,,,,
a9vw7ikerpr4cuweeeka5aneg,Horsens,2835113727,670,15,2,61,20,S. Pingel,3epwf56ozg73hueacwmckk0r9,1,88.1,45.9,2025-08-15T18:26:03.164,2025-08-15T18:44:21,1.0,"{""id"": 5840918845, ""qualifierId"": 139}",c1ewpxmymnq163q1zr4olsd1w,AaB vs Horsens,1_Division,2025-08-15,DNK,NaN,NaN,true,NaN,NaN,NaN,true,NaN,NaN,NaN,true,Center,true,NaN,NaN,NaN,NaN,true,NaN,true,NaN,NaN,NaN,true,NaN,46.9,19,NaN,true,95.8,46.6,NaN,NaN,NaN,99.4,49.1,NaN,0.13451270759105682,0.0,NaN,2,3,true,NaN,NaN,NaN,NaN,NaN,,,,,,,,,,,,,,,,,,,,,,,,,,,,,,,,,,,,,,,,,,,,,,,
a9vw7ikerpr4cuweeeka5aneg,Horsens,2835117001,705,13,2,68,42,C. Tapé,bdz03qovxerzrv12lgljae1p0,1,95.3,45.8,2025-08-15T18:33:25.004,2025-08-15T18:34:36,1.0,"{""id"": 5840861717, ""qualifierId"": 231, ""value"": ""48.4""}",c1ewpxmymnq163q1zr4olsd1w,AaB vs Horsens,1_Division,2025-08-15,DNK,true,true,NaN,NaN,NaN,NaN,NaN,NaN,NaN,true,true,Center,NaN,NaN,NaN,NaN,NaN,NaN,NaN,NaN,NaN,true,NaN,NaN,NaN,41.8,13.9,NaN,NaN,NaN,NaN,NaN,true,NaN,98.2,48.4,NaN,0.2151380181312561,0.0,NaN,2,2,true,NaN,NaN,NaN,NaN,NaN,,,,,,,,,,,,,,,,,,,,,,,,,,,,,,,,,,,,,,,,,,,,,,,
36g6ifzjliec1jqnbtf7yesme,AaB,2835118411,725,13,2,70,10,V. Møller,5521epytthhw9afm2r3jn3384,1,82.4,43.6,2025-08-15T18:34:53.130,2025-08-15T18:35:59,1.0,"{""id"": 4611686018471301603, ""qualifierId"": 322, ""value"": ""0.0""}",c1ewpxmymnq163q1zr4olsd1w,AaB vs Horsens,1_Division,2025-08-15,DNK,NaN,NaN,NaN,true,NaN,true,true,NaN,NaN,NaN,true,Center,NaN,NaN,NaN,NaN,NaN,NaN,NaN,NaN,true,NaN,NaN,NaN,NaN,58.5,12.5,NaN,NaN,NaN,NaN,NaN,NaN,true,98.0,48.4,NaN,0.08475184440612793,0.0,NaN,2,2,NaN,NaN,NaN,NaN,NaN,NaN,,,,,,,,,,,,,,,,,,,,,,,,,,,,,,,,,,,,,,,,,,,,,,,
a9vw7ikerpr4cuweeeka5aneg,Horsens,2835130649,767,13,2,81,51,A. Moro,51ymbnikkta369rn3exb1g7bo,1,39.9,62.5,2025-08-15T18:46:34.120,2025-08-15T19:37:31,NaN,"{""id"": 5841189423, ""qualifierId"": 231, ""value"": ""55.1""}",c1ewpxmymnq163q1zr4olsd1w,AaB vs Horsens,1_Division,2025-08-15,DNK,NaN,NaN,NaN,NaN,true,true,true,NaN,NaN,NaN,NaN,Back,NaN,true,NaN,NaN,NaN,NaN,NaN,NaN,NaN,NaN,NaN,NaN,NaN,83.9,36.1,NaN,NaN,94.3,88.3,true,NaN,NaN,94.0,55.1,NaN,0.0121,NaN,NaN,2,2,NaN,NaN,NaN,NaN,NaN,true,,,,,,,,,,,,,,,,,,,,,,,,,,,,,,,,,,,,,,,,,,,,,,,
a9vw7ikerpr4cuweeeka5aneg,Horsens,2835134329,800,15,2,85,23,A. Saine,7353ysa16qgg30b9z5qiagys4,1,94.3,53.3,2025-08-15T18:50:05.752,2025-08-15T18:51:18,1.0,"{""id"": 4611686018471302111, ""qualifierId"": 322, ""value"": ""0.0""}",c1ewpxmymnq163q1zr4olsd1w,AaB vs Horsens,1_Division,2025-08-15,DNK,true,true,NaN,NaN,NaN,NaN,NaN,NaN,NaN,true,true,Center,NaN,NaN,NaN,NaN,true,NaN,NaN,true,NaN,NaN,NaN,true,true,48.7,19,NaN,NaN,98.9,49.6,NaN,true,NaN,98.8,54.0,843,0.18688704073429108,0.0,NaN,2,2,true,NaN,NaN,NaN,NaN,NaN,,,,,,,,,,,,,,,,,,,,,,,,,,,,,,,,,,,,,,,,,,,,,,,
a9vw7ikerpr4cuweeeka5aneg,Horsens,2835134375,801,13,2,85,26,F. Sene,ohjn9tgx28c0qssvrdvzr5zo,1,87.1,42.5,2025-08-15T18:50:09.240,2025-08-15T18:51:43,NaN,"{""id"": 4611686018471302115, ""qualifierId"": 322, ""value"": ""0.0""}",c1ewpxmymnq163q1zr4olsd1w,AaB vs Horsens,1_Division,2025-08-15,DNK,NaN,NaN,true,NaN,NaN,true,NaN,NaN,NaN,true,NaN,Center,NaN,true,NaN,NaN,NaN,NaN,NaN,NaN,NaN,NaN,NaN,NaN,NaN,60.0,33.3,true,NaN,NaN,NaN,NaN,NaN,NaN,96.7,51.6,NaN,0.07073178142309189,0.0,true,2,2,true,800,NaN,NaN,NaN,true,,,,,,,,,,,,,,,,,,,,,,,,,,,,,,,,,,,,,,,,,,,,,,,
a9vw7ikerpr4cuweeeka5aneg,Horsens,2835137927,862,13,2,90,51,F. Brandhof,ca1b5707pdpx0ucug40ggnahh,1,83.0,31.5,2025-08-15T18:55:33.485,2025-08-15T18:56:43,1.0,"{""id"": 4611686018471302203, ""qualifierId"": 322, ""value"": ""0.0""}",c1ewpxmymnq163q1zr4olsd1w,AaB vs Horsens,1_Division,2025-08-15,DNK,NaN,NaN,NaN,true,NaN,NaN,true,NaN,NaN,NaN,true,Center,true,NaN,NaN,true,NaN,NaN,NaN,NaN,NaN,NaN,NaN,NaN,NaN,60.8,80.6,NaN,NaN,NaN,NaN,NaN,true,NaN,98.8,49.1,NaN,0.03387531265616417,0.0,NaN,2,2,NaN,NaN,NaN,NaN,NaN,NaN,,,,,,,,,,,,,,,,,,,,,,,,,,,,,,,,,,,,,,,,,,,,,,,
a9vw7ikerpr4cuweeeka5aneg,Horsens,2835143443,929,13,2,99,40,F. Sene,ohjn9tgx28c0qssvrdvzr5zo,1,81.2,66.7,2025-08-15T19:04:22.835,2025-08-15T19:05:31,1.0,"{""id"": 5841041245, ""qualifierId"": 22}",c1ewpxmymnq163q1zr4olsd1w,AaB vs Horsens,1_Division,2025-08-15,DNK,NaN,NaN,NaN,true,NaN,true,true,NaN,NaN,NaN,true,Center,NaN,NaN,NaN,NaN,NaN,NaN,NaN,NaN,NaN,true,NaN,NaN,NaN,42.0,23.6,NaN,NaN,NaN,NaN,NaN,true,NaN,98.2,50.9,NaN,0.03608660399913788,0.0,NaN,2,2,NaN,NaN,NaN,NaN,NaN,NaN,,,,,,,,,,,,,,,,,,,,,,,,,,,,,,,,,,,,,,,,,,,,,,,
36g6ifzjliec1jqnbtf7yesme,AaB,2833723177,67,15,1,4,58,M. Bomholt,ejixz16616b7krftxyzv9yiac,1,80.2,38.5,2025-08-10T14:03:58.522,2025-08-10T15:03:48,1.0,"{""id"": 5832965951, ""qualifierId"": 22}",c0oowstsjlw429lgzrkqhbu38,HB Køge vs AaB,1_Division,2025-08-10,DNK,NaN,NaN,NaN,true,,NaN,true,NaN,NaN,NaN,true,Center,true,NaN,NaN,NaN,true,NaN,NaN,true,,NaN,,NaN,,51.1,19,NaN,,82.7,40.1,NaN,NaN,true,97.6,46.9,39,0.0584300197660923,0.0,NaN,2,2,NaN,NaN,NaN,NaN,,NaN,,,,,,,,,,NaN,,NaN,NaN,NaN,NaN,NaN,NaN,NaN,NaN,NaN,NaN,NaN,NaN,NaN,NaN,NaN,NaN,,,,,,,,,,,,,,,,,,,,
8cfkisxf1fkxdqtt6tx1tup48,HB Køge,2833726313,79,13,1,10,5,G. Larsen,3mgrufy83uhzs9liw8pwxi784,1,96.8,36.1,2025-08-10T14:09:06.068,2025-08-10T14:40:38,1.0,"{""id"": 5832983751, ""qualifierId"": 56, ""value"": ""Center""}",c0oowstsjlw429lgzrkqhbu38,HB Køge vs AaB,1_Division,2025-08-10,DNK,NaN,NaN,NaN,NaN,,true,true,NaN,NaN,NaN,true,Center,NaN,NaN,NaN,NaN,NaN,NaN,NaN,NaN,,NaN,,NaN,,51.4,52.8,NaN,,NaN,NaN,NaN,true,NaN,99.4,44.4,NaN,0.0625130906701088,0.0,NaN,3,2,true,NaN,NaN,NaN,,NaN,,,,,,,,,,NaN,,NaN,NaN,true,NaN,NaN,NaN,NaN,true,NaN,NaN,true,NaN,NaN,NaN,NaN,NaN,,,,,,,,,,,,,,,,,,,,
36g6ifzjliec1jqnbtf7yesme,AaB,2833724045,86,15,1,6,27,K. John,5vrsflxiv2dgfa8199a2qxsve,1,93.4,45.8,2025-08-10T14:05:27.388,2025-08-12T07:29:08,1.0,"{""id"": 5832971697, ""qualifierId"": 147, ""value"": ""49.5""}",c0oowstsjlw429lgzrkqhbu38,HB Køge vs AaB,1_Division,2025-08-10,DNK,true,NaN,true,NaN,,NaN,true,NaN,NaN,NaN,true,Center,NaN,NaN,NaN,NaN,NaN,NaN,true,NaN,,NaN,,NaN,,45.8,21.5,NaN,,99.1,49.5,NaN,true,NaN,NaN,NaN,47,0.20591755211353302,0.885301411151886,NaN,3,1,true,NaN,NaN,NaN,,NaN,,,,,,,,,,NaN,,NaN,NaN,NaN,NaN,NaN,NaN,NaN,NaN,NaN,NaN,true,NaN,NaN,NaN,NaN,NaN,,,,,,,,,,,,,,,,,,,,
36g6ifzjliec1jqnbtf7yesme,AaB,2833724065,87,13,1,6,29,K. John,5vrsflxiv2dgfa8199a2qxsve,1,97.7,45.2,2025-08-10T14:05:29.885,2025-08-10T14:06:53,NaN,"{""id"": 5833068125, ""qualifierId"": 338, ""value"": ""86""}",c0oowstsjlw429lgzrkqhbu38,HB Køge vs AaB,1_Division,2025-08-10,DNK,NaN,true,NaN,NaN,,NaN,true,NaN,NaN,NaN,NaN,Center,NaN,NaN,NaN,NaN,NaN,NaN,NaN,NaN,,NaN,,NaN,,40.7,16.7,NaN,,NaN,NaN,NaN,NaN,NaN,98.9,48.9,NaN,0.4437437355518341,0.0,true,2,1,NaN,86,NaN,NaN,,true,,,,,,,,,,NaN,,true,NaN,NaN,NaN,NaN,true,NaN,NaN,NaN,NaN,true,NaN,NaN,NaN,NaN,NaN,,,,,,,,,,,,,,,,,,,,
8cfkisxf1fkxdqtt6tx1tup48,HB Køge,2833727887,107,15,1,12,39,I. Dorgu,bmvcofmie6om4muxij4kdkro4,1,91.1,42.1,2025-08-10T14:11:39.333,2025-08-12T07:29:08,1.0,"{""id"": 5832992791, ""qualifierId"": 22}",c0oowstsjlw429lgzrkqhbu38,HB Køge vs AaB,1_Division,2025-08-10,DNK,NaN,NaN,true,NaN,,true,true,NaN,NaN,NaN,true,Center,NaN,NaN,NaN,NaN,NaN,true,NaN,NaN,,NaN,,NaN,,47.3,17.1,NaN,,99.3,49.5,NaN,true,NaN,NaN,NaN,145,0.07910038530826569,0.3624879717826843,NaN,3,2,true,NaN,NaN,NaN,,NaN,,,,,,,,,,NaN,,NaN,NaN,NaN,NaN,NaN,NaN,NaN,NaN,NaN,NaN,NaN,NaN,NaN,NaN,NaN,NaN,,,,,,,,,,,,,,,,,,,,
8cfkisxf1fkxdqtt6tx1tup48,HB Køge,2833732641,169,13,1,19,42,M. Jensen,619s1phj5bkgkug3aszc1y9cl,1,76.8,39.5,2025-08-10T14:18:42.916,2025-08-10T14:19:50,1.0,"{""id"": 5833026115, ""qualifierId"": 102, ""value"": ""41.7""}",c0oowstsjlw429lgzrkqhbu38,HB Køge vs AaB,1_Division,2025-08-10,DNK,NaN,NaN,NaN,true,,NaN,NaN,NaN,NaN,true,true,Center,true,NaN,NaN,NaN,NaN,NaN,NaN,NaN,,true,,NaN,,41.7,34.7,NaN,,NaN,NaN,NaN,true,true,97.1,46.8,NaN,0.02123355306684971,0.0,NaN,2,3,true,NaN,NaN,NaN,,NaN,,,,,,,,,,NaN,,NaN,NaN,NaN,NaN,NaN,NaN,NaN,NaN,NaN,NaN,NaN,NaN,NaN,NaN,NaN,NaN,,,,,,,,,,,,,,,,,,,,
36g6ifzjliec1jqnbtf7yesme,AaB,2833730301,175,15,1,16,27,A. Jasson,8bi1tlz62rjwyak4pnnzgp562,1,75.0,65.8,2025-08-10T14:15:27.940,2025-08-10T14:16:39,1.0,"{""id"": 5833006347, ""qualifierId"": 22}",c0oowstsjlw429lgzrkqhbu38,HB Køge vs AaB,1_Division,2025-08-10,DNK,NaN,NaN,NaN,true,,true,true,NaN,NaN,NaN,true,Center,NaN,NaN,NaN,NaN,true,NaN,NaN,true,,NaN,,NaN,,49.4,19,NaN,,77.3,64.3,NaN,NaN,true,98.0,52.0,153,0.012544182129204273,0.0,NaN,3,2,NaN,NaN,NaN,NaN,,NaN,,,,,,,,,,NaN,,NaN,NaN,NaN,NaN,NaN,NaN,NaN,NaN,NaN,NaN,NaN,NaN,NaN,NaN,NaN,NaN,,,,,,,,,,,,,,,,,,,,
36g6ifzjliec1jqnbtf7yesme,AaB,2833730763,178,13,1,17,5,K. John,5vrsflxiv2dgfa8199a2qxsve,1,92.4,55.2,2025-08-10T14:16:05.796,2025-08-10T14:17:15,1.0,"{""id"": 5833008891, ""qualifierId"": 17}",c0oowstsjlw429lgzrkqhbu38,HB Køge vs AaB,1_Division,2025-08-10,DNK,true,NaN,true,NaN,,NaN,NaN,NaN,NaN,true,true,Center,NaN,NaN,NaN,NaN,NaN,NaN,NaN,NaN,,NaN,,NaN,,49.9,80.6,NaN,,NaN,NaN,NaN,true,NaN,98.8,50.2,NaN,0.0935136079788208,0.0,NaN,2,2,true,NaN,NaN,NaN,,NaN,,,,,,,,,,NaN,,NaN,NaN,NaN,NaN,true,NaN,NaN,NaN,NaN,NaN,NaN,NaN,NaN,NaN,NaN,NaN,,,,,,,,,,,,,,,,,,,,
8cfkisxf1fkxdqtt6tx1tup48,HB Køge,2833734443,209,15,1,23,5,G. Çulhacı,1icurh5jrnw1e6jdgqxjnhdnu,1,82.2,47.4,2025-08-10T14:22:05.895,2025-08-12T08:29:13,1.0,"{""id"": 5833029409, ""qualifierId"": 18}",c0oowstsjlw429lgzrkqhbu38,HB Køge vs AaB,1_Division,2025-08-10,DNK,NaN,NaN,NaN,true,,NaN,true,NaN,NaN,NaN,true,Center,true,NaN,NaN,NaN,true,NaN,NaN,NaN,,NaN,,NaN,,50.6,2.5,NaN,,96.5,47.7,NaN,NaN,true,NaN,NaN,244,0.059473056346178055,0.15419340133666992,NaN,3,2,NaN,NaN,NaN,NaN,,NaN,,,,,,,,,,NaN,,NaN,NaN,NaN,NaN,NaN,NaN,NaN,NaN,NaN,NaN,NaN,NaN,NaN,NaN,NaN,NaN,,,,,,,,,,,,,,,,,,,,
8cfkisxf1fkxdqtt6tx1tup48,HB Køge,2833736707,233,15,1,27,37,I. Dorgu,bmvcofmie6om4muxij4kdkro4,1,84.0,51.3,2025-08-10T14:26:37.643,2025-08-10T14:45:13,1.0,"{""id"": 5833102153, ""qualifierId"": 231, ""value"": ""49.5""}",c0oowstsjlw429lgzrkqhbu38,HB Køge vs AaB,1_Division,2025-08-10,DNK,NaN,NaN,true,NaN,,true,true,NaN,NaN,NaN,true,Center,NaN,NaN,NaN,NaN,NaN,true,NaN,true,,NaN,,NaN,,47.5,19,NaN,,87.2,50.5,NaN,true,NaN,97.3,49.5,264,0.057773761451244354,0.0,NaN,3,2,NaN,NaN,NaN,NaN,,NaN,,,,,,,,,,NaN,,NaN,NaN,NaN,NaN,NaN,NaN,NaN,NaN,NaN,NaN,NaN,NaN,true,NaN,NaN,979,,,,,,,,,,,,,,,,,,,,
8cfkisxf1fkxdqtt6tx1tup48,HB Køge,2833739955,306,14,1,33,42,C. Tue Jensen,74m58jsznzu8l89b8h7rkh1bd,1,90.2,68.7,2025-08-10T14:32:43.017,2025-08-10T14:33:53,1.0,"{""id"": 5833061525, ""qualifierId"": 29}",c0oowstsjlw429lgzrkqhbu38,HB Køge vs AaB,1_Division,2025-08-10,DNK,NaN,NaN,NaN,NaN,,NaN,NaN,true,NaN,NaN,true,Center,true,NaN,NaN,NaN,NaN,NaN,NaN,NaN,,NaN,,NaN,,44.7,4.4,NaN,,NaN,NaN,NaN,NaN,true,99.4,48.9,NaN,0.05520924925804138,0.0,NaN,3,2,NaN,NaN,NaN,NaN,,NaN,,,,,,,,,,NaN,,NaN,NaN,NaN,true,NaN,true,NaN,NaN,NaN,NaN,NaN,NaN,NaN,NaN,NaN,NaN,,,,,,,,,,,,,,,,,,,,
36g6ifzjliec1jqnbtf7yesme,AaB,2833742699,363,15,1,37,52,A. Håpnes,5y2mfgruizah0ylcz7q1abw9g,1,91.4,43.6,2025-08-10T14:36:52.730,2025-08-12T09:29:11,1.0,"{""id"": 5833076143, ""qualifierId"": 327, ""value"": ""2""}",c0oowstsjlw429lgzrkqhbu38,HB Køge vs AaB,1_Division,2025-08-10,DNK,NaN,NaN,true,NaN,,true,true,NaN,NaN,NaN,true,Center,NaN,NaN,NaN,NaN,NaN,true,NaN,NaN,,NaN,,NaN,,47.4,19.0,NaN,,98.9,48.2,NaN,true,NaN,NaN,NaN,336,0.34311777353286743,0.46131595969200134,NaN,1,2,NaN,NaN,NaN,NaN,,NaN,,,,,,,,,,NaN,,NaN,NaN,NaN,NaN,NaN,NaN,NaN,NaN,NaN,NaN,NaN,NaN,NaN,NaN,NaN,NaN,,,,,,,,,,,,,,,,,,,,
36g6ifzjliec1jqnbtf7yesme,AaB,2833744437,382,16,1,40,36,K. John,5vrsflxiv2dgfa8199a2qxsve,1,96.0,51.3,2025-08-10T14:39:36.292,2025-08-12T16:29:31,1.0,"{""id"": 5836900689, ""qualifierId"": 24}",c0oowstsjlw429lgzrkqhbu38,HB Køge vs AaB,1_Division,2025-08-10,DNK,NaN,true,NaN,NaN,,true,NaN,NaN,true,NaN,true,Center,NaN,NaN,true,NaN,NaN,NaN,NaN,NaN,,NaN,,NaN,,54.0,7.0,NaN,,NaN,NaN,NaN,true,NaN,99.1,52.0,NaN,0.6333675980567932,0.8957218527793884,NaN,2,1,true,NaN,2025-08-10 15:39:36.034,40:35.764,,NaN,,,,,,,,,,NaN,,NaN,NaN,NaN,NaN,NaN,NaN,NaN,NaN,NaN,NaN,true,NaN,NaN,99.1,50.7,NaN,,,,,,,,,,,,,,,,,,,,
36g6ifzjliec1jqnbtf7yesme,AaB,2833748407,423,15,1,47,16,M. Nielsen,bcdp9e3dezuaybm8ndrsanbx0,1,76.0,72.0,2025-08-10T14:46:16.673,2025-08-12T16:29:31,NaN,"{""id"": 5833109127, ""qualifierId"": 56, ""value"": ""Center""}",c0oowstsjlw429lgzrkqhbu38,HB Køge vs AaB,1_Division,2025-08-10,DNK,NaN,NaN,NaN,true,,NaN,NaN,NaN,NaN,NaN,NaN,Center,true,NaN,true,NaN,NaN,NaN,NaN,NaN,,NaN,,NaN,,53.9,3.8,NaN,,98.5,51.6,NaN,NaN,NaN,98.5,51.6,452,0.03553598001599312,0.19912678003311157,NaN,1,3,NaN,NaN,NaN,NaN,,true,,,,,,,,,,true,,NaN,NaN,NaN,NaN,NaN,NaN,NaN,NaN,true,true,NaN,NaN,NaN,NaN,NaN,NaN,,,,,,,,,,,,,,,,,,,,
36g6ifzjliec1jqnbtf7yesme,AaB,2833748985,435,13,1,48,9,V. Møller,5521epytthhw9afm2r3jn3384,1,91.8,50.3,2025-08-10T14:47:09.794,2025-08-10T14:48:19,1.0,"{""id"": 5833112965, ""qualifierId"": 231, ""value"": ""50.7""}",c0oowstsjlw429lgzrkqhbu38,HB Køge vs AaB,1_Division,2025-08-10,DNK,NaN,NaN,true,NaN,,true,true,NaN,NaN,NaN,true,Center,NaN,true,NaN,NaN,NaN,NaN,NaN,NaN,,NaN,,NaN,,60.3,8.3,true,,NaN,NaN,NaN,true,NaN,98.4,50.7,NaN,0.11667126417160034,0.0,NaN,3,2,true,NaN,NaN,NaN,,NaN,,,,,,,,,,NaN,,NaN,NaN,NaN,NaN,NaN,NaN,NaN,NaN,NaN,NaN,NaN,NaN,NaN,NaN,NaN,NaN,,,,,,,,,,,,,,,,,,,,
36g6ifzjliec1jqnbtf7yesme,AaB,2833761347,502,14,2,50,40,V. Møller,5521epytthhw9afm2r3jn3384,1,91.8,62.8,2025-08-10T15:09:25.954,2025-08-10T15:10:43,1.0,"{""id"": 5833182287, ""qualifierId"": 22}",c0oowstsjlw429lgzrkqhbu38,HB Køge vs AaB,1_Division,2025-08-10,DNK,NaN,NaN,true,NaN,,true,true,NaN,NaN,NaN,true,Center,NaN,NaN,NaN,NaN,NaN,NaN,NaN,NaN,,NaN,,NaN,,53.0,38.6,NaN,,NaN,NaN,NaN,true,NaN,98.0,52.9,NaN,0.07275135815143585,0.0,NaN,3,2,NaN,NaN,NaN,NaN,,NaN,,,,,,,,,,NaN,,NaN,NaN,NaN,NaN,true,NaN,NaN,NaN,NaN,NaN,NaN,NaN,NaN,NaN,NaN,NaN,,,,,,,,,,,,,,,,,,,,
36g6ifzjliec1jqnbtf7yesme,AaB,2833761379,503,13,2,50,44,K. John,5vrsflxiv2dgfa8199a2qxsve,1,88.8,37.8,2025-08-10T15:09:29.498,2025-08-10T15:10:39,NaN,"{""id"": 4611686018471267019, ""qualifierId"": 322, ""value"": ""0.0""}",c0oowstsjlw429lgzrkqhbu38,HB Køge vs AaB,1_Division,2025-08-10,DNK,NaN,NaN,true,NaN,,true,true,NaN,NaN,NaN,NaN,Center,NaN,NaN,NaN,NaN,NaN,NaN,NaN,NaN,,NaN,,NaN,,39.7,9.7,true,,NaN,NaN,NaN,NaN,NaN,98.8,49.5,NaN,0.08555616438388824,0.0,true,1,2,true,502,NaN,NaN,,true,,,,,,,,,,NaN,,NaN,NaN,NaN,NaN,NaN,true,NaN,NaN,NaN,NaN,NaN,NaN,NaN,NaN,NaN,NaN,,,,,,,,,,,,,,,,,,,,
8cfkisxf1fkxdqtt6tx1tup48,HB Køge,2833770811,629,13,2,60,13,G. Larsen,3mgrufy83uhzs9liw8pwxi784,1,97.0,33.8,2025-08-10T15:18:58.305,2025-08-10T15:20:06,1.0,"{""id"": 5833236389, ""qualifierId"": 22}",c0oowstsjlw429lgzrkqhbu38,HB Køge vs AaB,1_Division,2025-08-10,DNK,NaN,NaN,NaN,NaN,,true,true,NaN,NaN,NaN,true,Center,NaN,NaN,NaN,NaN,NaN,NaN,NaN,NaN,,NaN,,NaN,,48.6,54.2,NaN,,NaN,NaN,NaN,NaN,true,99.5,45.5,NaN,0.03723737597465515,0.0,NaN,3,2,NaN,NaN,NaN,NaN,,NaN,,,,,,,,,,NaN,,NaN,NaN,true,NaN,NaN,NaN,NaN,true,NaN,NaN,NaN,NaN,true,NaN,NaN,NaN,,,,,,,,,,,,,,,,,,,,
36g6ifzjliec1jqnbtf7yesme,AaB,2833779721,675,13,2,71,24,A. Maarup,cf6zq49y8v1ekw07e7yi3uac,1,92.1,46.4,2025-08-10T15:30:09.665,2025-08-10T15:31:20,1.0,"{""id"": 5833286771, ""qualifierId"": 326, ""value"": ""3""}",c0oowstsjlw429lgzrkqhbu38,HB Køge vs AaB,1_Division,2025-08-10,DNK,NaN,NaN,true,NaN,,true,true,NaN,NaN,NaN,true,Center,NaN,NaN,NaN,NaN,NaN,NaN,true,NaN,,NaN,,NaN,,38.8,73.6,true,,NaN,NaN,NaN,true,NaN,98.6,49.3,NaN,0.11012201756238937,0.0,NaN,3,2,true,NaN,NaN,NaN,,NaN,,,,,,,,,,NaN,,NaN,NaN,NaN,NaN,NaN,NaN,NaN,NaN,NaN,NaN,NaN,NaN,NaN,NaN,NaN,NaN,,,,,,,,,,,,,,,,,,,,
36g6ifzjliec1jqnbtf7yesme,AaB,2833787475,740,14,2,79,1,N. Helenius,rv6r0bwbl75er38wklyfpsr9,1,90.3,47.9,2025-08-10T15:37:47.095,2025-08-10T16:07:43,1.0,"{""id"": 4611686018471267811, ""qualifierId"": 322, ""value"": ""0.0""}",c0oowstsjlw429lgzrkqhbu38,HB Køge vs AaB,1_Division,2025-08-10,DNK,true,NaN,true,NaN,,NaN,NaN,NaN,NaN,true,true,Center,NaN,NaN,NaN,NaN,NaN,NaN,NaN,NaN,,NaN,,NaN,,47.8,39.2,NaN,,NaN,NaN,NaN,true,NaN,98.6,49.6,NaN,0.04401310905814171,0.0,NaN,3,2,true,NaN,NaN,NaN,,NaN,,,,,,,,,,NaN,,NaN,NaN,NaN,NaN,true,NaN,NaN,NaN,NaN,NaN,NaN,NaN,NaN,NaN,NaN,NaN,,,,,,,,,,,,,,,,,,,,
8cfkisxf1fkxdqtt6tx1tup48,HB Køge,2833788163,764,15,2,79,34,A. Gøthler,d2ukggo2v5jsw4pctznmaijo4,1,90.9,56.8,2025-08-10T15:38:19.876,2025-08-12T15:29:23,1.0,"{""id"": 5833334247, ""qualifierId"": 79}",c0oowstsjlw429lgzrkqhbu38,HB Køge vs AaB,1_Division,2025-08-10,DNK,true,NaN,true,NaN,,NaN,true,NaN,NaN,NaN,true,Center,NaN,NaN,NaN,NaN,NaN,NaN,NaN,NaN,,NaN,,NaN,,49.9,22.2,NaN,,98.9,52.7,NaN,true,NaN,NaN,NaN,743,0.07845330238342285,0.08016709238290787,NaN,2,2,true,NaN,NaN,NaN,,NaN,,,,,,,,,,NaN,,NaN,NaN,NaN,NaN,NaN,NaN,true,NaN,NaN,NaN,NaN,NaN,NaN,NaN,NaN,NaN,,,,,,,,,,,,,,,,,,,,
8cfkisxf1fkxdqtt6tx1tup48,HB Køge,2833803181,874,13,2,94,14,S. Larsen,4m7gr5z6b40dj02yrmlwgeluc,1,76.9,34.4,2025-08-10T15:52:59.800,2025-08-10T15:54:15,NaN,"{""id"": 5833417777, ""qualifierId"": 56, ""value"": ""Center""}",c0oowstsjlw429lgzrkqhbu38,HB Køge vs AaB,1_Division,2025-08-10,DNK,NaN,NaN,NaN,true,,NaN,true,NaN,NaN,NaN,NaN,Center,true,NaN,NaN,true,NaN,NaN,NaN,NaN,,NaN,,NaN,,63.5,50,NaN,,NaN,NaN,NaN,NaN,true,99.5,48.0,NaN,0.023060547187924385,0.0,NaN,2,3,NaN,NaN,NaN,NaN,,true,,,,,,,,,,NaN,,NaN,NaN,NaN,NaN,NaN,NaN,NaN,NaN,NaN,NaN,NaN,NaN,NaN,NaN,NaN,NaN,,,,,,,,,,,,,,,,,,,,
36g6ifzjliec1jqnbtf7yesme,AaB,2833799157,880,15,2,89,31,N. Helenius,rv6r0bwbl75er38wklyfpsr9,1,95.4,52.3,2025-08-10T15:48:16.949,2025-08-10T15:49:46,1.0,"{""id"": 5833397641, ""qualifierId"": 233, ""value"": ""825""}",c0oowstsjlw429lgzrkqhbu38,HB Køge vs AaB,1_Division,2025-08-10,DNK,NaN,true,NaN,NaN,,true,true,NaN,NaN,NaN,true,Center,NaN,NaN,NaN,NaN,true,NaN,NaN,true,,NaN,,true,,51.2,19,NaN,,96.7,52.0,NaN,true,NaN,98.6,50.7,825,0.4829295575618744,0.0,NaN,3,1,NaN,NaN,NaN,NaN,,NaN,,,,,,,,,,NaN,,NaN,NaN,NaN,NaN,NaN,NaN,NaN,NaN,NaN,NaN,true,NaN,NaN,NaN,NaN,NaN,,,,,,,,,,,,,,,,,,,,
36g6ifzjliec1jqnbtf7yesme,AaB,2833799423,885,15,2,89,45,K. John,5vrsflxiv2dgfa8199a2qxsve,1,92.4,68.1,2025-08-10T15:48:30.478,2025-08-12T16:29:31,1.0,"{""id"": 5833395723, ""qualifierId"": 326, ""value"": ""1""}",c0oowstsjlw429lgzrkqhbu38,HB Køge vs AaB,1_Division,2025-08-10,DNK,NaN,NaN,NaN,NaN,,true,true,NaN,NaN,NaN,true,Center,NaN,NaN,true,NaN,NaN,NaN,NaN,NaN,,NaN,,NaN,,53.8,5.7,NaN,,98.5,53.8,NaN,true,NaN,NaN,NaN,830,0.07935976982116699,0.3481239974498749,NaN,1,1,true,NaN,NaN,NaN,,NaN,,,,,,,,,,NaN,,NaN,NaN,NaN,true,NaN,NaN,NaN,NaN,NaN,NaN,NaN,NaN,NaN,NaN,NaN,NaN,,,,,,,,,,,,,,,,,,,,
36g6ifzjliec1jqnbtf7yesme,AaB,2833800783,905,16,2,91,10,K. John,5vrsflxiv2dgfa8199a2qxsve,1,97.7,56.3,2025-08-10T15:49:55.734,2025-08-12T16:29:31,1.0,"{""id"": 5833408357, ""qualifierId"": 322, ""value"": ""0.9947509169578552""}",c0oowstsjlw429lgzrkqhbu38,HB Køge vs AaB,1_Division,2025-08-10,DNK,NaN,NaN,NaN,NaN,,true,true,NaN,NaN,NaN,true,Center,NaN,NaN,NaN,NaN,true,NaN,NaN,NaN,,NaN,,NaN,,50.6,1.9,NaN,,NaN,NaN,NaN,NaN,true,92.5,48.0,NaN,0.8332539200782776,0.9947509169578552,NaN,2,0,NaN,NaN,2025-08-10 16:49:55.439,91:10.313,,NaN,,,,,,,,,,NaN,,NaN,true,NaN,NaN,NaN,NaN,NaN,NaN,NaN,NaN,true,true,true,5.4,50.7,NaN,,,,,,,,,,,,,,,,,,,,
8cfkisxf1fkxdqtt6tx1tup48,HB Køge,2834400095,916,13,2,77,31,M. Jensen,619s1phj5bkgkug3aszc1y9cl,1,87.2,43.5,2025-08-10T15:36:16.797,2025-08-12T12:16:05,1.0,"{""id"": 5836794135, ""qualifierId"": 23}",c0oowstsjlw429lgzrkqhbu38,HB Køge vs AaB,1_Division,2025-08-10,DNK,NaN,NaN,true,NaN,,true,NaN,true,NaN,NaN,true,Center,NaN,true,NaN,NaN,NaN,NaN,NaN,NaN,,NaN,,NaN,,68.2,11.1,NaN,,89.9,50.9,true,true,NaN,98.8,50,NaN,0.21901835501194,0.0,NaN,2,2,NaN,NaN,NaN,NaN,,NaN,,,,,,,,,,NaN,,NaN,NaN,NaN,NaN,NaN,NaN,NaN,NaN,NaN,NaN,NaN,NaN,NaN,NaN,NaN,NaN,,,,,,,,,,,,,,,,,,,,
b8oqgvx1ijeyn6y1cn6929ix4,Kolding,2827833605,13,13,1,0,48,V. Westh,8h3cyhuw5049gcxrsld3rw1ec,1,82.2,49.7,2025-07-19T11:59:43.194,2025-07-19T12:01:04,NaN,"{""id"": 5800106507, ""qualifierId"": 56, ""value"": ""Center""}",bs7i18mhro0d46fg5m0727rpw,Kolding vs AaB,1_Division,2025-07-19,DNK,NaN,,NaN,true,,NaN,NaN,,NaN,NaN,NaN,Center,true,NaN,NaN,true,NaN,NaN,,NaN,NaN,NaN,,NaN,,59.3,45.8,NaN,,NaN,NaN,NaN,NaN,NaN,98.2,50,NaN,0.09668850153684616,0.0,NaN,1,3,true,NaN,NaN,NaN,true,true,,,,,,,,,NaN,NaN,,,NaN,NaN,NaN,NaN,,NaN,,,NaN,NaN,,,NaN,NaN,,NaN,NaN,NaN,NaN,true,NaN,NaN,,,,,,,,,,,,,
b8oqgvx1ijeyn6y1cn6929ix4,Kolding,2827835071,58,15,1,4,21,M. Olsen,4zpmxlmdfa5wx79cr0q14pfx1,1,93.6,63.8,2025-07-19T12:03:15.250,2025-07-19T12:04:30,1.0,"{""id"": 5800115393, ""qualifierId"": 147, ""value"": ""57.2""}",bs7i18mhro0d46fg5m0727rpw,Kolding vs AaB,1_Division,2025-07-19,DNK,NaN,,NaN,NaN,,NaN,true,,NaN,NaN,true,Center,true,NaN,true,NaN,NaN,NaN,,true,NaN,NaN,,true,,52.1,19,true,,97.2,57.2,NaN,true,NaN,99.7,51.3,42,0.10293349623680115,0.0,NaN,1,2,true,NaN,NaN,NaN,NaN,NaN,,,,,,,,,NaN,NaN,,,NaN,NaN,true,NaN,,NaN,,,NaN,true,,,NaN,NaN,,NaN,NaN,NaN,NaN,NaN,NaN,NaN,,,,,,,,,,,,,
36g6ifzjliec1jqnbtf7yesme,AaB,2827835939,64,13,1,6,6,K. John,5vrsflxiv2dgfa8199a2qxsve,1,91.8,51.7,2025-07-19T12:05:00.772,2025-07-19T12:06:12,1.0,"{""id"": 5800119677, ""qualifierId"": 230, ""value"": ""98.6""}",bs7i18mhro0d46fg5m0727rpw,Kolding vs AaB,1_Division,2025-07-19,DNK,true,,true,NaN,,NaN,true,,NaN,NaN,true,Center,NaN,NaN,NaN,NaN,NaN,NaN,,NaN,true,NaN,,NaN,,57.1,26.4,NaN,,NaN,NaN,NaN,true,NaN,98.6,50.2,NaN,0.1329995095729828,0.0,NaN,2,2,true,NaN,NaN,NaN,NaN,NaN,,,,,,,,,NaN,NaN,,,NaN,NaN,NaN,NaN,,NaN,,,NaN,NaN,,,NaN,NaN,,NaN,NaN,NaN,NaN,NaN,NaN,NaN,,,,,,,,,,,,,
b8oqgvx1ijeyn6y1cn6929ix4,Kolding,2827839789,138,13,1,15,25,S. Yatéké,9ircna8pbskreztmy1wiqwx9m,1,88.5,50.0,2025-07-19T12:14:19.472,2025-07-19T12:15:37,NaN,"{""id"": 4611686018471105281, ""qualifierId"": 322, ""value"": ""0.0""}",bs7i18mhro0d46fg5m0727rpw,Kolding vs AaB,1_Division,2025-07-19,DNK,NaN,,true,NaN,,true,NaN,,NaN,NaN,NaN,Center,NaN,NaN,NaN,NaN,NaN,NaN,,NaN,NaN,true,,NaN,,42.4,8.3,NaN,,NaN,NaN,NaN,NaN,NaN,100,50,NaN,0.7884,0.0,NaN,1,1,NaN,NaN,NaN,NaN,NaN,true,,,,,,,,,true,NaN,,,NaN,NaN,NaN,NaN,,NaN,,,NaN,true,,,NaN,NaN,,NaN,NaN,NaN,NaN,NaN,156,544960,,,,,,,,,,,,,
b8oqgvx1ijeyn6y1cn6929ix4,Kolding,2827844635,239,15,1,28,18,C. Jørgensen,9fvf8z6p8ok0n5vu999ysfywa,1,88.3,68.5,2025-07-19T12:27:13.013,2025-07-22T12:29:47,1.0,"{""id"": 5800168147, ""qualifierId"": 147, ""value"": ""55.2""}",bs7i18mhro0d46fg5m0727rpw,Kolding vs AaB,1_Division,2025-07-19,DNK,NaN,,NaN,NaN,,NaN,true,,NaN,NaN,true,Center,true,NaN,NaN,true,NaN,NaN,,NaN,NaN,NaN,,NaN,,52.0,30.4,NaN,,98.8,55.2,NaN,true,NaN,NaN,NaN,289,0.10407289862632751,0.30346888303756714,NaN,1,2,NaN,NaN,NaN,NaN,NaN,NaN,,,,,,,,,NaN,NaN,,,NaN,NaN,true,NaN,,NaN,,,NaN,NaN,,,NaN,NaN,,NaN,NaN,NaN,NaN,NaN,NaN,NaN,,,,,,,,,,,,,
36g6ifzjliec1jqnbtf7yesme,AaB,2827850619,429,15,1,44,29,O. Ross,5lz41celw55rz3zh8pohclw5w,1,74.4,45.2,2025-07-19T12:43:23.803,2025-07-19T12:44:35,NaN,"{""id"": 5800201511, ""qualifierId"": 458}",bs7i18mhro0d46fg5m0727rpw,Kolding vs AaB,1_Division,2025-07-19,DNK,NaN,,NaN,true,,true,NaN,,NaN,NaN,NaN,Center,NaN,NaN,NaN,NaN,NaN,true,,true,NaN,NaN,,NaN,,47.7,19,NaN,,84.9,46.2,NaN,NaN,NaN,98.1,46.6,362,0.11316283792257309,0.0,NaN,1,3,NaN,NaN,NaN,NaN,NaN,true,,,,,,,,,NaN,true,,,NaN,NaN,NaN,NaN,,NaN,,,NaN,NaN,,,NaN,NaN,,NaN,NaN,NaN,NaN,NaN,NaN,NaN,,,,,,,,,,,,,
36g6ifzjliec1jqnbtf7yesme,AaB,2827850641,430,15,1,44,32,M. Jørgensen,1arzd8hqj73byhduozscqz5uy,1,79.3,48.9,2025-07-19T12:43:26.603,2025-07-19T12:44:41,NaN,"{""id"": 5800201805, ""qualifierId"": 102, ""value"": ""52.4""}",bs7i18mhro0d46fg5m0727rpw,Kolding vs AaB,1_Division,2025-07-19,DNK,NaN,,NaN,true,,true,NaN,,true,NaN,NaN,Center,NaN,NaN,true,NaN,NaN,NaN,,true,NaN,NaN,,NaN,,52.4,19,NaN,,81.4,49.3,NaN,NaN,NaN,98.4,49.8,363,0.018787600100040436,0.0,NaN,3,3,NaN,NaN,NaN,NaN,NaN,true,,,,,,,,,NaN,NaN,,,NaN,NaN,NaN,NaN,,NaN,,,NaN,NaN,,,NaN,NaN,,NaN,NaN,NaN,NaN,NaN,NaN,NaN,,,,,,,,,,,,,
36g6ifzjliec1jqnbtf7yesme,AaB,2827850923,433,15,1,45,19,K. John,5vrsflxiv2dgfa8199a2qxsve,1,95.8,41.1,2025-07-19T12:44:13.593,2025-07-22T13:29:24,1.0,"{""id"": 5800203793, ""qualifierId"": 233, ""value"": ""365""}",bs7i18mhro0d46fg5m0727rpw,Kolding vs AaB,1_Division,2025-07-19,DNK,NaN,,NaN,NaN,,true,NaN,,NaN,true,true,Center,NaN,NaN,NaN,NaN,true,NaN,,NaN,NaN,NaN,,NaN,,49.1,12.7,NaN,,97.8,44.0,NaN,true,NaN,NaN,NaN,365,0.16173389554023743,0.28162282705307007,NaN,2,2,NaN,NaN,NaN,NaN,NaN,NaN,,,,,,,,,NaN,NaN,,,NaN,NaN,NaN,NaN,,NaN,,,NaN,true,,,NaN,NaN,,true,NaN,NaN,NaN,NaN,NaN,NaN,,,,,,,,,,,,,
b8oqgvx1ijeyn6y1cn6929ix4,Kolding,2827862797,451,16,2,54,16,S. Yatéké,9ircna8pbskreztmy1wiqwx9m,1,74.4,25.6,2025-07-19T13:12:20.876,2025-07-22T14:29:09,1.0,"{""id"": 5804219711, ""qualifierId"": 328}",bs7i18mhro0d46fg5m0727rpw,Kolding vs AaB,1_Division,2025-07-19,DNK,NaN,,NaN,true,,true,true,,NaN,NaN,true,Center,NaN,NaN,NaN,NaN,NaN,NaN,,NaN,NaN,NaN,,NaN,,49.8,21.5,NaN,,NaN,NaN,NaN,NaN,true,98.2,48.9,NaN,0.024657417088747025,0.01235867477953434,NaN,1,1,true,NaN,2025-07-19 14:12:18.981,54:14.463,NaN,NaN,,,,,,,,,NaN,NaN,,,NaN,NaN,NaN,NaN,,true,,,NaN,NaN,,,1.1,54.0,,NaN,NaN,NaN,true,NaN,NaN,NaN,,,,,,,,,,,,,
b8oqgvx1ijeyn6y1cn6929ix4,Kolding,2827867585,501,13,2,62,48,S. Yatéké,9ircna8pbskreztmy1wiqwx9m,1,83.1,49.5,2025-07-19T13:20:52.995,2025-07-19T13:21:59,1.0,"{""id"": 5800295807, ""qualifierId"": 327, ""value"": ""2""}",bs7i18mhro0d46fg5m0727rpw,Kolding vs AaB,1_Division,2025-07-19,DNK,NaN,,true,NaN,,true,true,,NaN,NaN,true,Center,NaN,NaN,NaN,NaN,NaN,NaN,,NaN,true,NaN,,NaN,,57.6,1.4,NaN,,NaN,NaN,NaN,true,true,93.2,48.9,NaN,0.2833833694458008,0.0,NaN,1,2,NaN,NaN,NaN,NaN,NaN,NaN,,,,,,,,,NaN,NaN,,,NaN,NaN,NaN,NaN,,NaN,,,NaN,NaN,,,NaN,NaN,,NaN,NaN,NaN,NaN,NaN,NaN,NaN,,,,,,,,,,,,,
b8oqgvx1ijeyn6y1cn6929ix4,Kolding,2827870635,547,15,2,69,4,S. Yatéké,9ircna8pbskreztmy1wiqwx9m,1,93.1,52.3,2025-07-19T13:27:08.824,2025-07-19T13:28:45,NaN,"{""id"": 5805016071, ""qualifierId"": 100}",bs7i18mhro0d46fg5m0727rpw,Kolding vs AaB,1_Division,2025-07-19,DNK,NaN,,true,NaN,,NaN,true,,NaN,NaN,NaN,Center,true,NaN,NaN,NaN,true,NaN,,true,NaN,NaN,,true,,49.7,19,NaN,,94.9,51.6,NaN,NaN,NaN,99.4,50,714,0.19441892206668854,0.0,NaN,3,2,NaN,NaN,NaN,NaN,NaN,true,,,,,,,,,NaN,NaN,,,NaN,NaN,NaN,NaN,,NaN,,,NaN,true,,,NaN,NaN,,NaN,NaN,NaN,NaN,NaN,NaN,NaN,,,,,,,,,,,,,
36g6ifzjliec1jqnbtf7yesme,AaB,2827860757,549,15,2,50,47,M. Jørgensen,1arzd8hqj73byhduozscqz5uy,1,81.5,49.7,2025-07-19T13:08:51.826,2025-07-22T14:29:09,1.0,"{""id"": 5800257871, ""qualifierId"": 18}",bs7i18mhro0d46fg5m0727rpw,Kolding vs AaB,1_Division,2025-07-19,DNK,NaN,,NaN,true,,true,true,,NaN,NaN,true,Center,NaN,NaN,NaN,NaN,true,NaN,,NaN,NaN,NaN,,NaN,,50.1,0.6,NaN,,98.5,50.5,NaN,true,NaN,NaN,NaN,426,0.09213798493146896,0.10642647743225098,NaN,1,3,true,NaN,NaN,NaN,NaN,NaN,,,,,,,,,NaN,NaN,,,NaN,NaN,NaN,NaN,,NaN,,,true,NaN,,,NaN,NaN,,NaN,NaN,NaN,NaN,NaN,NaN,NaN,,,,,,,,,,,,,
b8oqgvx1ijeyn6y1cn6929ix4,Kolding,2827870709,549,13,2,69,8,N. Morberg,5u9zrgsm6wycfcbk04m64wd1w,1,79.7,50.5,2025-07-19T13:27:13.058,2025-07-19T13:28:35,1.0,"{""id"": 5800314695, ""qualifierId"": 230, ""value"": ""97.7""}",bs7i18mhro0d46fg5m0727rpw,Kolding vs AaB,1_Division,2025-07-19,DNK,NaN,,NaN,true,,true,true,,NaN,NaN,true,Center,NaN,NaN,NaN,NaN,NaN,NaN,,NaN,NaN,NaN,,NaN,,52.8,91.7,NaN,,NaN,NaN,NaN,true,NaN,97.7,50.4,NaN,0.030866572633385658,0.0,NaN,3,3,true,NaN,NaN,NaN,NaN,NaN,,,,,,,,,NaN,NaN,,,NaN,NaN,NaN,true,,NaN,,,NaN,NaN,,,NaN,NaN,,NaN,NaN,NaN,NaN,NaN,NaN,NaN,,,,,,,,,,,,,
36g6ifzjliec1jqnbtf7yesme,AaB,2827865957,634,13,2,59,51,M. Bomholt,ejixz16616b7krftxyzv9yiac,1,77.8,49.9,2025-07-19T13:17:55.832,2025-07-19T13:19:04,NaN,"{""id"": 5800287033, ""qualifierId"": 72}",bs7i18mhro0d46fg5m0727rpw,Kolding vs AaB,1_Division,2025-07-19,DNK,NaN,,NaN,true,,NaN,NaN,,NaN,true,NaN,Center,true,NaN,NaN,NaN,NaN,NaN,,NaN,NaN,NaN,,NaN,,49.1,84.7,true,,NaN,NaN,NaN,NaN,true,97.7,48.9,NaN,0.032122839242219925,0.0,NaN,2,3,NaN,NaN,NaN,NaN,NaN,true,,,,,,,,,NaN,NaN,,,NaN,NaN,NaN,true,,NaN,,,NaN,NaN,,,NaN,NaN,,NaN,NaN,NaN,NaN,NaN,NaN,NaN,,,,,,,,,,,,,
b8oqgvx1ijeyn6y1cn6929ix4,Kolding,2827879301,650,15,2,90,16,M. Olsen,4zpmxlmdfa5wx79cr0q14pfx1,1,85.3,68.7,2025-07-19T13:48:20.718,2025-07-19T13:49:30,1.0,"{""id"": 5800362913, ""qualifierId"": 103, ""value"": ""9.7""}",bs7i18mhro0d46fg5m0727rpw,Kolding vs AaB,1_Division,2025-07-19,DNK,NaN,,NaN,NaN,,true,true,,NaN,NaN,true,Center,NaN,NaN,NaN,NaN,NaN,true,,true,NaN,NaN,,true,,46.6,9.7,NaN,,94.6,55.2,NaN,true,NaN,99.0,51.4,915,0.03469568490982056,0.0,NaN,2,3,NaN,NaN,NaN,NaN,NaN,NaN,,,,,,,,,NaN,NaN,,,NaN,NaN,true,NaN,,NaN,,,NaN,NaN,,,NaN,NaN,,NaN,NaN,true,NaN,NaN,NaN,NaN,,,,,,,,,,,,,
b8oqgvx1ijeyn6y1cn6929ix4,Kolding,2827880237,672,15,2,93,36,M. Pedersen,44gqeji9twbkdtrcr2ias4efo,1,88.1,26.6,2025-07-19T13:51:41.437,2025-07-19T13:52:54,1.0,"{""id"": 5800367601, ""qualifierId"": 63}",bs7i18mhro0d46fg5m0727rpw,Kolding vs AaB,1_Division,2025-07-19,DNK,NaN,,NaN,NaN,,true,true,,NaN,NaN,true,Center,NaN,NaN,NaN,NaN,true,NaN,,true,NaN,NaN,,NaN,,48.9,19,NaN,,92.4,34.7,NaN,true,true,98.6,47.5,945,0.04120780900120735,0.0,NaN,1,2,NaN,NaN,NaN,NaN,NaN,NaN,,,,,,,,,NaN,NaN,,,NaN,NaN,NaN,NaN,,NaN,,,NaN,NaN,,,NaN,NaN,,NaN,true,NaN,NaN,NaN,NaN,NaN,,,,,,,,,,,,,
b8oqgvx1ijeyn6y1cn6929ix4,Kolding,2827881095,694,13,2,96,41,M. Døj,ditbnaezwo4x10717bf53uwb8,1,75.7,49.3,2025-07-19T13:54:46.333,2025-07-19T13:56:16,NaN,"{""id"": 5800373017, ""qualifierId"": 103, ""value"": ""19.4""}",bs7i18mhro0d46fg5m0727rpw,Kolding vs AaB,1_Division,2025-07-19,DNK,NaN,,NaN,true,,true,true,,NaN,NaN,NaN,Center,NaN,true,NaN,NaN,NaN,NaN,,NaN,NaN,NaN,,NaN,,66.2,19.4,NaN,,83.3,55.4,true,NaN,NaN,97.6,50.2,NaN,0.03426347300410271,0.0,NaN,1,3,true,NaN,NaN,NaN,true,true,,,,,,,,,NaN,NaN,,,NaN,NaN,NaN,NaN,,NaN,,,NaN,NaN,,,NaN,NaN,,NaN,NaN,NaN,NaN,NaN,NaN,NaN,,,,,,,,,,,,,
36g6ifzjliec1jqnbtf7yesme,AaB,2827870177,709,13,2,68,5,V. Møller,5521epytthhw9afm2r3jn3384,1,83.7,30.5,2025-07-19T13:26:09.998,2025-07-19T13:27:18,1.0,"{""id"": 5800310449, ""qualifierId"": 326, ""value"": ""2""}",bs7i18mhro0d46fg5m0727rpw,Kolding vs AaB,1_Division,2025-07-19,DNK,NaN,,NaN,NaN,,NaN,true,,NaN,NaN,true,Center,true,true,NaN,NaN,NaN,NaN,,NaN,NaN,NaN,,NaN,,61.2,1.4,NaN,,NaN,NaN,NaN,NaN,NaN,98.5,47.7,NaN,0.031711459159851074,0.0,NaN,2,2,NaN,NaN,NaN,NaN,NaN,NaN,,,,,,,,,NaN,NaN,,,NaN,NaN,NaN,NaN,,NaN,,,NaN,NaN,,,NaN,NaN,,NaN,true,NaN,NaN,NaN,NaN,NaN,,,,,,,,,,,,,
36g6ifzjliec1jqnbtf7yesme,AaB,2827872953,757,15,2,73,58,V. Møller,5521epytthhw9afm2r3jn3384,1,92.9,34.0,2025-07-19T13:32:03.301,2025-07-19T13:33:12,1.0,"{""id"": 5800326825, ""qualifierId"": 82}",bs7i18mhro0d46fg5m0727rpw,Kolding vs AaB,1_Division,2025-07-19,DNK,NaN,,NaN,NaN,,true,true,,NaN,NaN,true,Center,NaN,NaN,NaN,NaN,true,NaN,,true,NaN,NaN,,true,,48.9,19,NaN,,94.7,37.8,NaN,true,NaN,99.0,46.6,571,0.08310014009475708,0.0,NaN,2,2,NaN,NaN,NaN,NaN,NaN,NaN,,,,,,,,,NaN,NaN,,,NaN,NaN,NaN,NaN,,NaN,,,NaN,NaN,,,NaN,NaN,,NaN,true,NaN,NaN,NaN,NaN,NaN,,,,,,,,,,,,,
36g6ifzjliec1jqnbtf7yesme,AaB,2827873615,774,13,2,75,37,B. Skovgaard,cimgdip8em45rbnjq5fwlrx90,1,93.4,51.3,2025-07-19T13:33:42.355,2025-07-19T13:34:49,NaN,"{""id"": 5800330411, ""qualifierId"": 215}",bs7i18mhro0d46fg5m0727rpw,Kolding vs AaB,1_Division,2025-07-19,DNK,NaN,,true,NaN,,true,true,,NaN,NaN,NaN,Center,NaN,true,NaN,NaN,NaN,NaN,,NaN,NaN,NaN,,NaN,,60.2,8.3,true,,NaN,NaN,NaN,NaN,true,99.1,51.1,NaN,0.20342595875263214,0.0,NaN,3,2,true,NaN,NaN,NaN,NaN,true,,,,,,,,,NaN,NaN,,,NaN,NaN,NaN,NaN,,NaN,,,NaN,NaN,,,NaN,NaN,,NaN,NaN,NaN,NaN,NaN,NaN,NaN,,,,,,,,,,,,,
36g6ifzjliec1jqnbtf7yesme,AaB,2827874553,792,13,2,77,52,M. Jørgensen,1arzd8hqj73byhduozscqz5uy,1,96.2,38.5,2025-07-19T13:35:57.341,2025-07-19T13:37:05,1.0,"{""id"": 5800335679, ""qualifierId"": 328}",bs7i18mhro0d46fg5m0727rpw,Kolding vs AaB,1_Division,2025-07-19,DNK,NaN,,NaN,NaN,,true,true,,NaN,NaN,true,Center,NaN,NaN,NaN,NaN,NaN,NaN,,NaN,NaN,true,,NaN,,43.2,2.8,true,,NaN,NaN,NaN,true,NaN,98.5,42.8,NaN,0.1322689801454544,0.0,NaN,3,1,true,NaN,NaN,NaN,NaN,NaN,,,,,,,,,NaN,NaN,,,NaN,NaN,NaN,NaN,,NaN,,,NaN,true,,,NaN,NaN,,true,NaN,NaN,NaN,NaN,NaN,NaN,,,,,,,,,,,,,
36g6ifzjliec1jqnbtf7yesme,AaB,2827875193,806,15,2,79,42,A. Maarup,cf6zq49y8v1ekw07e7yi3uac,1,90.8,53.6,2025-07-19T13:37:47.331,2025-07-19T13:46:28,1.0,"{""id"": 5800360197, ""qualifierId"": 102, ""value"": ""50.7""}",bs7i18mhro0d46fg5m0727rpw,Kolding vs AaB,1_Division,2025-07-19,DNK,true,,true,NaN,,NaN,NaN,,NaN,true,true,Center,NaN,NaN,NaN,NaN,true,NaN,,true,NaN,NaN,,NaN,,50.7,19,NaN,,92.2,53.2,NaN,true,NaN,99.9,49.6,598,0.037801969796419144,0.0,NaN,3,3,true,NaN,NaN,NaN,NaN,NaN,,,,,,,,,NaN,NaN,,,NaN,NaN,NaN,NaN,,NaN,,,NaN,NaN,,,NaN,NaN,,NaN,NaN,NaN,NaN,NaN,NaN,NaN,,,,,,,,,,,,,
36g6ifzjliec1jqnbtf7yesme,AaB,2827879745,930,13,2,91,40,B. Skovgaard,cimgdip8em45rbnjq5fwlrx90,1,88.7,53.4,2025-07-19T13:49:45.368,2025-07-19T13:50:54,1.0,"{""id"": 5800365177, ""qualifierId"": 103, ""value"": ""12.5""}",bs7i18mhro0d46fg5m0727rpw,Kolding vs AaB,1_Division,2025-07-19,DNK,true,,true,NaN,,NaN,true,,NaN,NaN,true,Center,NaN,NaN,NaN,NaN,NaN,NaN,,NaN,NaN,true,,NaN,,41.7,12.5,NaN,,NaN,NaN,NaN,true,NaN,97.3,52.2,NaN,0.10310474038124084,0.0,NaN,1,2,true,NaN,NaN,NaN,NaN,NaN,,,,,,,,,NaN,NaN,,,NaN,NaN,NaN,NaN,,NaN,,,NaN,NaN,,,NaN,NaN,,NaN,NaN,NaN,NaN,NaN,NaN,NaN,,,,,,,,,,,,,
36g6ifzjliec1jqnbtf7yesme,AaB,2827881001,973,15,2,96,18,M. Jørgensen,1arzd8hqj73byhduozscqz5uy,1,95.2,60.7,2025-07-19T13:54:22.897,2025-07-21T11:29:23,1.0,"{""id"": 5800371883, ""qualifierId"": 326, ""value"": ""2""}",bs7i18mhro0d46fg5m0727rpw,Kolding vs AaB,1_Division,2025-07-19,DNK,true,,NaN,NaN,,NaN,NaN,,NaN,true,true,Center,NaN,NaN,NaN,NaN,true,NaN,,NaN,NaN,NaN,,NaN,,51.4,11.4,NaN,,99.4,52.7,NaN,true,NaN,NaN,NaN,691,0.04935728758573532,0.04001786559820175,NaN,2,3,true,NaN,NaN,NaN,NaN,NaN,,,,,,,,,NaN,NaN,,,true,NaN,NaN,NaN,,NaN,,,NaN,NaN,,,NaN,NaN,,NaN,NaN,NaN,NaN,NaN,NaN,NaN,,,,,,,,,,,,,
36g6ifzjliec1jqnbtf7yesme,AaB,2827881307,994,15,2,97,40,N. Arnórsson,brinkgys7026490q3ixx6h9uc,1,90.6,38.0,2025-07-19T13:55:45.055,2025-07-21T11:29:16,NaN,"{""id"": 5800377095, ""qualifierId"": 321, ""value"": ""0.10176703333854675""}",bs7i18mhro0d46fg5m0727rpw,Kolding vs AaB,1_Division,2025-07-19,DNK,NaN,,true,NaN,,NaN,true,,NaN,NaN,NaN,Center,true,NaN,NaN,NaN,true,NaN,,NaN,NaN,NaN,,NaN,,49.0,19.6,NaN,,99.0,46.8,NaN,NaN,NaN,NaN,NaN,703,0.10176703333854675,0.11333655565977097,NaN,2,3,true,NaN,NaN,NaN,NaN,true,,,,,,,,,NaN,NaN,,,NaN,NaN,NaN,NaN,,NaN,,,NaN,NaN,,,NaN,NaN,,NaN,NaN,NaN,NaN,NaN,NaN,NaN,,,,,,,,,,,,,
36g6ifzjliec1jqnbtf7yesme,AaB,2827881323,995,15,2,97,41,B. Skovgaard,cimgdip8em45rbnjq5fwlrx90,1,95.5,35.4,2025-07-19T13:55:46.418,2025-07-19T14:00:38,NaN,"{""id"": 5800373791, ""qualifierId"": 56, ""value"": ""Center""}",bs7i18mhro0d46fg5m0727rpw,Kolding vs AaB,1_Division,2025-07-19,DNK,NaN,,NaN,NaN,,true,true,,NaN,NaN,NaN,Center,NaN,NaN,NaN,NaN,NaN,true,,true,NaN,NaN,,true,,47.6,19,NaN,,96.3,37.5,NaN,NaN,NaN,99.1,47.3,712,0.05263931676745415,0.0,true,3,2,NaN,994,NaN,NaN,NaN,true,,,,,,,,,NaN,NaN,,,NaN,true,NaN,NaN,,NaN,,,NaN,NaN,,,NaN,NaN,,NaN,NaN,NaN,NaN,NaN,NaN,NaN,,,,,,,,,,,,,
36g6ifzjliec1jqnbtf7yesme,AaB,2827881339,996,15,2,97,47,A. Jasson,8bi1tlz62rjwyak4pnnzgp562,1,96.3,32.5,2025-07-19T13:55:52.345,2025-07-21T11:29:16,NaN,"{""id"": 5800377963, ""qualifierId"": 458}",bs7i18mhro0d46fg5m0727rpw,Kolding vs AaB,1_Division,2025-07-19,DNK,NaN,,NaN,NaN,,NaN,true,,NaN,NaN,NaN,Center,true,NaN,NaN,NaN,NaN,true,,NaN,NaN,NaN,,NaN,,46.1,6.3,NaN,,98.6,44.2,NaN,NaN,NaN,NaN,NaN,705,0.04141926392912865,0.26674309372901917,NaN,2,2,true,NaN,NaN,NaN,NaN,true,,,,,,,,,NaN,NaN,,,NaN,true,NaN,NaN,,NaN,,,NaN,NaN,,,NaN,NaN,,NaN,NaN,NaN,NaN,NaN,NaN,NaN,,,,,,,,,,,,,
36g6ifzjliec1jqnbtf7yesme,AaB,2827881353,997,13,2,97,50,E. Makolli,697f50qoetodmfe8ybcuey2ac,1,85.9,58.1,2025-07-19T13:55:55.392,2025-07-19T14:01:12,NaN,"{""id"": 5800378351, ""qualifierId"": 231, ""value"": ""49.5""}",bs7i18mhro0d46fg5m0727rpw,Kolding vs AaB,1_Division,2025-07-19,DNK,NaN,,true,NaN,,true,true,,NaN,NaN,NaN,Center,NaN,NaN,NaN,NaN,NaN,NaN,,NaN,NaN,NaN,,NaN,,50.4,70.8,NaN,,NaN,NaN,NaN,NaN,NaN,98.9,49.5,NaN,0.0883091539144516,0.0,true,2,3,true,996,NaN,NaN,NaN,true,,,,,,,,,NaN,NaN,,,NaN,NaN,NaN,true,,NaN,,,NaN,NaN,,,NaN,NaN,,NaN,NaN,NaN,NaN,NaN,NaN,NaN,,,,,,,,,,,,,
36g6ifzjliec1jqnbtf7yesme,AaB,2827882417,1004,15,2,95,55,E. Makolli,697f50qoetodmfe8ybcuey2ac,1,87.2,55.2,2025-07-19T13:53:59.518,2025-07-19T14:02:11,NaN,"{""id"": 5800436179, ""qualifierId"": 25}",bs7i18mhro0d46fg5m0727rpw,Kolding vs AaB,1_Division,2025-07-19,DNK,NaN,,true,NaN,,true,NaN,,NaN,true,NaN,Center,NaN,NaN,NaN,NaN,true,NaN,,true,NaN,NaN,,true,,48.6,19,NaN,,98.8,49.3,NaN,NaN,NaN,98.8,50.4,688,0.09116309881210327,0.0,NaN,2,3,NaN,NaN,NaN,NaN,NaN,true,,,,,,,,,NaN,NaN,,,NaN,NaN,NaN,NaN,,NaN,,,NaN,NaN,,,NaN,NaN,,NaN,NaN,NaN,NaN,NaN,NaN,NaN,,,,,,,,,,,,,
36g6ifzjliec1jqnbtf7yesme,AaB,2829363939,52,15,1,4,4,K. John,5vrsflxiv2dgfa8199a2qxsve,1,62.5,53.6,2025-07-26T12:02:58.183,2025-07-29T11:29:32,1.0,"{""id"": 5814133493, ""qualifierId"": 22}",bvihobignz9mmm7itlzr049p0,Hillerød vs AaB,1_Division,2025-07-26,DNK,NaN,NaN,NaN,NaN,true,true,true,NaN,NaN,NaN,true,Center,NaN,NaN,true,NaN,NaN,NaN,NaN,NaN,,NaN,,,,52.8,19.6,true,,89.4,50.2,NaN,NaN,true,NaN,NaN,43,0.012512663379311562,0.04748110473155975,,1,2,NaN,,NaN,NaN,NaN,NaN,,,,,,,,,,NaN,,,,,NaN,NaN,NaN,NaN,NaN,,NaN,NaN,,,NaN,NaN,NaN,,NaN,,,,,,NaN,NaN,NaN,NaN,NaN,NaN,NaN,NaN,NaN,NaN,NaN,,
aqtkb4mgrz8c6iqfufj6qjbv9,Hillerød,2829367657,138,15,1,16,20,V. Dedes,a5ixxqmfo537cvlb0a9x5n2ms,1,88.1,70.5,2025-07-26T12:15:13.772,2025-07-29T12:29:36,1.0,"{""id"": 5808693481, ""qualifierId"": 64}",bvihobignz9mmm7itlzr049p0,Hillerød vs AaB,1_Division,2025-07-26,DNK,NaN,NaN,NaN,NaN,NaN,NaN,NaN,true,NaN,NaN,true,Center,true,NaN,true,NaN,NaN,NaN,NaN,NaN,,NaN,,,,52.3,13.3,true,,98.9,53.3,NaN,true,NaN,NaN,NaN,156,0.04489525407552719,0.05362365394830704,,1,2,true,,NaN,NaN,NaN,NaN,,,,,,,,,,NaN,,,,,true,NaN,NaN,NaN,NaN,,NaN,NaN,,,NaN,NaN,NaN,,NaN,,,,,,NaN,NaN,NaN,NaN,NaN,NaN,NaN,NaN,NaN,NaN,NaN,,
36g6ifzjliec1jqnbtf7yesme,AaB,2829366979,145,16,1,13,25,K. John,5vrsflxiv2dgfa8199a2qxsve,1,86.7,56.8,2025-07-26T12:12:18.918,2025-07-29T11:29:31,1.0,"{""id"": 5813332305, ""qualifierId"": 395, ""value"": ""10.6""}",bvihobignz9mmm7itlzr049p0,Hillerød vs AaB,1_Division,2025-07-26,DNK,NaN,NaN,true,NaN,NaN,NaN,true,NaN,NaN,NaN,true,Center,true,NaN,NaN,NaN,true,NaN,NaN,NaN,,NaN,,,,49.0,3.2,NaN,,NaN,NaN,NaN,true,NaN,90.8,54.7,NaN,0.5501525402069092,0.36849743127822876,,1,1,NaN,,2025-07-26 13:12:18.035,13:24.503,NaN,NaN,,,,,,,,,,NaN,,,,,NaN,NaN,NaN,NaN,NaN,,NaN,true,,,10.6,44.4,NaN,,NaN,,,,,,NaN,true,NaN,NaN,NaN,NaN,NaN,NaN,NaN,NaN,NaN,,
aqtkb4mgrz8c6iqfufj6qjbv9,Hillerød,2829369175,201,15,1,20,38,M. Mouritz,ezbixgm2km8iapnsl57bn4wkp,1,75.6,55.0,2025-07-26T12:19:32.464,2025-07-29T12:29:37,1.0,"{""id"": 5814163735, ""qualifierId"": 120}",bvihobignz9mmm7itlzr049p0,Hillerød vs AaB,1_Division,2025-07-26,DNK,NaN,NaN,NaN,true,NaN,true,true,NaN,NaN,NaN,true,Center,NaN,NaN,NaN,NaN,NaN,NaN,true,NaN,,NaN,,,,47.0,20.9,NaN,,97.7,50.7,NaN,NaN,true,NaN,NaN,201,0.02740922011435032,0.13300301134586334,,2,3,NaN,,NaN,NaN,NaN,NaN,,,,,,,,,,NaN,,,,,NaN,NaN,NaN,NaN,NaN,,NaN,NaN,,,NaN,NaN,NaN,,NaN,,,,,,NaN,NaN,true,NaN,NaN,NaN,NaN,NaN,NaN,NaN,NaN,,
aqtkb4mgrz8c6iqfufj6qjbv9,Hillerød,2829372539,344,16,1,34,17,V. Dedes,a5ixxqmfo537cvlb0a9x5n2ms,1,93.1,49.9,2025-07-26T12:33:10.996,2025-07-29T13:04:08,NaN,"{""id"": 5808722227, ""qualifierId"": 20}",bvihobignz9mmm7itlzr049p0,Hillerød vs AaB,1_Division,2025-07-26,DNK,NaN,NaN,true,NaN,NaN,true,true,NaN,NaN,NaN,NaN,Center,NaN,NaN,NaN,NaN,NaN,NaN,NaN,NaN,,NaN,,,,49.0,29.7,NaN,,NaN,NaN,NaN,NaN,NaN,98.5,48.7,NaN,0.2185702621936798,0.5588328242301941,,3,2,true,,2025-07-26 13:33:10.561,34:17.029,NaN,true,,,,,,,,,,NaN,,,,,NaN,NaN,NaN,true,NaN,,NaN,true,,,98.6,49.5,789,,NaN,,,,,,NaN,NaN,NaN,NaN,NaN,NaN,NaN,NaN,NaN,NaN,NaN,,
36g6ifzjliec1jqnbtf7yesme,AaB,2829374253,378,15,1,40,16,V. Møller,5521epytthhw9afm2r3jn3384,1,89.0,55.8,2025-07-26T12:39:09.948,2025-07-26T12:40:25,1.0,"{""id"": 5808731091, ""qualifierId"": 230, ""value"": ""98.5""}",bvihobignz9mmm7itlzr049p0,Hillerød vs AaB,1_Division,2025-07-26,DNK,NaN,NaN,true,NaN,NaN,NaN,true,NaN,NaN,NaN,true,Center,true,NaN,NaN,NaN,NaN,true,NaN,true,,NaN,,,,46.4,6.9,NaN,,90.2,55.1,NaN,true,NaN,98.5,50.9,404,0.19756384193897247,0.0,,2,3,NaN,,NaN,NaN,NaN,NaN,,,,,,,,,,NaN,,,,,NaN,NaN,NaN,NaN,NaN,,NaN,NaN,,,NaN,NaN,NaN,,NaN,,,,,,NaN,NaN,NaN,NaN,NaN,NaN,NaN,NaN,NaN,NaN,NaN,,
36g6ifzjliec1jqnbtf7yesme,AaB,2829374665,384,15,1,41,40,O. Ross,5lz41celw55rz3zh8pohclw5w,1,74.1,60.3,2025-07-26T12:40:33.782,2025-07-28T11:29:15,NaN,"{""id"": 5808733767, ""qualifierId"": 458}",bvihobignz9mmm7itlzr049p0,Hillerød vs AaB,1_Division,2025-07-26,DNK,NaN,NaN,NaN,true,NaN,true,true,NaN,NaN,NaN,NaN,Center,NaN,NaN,NaN,NaN,NaN,true,NaN,NaN,,NaN,,,,46.8,1.9,true,,93.3,52.3,NaN,NaN,true,NaN,NaN,423,0.015291598625481129,0.11012673377990723,,1,2,true,,NaN,NaN,NaN,true,,,,,,,,,,NaN,,,,,NaN,NaN,NaN,NaN,NaN,,true,NaN,,,NaN,NaN,438,,NaN,,,,,,NaN,NaN,NaN,NaN,NaN,NaN,NaN,NaN,NaN,NaN,NaN,,
36g6ifzjliec1jqnbtf7yesme,AaB,2829375359,398,16,1,43,28,M. Nielsen,bcdp9e3dezuaybm8ndrsanbx0,1,76.9,38.5,2025-07-26T12:42:22.310,2025-07-29T13:04:08,NaN,"{""id"": 5808737891, ""qualifierId"": 138}",bvihobignz9mmm7itlzr049p0,Hillerød vs AaB,1_Division,2025-07-26,DNK,NaN,NaN,NaN,true,NaN,NaN,NaN,NaN,NaN,NaN,NaN,Center,true,NaN,NaN,true,NaN,NaN,NaN,NaN,,NaN,,,,53.5,31.6,NaN,,NaN,NaN,NaN,NaN,NaN,99.4,48.0,NaN,0.06988903135061264,0.6443693041801453,,1,3,NaN,,2025-07-26 13:42:20.781,43:27.249,NaN,true,,,,,,,,,,true,,,,,NaN,NaN,NaN,NaN,NaN,,true,NaN,,,1.8,50.9,NaN,,NaN,,,,,,NaN,NaN,NaN,NaN,true,true,NaN,FREE_KICK_WON,192161,401,397,,
aqtkb4mgrz8c6iqfufj6qjbv9,Hillerød,2829381195,494,15,2,46,55,N. Schmidt,5dlh0fa9yo6z283w9p58xmnoq,1,78.4,32.5,2025-07-26T13:03:13.557,2025-07-28T16:29:13,1.0,"{""id"": 5808901277, ""qualifierId"": 81}",bvihobignz9mmm7itlzr049p0,Hillerød vs AaB,1_Division,2025-07-26,DNK,NaN,NaN,NaN,true,NaN,true,true,NaN,NaN,NaN,true,Center,NaN,NaN,NaN,NaN,NaN,NaN,true,NaN,,NaN,,,,46.8,28.5,NaN,,99.1,48.4,NaN,true,NaN,NaN,NaN,435,0.024343930184841156,0.1570449322462082,,1,3,true,,NaN,NaN,NaN,NaN,,,,,,,,,,NaN,,,,,NaN,NaN,NaN,NaN,NaN,,NaN,NaN,,,NaN,NaN,NaN,,NaN,,,,,,NaN,NaN,NaN,NaN,NaN,NaN,NaN,NaN,NaN,NaN,NaN,,
aqtkb4mgrz8c6iqfufj6qjbv9,Hillerød,2829382013,518,13,2,48,47,W. Glindtvad,559w0q3q2smb3aeotyi724s9g,1,95.7,48.9,2025-07-26T13:05:06.335,2025-07-26T13:06:20,1.0,"{""id"": 5808775319, ""qualifierId"": 327, ""value"": ""1""}",bvihobignz9mmm7itlzr049p0,Hillerød vs AaB,1_Division,2025-07-26,DNK,true,true,NaN,NaN,NaN,NaN,NaN,NaN,NaN,true,true,Center,NaN,NaN,NaN,true,NaN,NaN,NaN,NaN,,NaN,,,,60.7,44.4,NaN,,NaN,NaN,NaN,true,NaN,99.5,51.1,NaN,0.41949906945228577,0.0,,3,1,true,,NaN,NaN,NaN,NaN,,,,,,,,,,NaN,,,,,NaN,NaN,NaN,NaN,NaN,,NaN,true,,,NaN,NaN,NaN,,NaN,,,,,,NaN,NaN,NaN,NaN,NaN,NaN,NaN,NaN,NaN,NaN,NaN,,
36g6ifzjliec1jqnbtf7yesme,AaB,2829387921,528,13,2,62,0,M. Bomholt,ejixz16616b7krftxyzv9yiac,1,79.3,37.2,2025-07-26T13:18:19.171,2025-07-26T13:19:25,1.0,"{""id"": 5808809137, ""qualifierId"": 102, ""value"": ""41.7""}",bvihobignz9mmm7itlzr049p0,Hillerød vs AaB,1_Division,2025-07-26,DNK,NaN,NaN,NaN,true,NaN,NaN,true,NaN,NaN,NaN,true,Center,true,NaN,NaN,NaN,NaN,NaN,NaN,NaN,,true,,,,41.7,5.6,NaN,,NaN,NaN,NaN,true,NaN,98.2,48.9,NaN,0.04664921388030052,0.0,,1,2,true,,NaN,NaN,NaN,NaN,,,,,,,,,,NaN,,,,,NaN,NaN,NaN,NaN,NaN,,NaN,NaN,,,NaN,NaN,NaN,,NaN,,,,,,NaN,NaN,NaN,NaN,NaN,NaN,NaN,NaN,NaN,NaN,NaN,,
36g6ifzjliec1jqnbtf7yesme,AaB,2829390397,564,13,2,67,57,A. Maarup,cf6zq49y8v1ekw07e7yi3uac,1,90.3,47.0,2025-07-26T13:24:16.348,2025-07-26T13:28:45,1.0,"{""id"": 5808831263, ""qualifierId"": 102, ""value"": ""65.5""}",bvihobignz9mmm7itlzr049p0,Hillerød vs AaB,1_Division,2025-07-26,DNK,true,NaN,true,NaN,NaN,NaN,NaN,NaN,NaN,true,true,Center,NaN,true,NaN,NaN,NaN,NaN,NaN,NaN,,NaN,,,,65.5,18.1,NaN,,94.9,55.2,true,true,NaN,99.5,48.0,NaN,0.03934222459793091,0.0,,3,3,true,,NaN,NaN,NaN,NaN,,,,,,,,,,NaN,,,,,NaN,NaN,NaN,NaN,NaN,,NaN,NaN,,,NaN,NaN,NaN,,NaN,,,,,,NaN,NaN,NaN,NaN,NaN,NaN,NaN,NaN,NaN,NaN,NaN,,
36g6ifzjliec1jqnbtf7yesme,AaB,2829390773,574,15,2,68,54,A. Maarup,cf6zq49y8v1ekw07e7yi3uac,1,81.2,36.3,2025-07-26T13:25:12.939,2025-07-30T14:29:22,1.0,"{""id"": 5808825457, ""qualifierId"": 103, ""value"": ""1.9""}",bvihobignz9mmm7itlzr049p0,Hillerød vs AaB,1_Division,2025-07-26,DNK,NaN,NaN,NaN,true,NaN,true,true,NaN,NaN,NaN,true,Center,NaN,NaN,true,NaN,NaN,NaN,NaN,NaN,,NaN,,,,54.5,1.9,NaN,,95.6,46.8,NaN,true,true,NaN,NaN,740,0.07823801785707474,0.4599079191684723,,1,2,NaN,,NaN,NaN,NaN,NaN,,,,,,,,,,NaN,,,,,NaN,NaN,NaN,NaN,NaN,,NaN,NaN,,,NaN,NaN,NaN,,NaN,,,,,,NaN,NaN,NaN,NaN,NaN,NaN,NaN,NaN,NaN,NaN,NaN,,
aqtkb4mgrz8c6iqfufj6qjbv9,Hillerød,2829384537,612,13,2,53,57,M. Mouritz,ezbixgm2km8iapnsl57bn4wkp,1,84.0,41.9,2025-07-26T13:10:16.139,2025-07-26T13:11:28,NaN,"{""id"": 5808789251, ""qualifierId"": 56, ""value"": ""Center""}",bvihobignz9mmm7itlzr049p0,Hillerød vs AaB,1_Division,2025-07-26,DNK,NaN,NaN,true,NaN,NaN,true,true,NaN,NaN,NaN,NaN,Center,NaN,true,NaN,NaN,NaN,NaN,NaN,NaN,,NaN,,,,99.3,5.6,true,,94.0,100.0,true,NaN,NaN,99.5,47.8,NaN,0.07348687946796417,0.0,,1,3,true,,NaN,NaN,NaN,true,,,,,,,,,,NaN,,,,,NaN,NaN,NaN,NaN,NaN,,NaN,NaN,,,NaN,NaN,NaN,,NaN,,,,,,NaN,NaN,NaN,NaN,NaN,NaN,true,NaN,NaN,NaN,NaN,,
36g6ifzjliec1jqnbtf7yesme,AaB,2829393133,628,15,2,74,35,A. Jasson,8bi1tlz62rjwyak4pnnzgp562,1,81.8,44.4,2025-07-26T13:30:53.630,2025-07-26T13:32:06,1.0,"{""id"": 5808837987, ""qualifierId"": 22}",bvihobignz9mmm7itlzr049p0,Hillerød vs AaB,1_Division,2025-07-26,DNK,NaN,NaN,NaN,true,NaN,NaN,true,NaN,NaN,NaN,true,Center,true,NaN,NaN,NaN,true,NaN,NaN,true,,NaN,,,,50.6,19,NaN,,89.8,47.1,NaN,NaN,true,98.4,51.3,795,0.050776369869709015,0.0,,3,2,NaN,,NaN,NaN,NaN,NaN,,,,,,,,,,NaN,,,,,NaN,NaN,NaN,NaN,NaN,,NaN,NaN,,,NaN,NaN,NaN,,NaN,,,,,,NaN,NaN,NaN,NaN,NaN,NaN,NaN,NaN,NaN,NaN,NaN,,
aqtkb4mgrz8c6iqfufj6qjbv9,Hillerød,2829385295,637,15,2,55,55,A. Justinussen,uiyol728wan4mxco2foplknp,1,76.9,66.7,2025-07-26T13:12:13.614,2025-07-28T16:29:09,1.0,"{""id"": 5808794185, ""qualifierId"": 103, ""value"": ""20.9""}",bvihobignz9mmm7itlzr049p0,Hillerød vs AaB,1_Division,2025-07-26,DNK,NaN,NaN,NaN,true,NaN,true,true,NaN,NaN,NaN,true,Center,NaN,NaN,NaN,NaN,NaN,NaN,NaN,NaN,,NaN,,,,48.6,20.9,NaN,,98.9,49.3,NaN,NaN,true,NaN,NaN,489,0.02243177592754364,0.026969579979777336,,2,3,NaN,,NaN,NaN,NaN,NaN,,,,,,,,,,NaN,,,,,NaN,NaN,NaN,true,NaN,,NaN,NaN,,,NaN,NaN,NaN,,NaN,,,,,,NaN,NaN,NaN,true,NaN,NaN,NaN,NaN,NaN,NaN,NaN,,
aqtkb4mgrz8c6iqfufj6qjbv9,Hillerød,2829386131,651,13,2,57,58,J. Witt,5z7y55t2o577r8ki3i5855as,1,84.9,56.8,2025-07-26T13:14:17.054,2025-07-26T13:15:24,NaN,"{""id"": 5808911027, ""qualifierId"": 85}",bvihobignz9mmm7itlzr049p0,Hillerød vs AaB,1_Division,2025-07-26,DNK,NaN,NaN,true,NaN,NaN,true,NaN,NaN,NaN,true,NaN,Center,NaN,NaN,NaN,NaN,NaN,NaN,NaN,NaN,,NaN,,,,53.8,52.8,true,,NaN,NaN,NaN,NaN,true,99.0,49.5,NaN,0.03782838210463524,0.0,,2,3,true,,NaN,NaN,NaN,true,,,,,,,,,,NaN,,,,,NaN,NaN,NaN,NaN,true,,NaN,NaN,,,NaN,NaN,NaN,,NaN,,,,,,NaN,NaN,NaN,NaN,NaN,NaN,NaN,NaN,NaN,NaN,NaN,,
aqtkb4mgrz8c6iqfufj6qjbv9,Hillerød,2829387403,683,13,2,60,44,A. Justinussen,uiyol728wan4mxco2foplknp,1,91.6,44.7,2025-07-26T13:17:02.833,2025-07-26T13:18:23,1.0,"{""id"": 5808805785, ""qualifierId"": 56, ""value"": ""Center""}",bvihobignz9mmm7itlzr049p0,Hillerød vs AaB,1_Division,2025-07-26,DNK,NaN,NaN,true,NaN,NaN,NaN,true,NaN,NaN,NaN,true,Center,true,NaN,NaN,NaN,NaN,NaN,NaN,NaN,,NaN,,,,38.5,11.1,true,,NaN,NaN,NaN,true,NaN,98.9,49.6,NaN,0.0940764844417572,0.0,,3,2,true,,NaN,NaN,true,NaN,,,,,,,,,,NaN,,,,,NaN,NaN,true,NaN,NaN,,NaN,NaN,,,NaN,NaN,NaN,,NaN,,,,,,NaN,NaN,NaN,NaN,NaN,NaN,NaN,NaN,NaN,NaN,NaN,,
36g6ifzjliec1jqnbtf7yesme,AaB,2829396885,695,13,2,86,9,F. Børsting,egwhlgopjtjkop7ozy7ltk1cl,1,85.0,34.6,2025-07-26T13:42:27.704,2025-07-26T13:44:20,NaN,"{""id"": 5808922565, ""qualifierId"": 391}",bvihobignz9mmm7itlzr049p0,Hillerød vs AaB,1_Division,2025-07-26,DNK,NaN,NaN,NaN,NaN,NaN,NaN,true,NaN,NaN,NaN,NaN,Center,true,true,NaN,NaN,NaN,NaN,NaN,NaN,,NaN,,,,69.6,16.7,true,,93.2,59.8,true,NaN,NaN,98.0,47.7,NaN,0.0303536057472229,0.0,,2,3,NaN,,NaN,NaN,true,true,,,,,,,,,,NaN,,,,,NaN,NaN,NaN,NaN,NaN,,NaN,NaN,,,NaN,NaN,NaN,,true,,,,,,NaN,NaN,NaN,NaN,NaN,NaN,NaN,NaN,NaN,NaN,NaN,,
36g6ifzjliec1jqnbtf7yesme,AaB,2829396911,696,13,2,86,12,M. Jiménez,8mkrj5bnkyhx8kutc4656cy96,1,92.0,55.0,2025-07-26T13:42:30.455,2025-07-26T13:43:40,1.0,"{""id"": 5815078405, ""qualifierId"": 214}",bvihobignz9mmm7itlzr049p0,Hillerød vs AaB,1_Division,2025-07-26,DNK,true,NaN,true,NaN,NaN,NaN,true,NaN,NaN,NaN,true,Center,NaN,NaN,NaN,NaN,NaN,NaN,NaN,NaN,,NaN,,,,55.5,68.1,NaN,,NaN,NaN,NaN,NaN,NaN,97.7,53.6,NaN,0.22564680874347687,0.0,,1,2,true,,NaN,NaN,NaN,NaN,,,,,,,,,,NaN,,,,,NaN,true,NaN,NaN,NaN,,NaN,true,,,NaN,NaN,NaN,,NaN,,,,,,NaN,NaN,NaN,NaN,NaN,NaN,NaN,NaN,NaN,NaN,NaN,,
aqtkb4mgrz8c6iqfufj6qjbv9,Hillerød,2829388535,705,13,2,63,21,H. Toftegaard,e2157naqwp1qdsgaxre307cb8,1,81.8,51.3,2025-07-26T13:19:40.004,2025-07-26T13:20:44,1.0,"{""id"": 5813417885, ""qualifierId"": 74}",bvihobignz9mmm7itlzr049p0,Hillerød vs AaB,1_Division,2025-07-26,DNK,NaN,NaN,NaN,true,NaN,NaN,NaN,NaN,NaN,true,true,Center,true,NaN,NaN,NaN,NaN,NaN,NaN,NaN,,NaN,,,,46.6,94.4,NaN,,NaN,NaN,NaN,true,NaN,99.3,49.5,NaN,0.054925620555877686,0.0,,1,3,true,,NaN,NaN,NaN,NaN,,,,,,,,,,NaN,,,,,NaN,true,NaN,NaN,NaN,,NaN,NaN,,,NaN,NaN,NaN,,NaN,,,,,,NaN,NaN,NaN,NaN,NaN,NaN,NaN,NaN,NaN,NaN,NaN,,
36g6ifzjliec1jqnbtf7yesme,AaB,2829399045,743,16,2,92,58,C. Olsson,5uo9saax5iqsctxq7w3si8w0k,1,4.6,49.1,2025-07-26T13:49:16.746,2025-07-30T14:40:20,NaN,"{""id"": 5808874369, ""qualifierId"": 230, ""value"": ""97.2""}",bvihobignz9mmm7itlzr049p0,Hillerød vs AaB,1_Division,2025-07-26,DNK,true,true,NaN,NaN,NaN,NaN,NaN,NaN,NaN,true,NaN,Center,NaN,NaN,NaN,NaN,NaN,true,NaN,NaN,,NaN,,,,46.9,19.6,NaN,,NaN,NaN,NaN,NaN,NaN,97.2,49.3,NaN,NaN,NaN,,NaN,NaN,NaN,,2025-07-26 14:49:16.454,92:58.040,NaN,NaN,,,,,,,,,,NaN,,,,,NaN,NaN,NaN,NaN,NaN,,NaN,NaN,,,96.7,48.7,NaN,,NaN,,,,,,true,NaN,NaN,NaN,NaN,NaN,NaN,OWN_GOAL,620119,6463,952,,
36g6ifzjliec1jqnbtf7yesme,AaB,2829399071,745,13,2,93,58,M. Jiménez,8mkrj5bnkyhx8kutc4656cy96,1,90.6,41.5,2025-07-26T13:50:16.713,2025-07-26T13:55:08,NaN,"{""id"": 5808871685, ""qualifierId"": 22}",bvihobignz9mmm7itlzr049p0,Hillerød vs AaB,1_Division,2025-07-26,DNK,NaN,NaN,true,NaN,NaN,NaN,true,NaN,NaN,NaN,NaN,Center,true,NaN,NaN,NaN,NaN,NaN,NaN,NaN,,NaN,,,,52.1,94.4,true,,NaN,NaN,NaN,NaN,NaN,99.3,52.2,NaN,0.10237768292427063,0.0,,2,2,true,,NaN,NaN,NaN,true,,,,,,,,,,NaN,,,,,NaN,true,NaN,NaN,NaN,,NaN,NaN,,,NaN,NaN,NaN,,NaN,,,,,,NaN,NaN,NaN,NaN,NaN,NaN,NaN,NaN,NaN,NaN,NaN,,
aqtkb4mgrz8c6iqfufj6qjbv9,Hillerød,2829394029,814,13,2,77,4,L. Bøje-Larsen,elsygne5tjybbxrqgehtovnro,1,86.2,66.0,2025-07-26T13:33:22.752,2025-07-26T13:34:29,NaN,"{""id"": 5813394413, ""qualifierId"": 391}",bvihobignz9mmm7itlzr049p0,Hillerød vs AaB,1_Division,2025-07-26,DNK,NaN,NaN,NaN,NaN,NaN,true,true,NaN,NaN,NaN,NaN,Center,NaN,true,NaN,NaN,NaN,NaN,NaN,NaN,,NaN,,,,64.0,2.8,NaN,,NaN,NaN,NaN,NaN,NaN,99.8,51.8,NaN,0.038849640637636185,0.0,,2,2,true,,NaN,NaN,true,true,,,,,,,,,,NaN,,,,,true,NaN,NaN,NaN,NaN,,NaN,NaN,,,NaN,NaN,NaN,,NaN,,,,,,NaN,NaN,NaN,NaN,NaN,NaN,NaN,NaN,NaN,NaN,NaN,,
aqtkb4mgrz8c6iqfufj6qjbv9,Hillerød,2829395957,841,15,2,83,15,J. Witt,5z7y55t2o577r8ki3i5855as,1,91.1,37.8,2025-07-26T13:39:34.237,2025-07-30T14:29:18,1.0,"{""id"": 5808854201, ""qualifierId"": 147, ""value"": ""46.4""}",bvihobignz9mmm7itlzr049p0,Hillerød vs AaB,1_Division,2025-07-26,DNK,true,NaN,true,NaN,NaN,NaN,NaN,NaN,true,NaN,true,Center,NaN,NaN,NaN,NaN,NaN,NaN,true,NaN,,NaN,,,,47.8,31.0,NaN,,99.4,46.4,NaN,true,NaN,NaN,NaN,672,0.0243514571338892,0.08283772319555283,,3,2,true,,NaN,NaN,NaN,NaN,,,,,,,,,,NaN,,,,,NaN,NaN,NaN,NaN,NaN,,NaN,NaN,,,NaN,NaN,NaN,,NaN,,,,,,NaN,NaN,NaN,NaN,NaN,NaN,NaN,NaN,NaN,NaN,NaN,,
aqtkb4mgrz8c6iqfufj6qjbv9,Hillerød,2829396617,871,13,2,85,19,M. Veltz,3avg1grraylzm6xjt5kt18is4,1,92.9,39.8,2025-07-26T13:41:37.687,2025-07-26T13:42:44,1.0,"{""id"": 5808857689, ""qualifierId"": 22}",bvihobignz9mmm7itlzr049p0,Hillerød vs AaB,1_Division,2025-07-26,DNK,NaN,NaN,true,NaN,NaN,true,true,NaN,NaN,NaN,true,Center,NaN,NaN,NaN,NaN,NaN,NaN,NaN,NaN,,true,,,,41.7,2.8,NaN,,NaN,NaN,NaN,NaN,NaN,95.6,43.9,NaN,0.3085709512233734,0.0,,2,1,true,,NaN,NaN,NaN,NaN,,,,,,,,,,NaN,,,,,NaN,NaN,NaN,NaN,NaN,,NaN,true,,,NaN,NaN,NaN,,NaN,,,,,,NaN,true,NaN,NaN,NaN,NaN,NaN,NaN,NaN,NaN,NaN,,
aqtkb4mgrz8c6iqfufj6qjbv9,Hillerød,2829398857,950,15,2,92,31,M. Etim,1fjkjzsei9slx2t4zhsqdkve1,1,92.7,53.8,2025-07-26T13:48:49.757,2025-07-30T14:47:01,1.0,"{""id"": 5808870789, ""qualifierId"": 147, ""value"": ""51.4""}",bvihobignz9mmm7itlzr049p0,Hillerød vs AaB,1_Division,2025-07-26,DNK,true,NaN,true,NaN,NaN,NaN,NaN,NaN,NaN,true,true,Center,NaN,NaN,NaN,true,NaN,NaN,NaN,NaN,,NaN,,,,54.1,22.2,NaN,,99.7,51.4,NaN,true,NaN,NaN,NaN,741,0.08600180596113205,0.6601601839065552,,3,3,true,,NaN,NaN,NaN,NaN,,,,,,,,,,NaN,,,,,NaN,NaN,NaN,NaN,NaN,,NaN,NaN,,,NaN,NaN,NaN,,NaN,,,,,,NaN,NaN,NaN,NaN,NaN,NaN,NaN,NaN,NaN,NaN,NaN,,
b2vft81kyjurzbmekvgrqwr64,Hobro,2830848997,148,16,1,16,34,O. Klitten,e19g5bz7s9wqcvj8mttztxi0a,1,92.0,51.9,2025-08-01T17:17:14.539,2025-08-03T08:29:18,1.0,"{""id"": 5820822617, ""qualifierId"": 79}",bwzcqlyc4oanyasqpjsglxgd0,AaB vs Hobro,1_Division,2025-08-01,DNK,true,,true,NaN,,NaN,true,NaN,,NaN,true,Center,NaN,NaN,NaN,NaN,NaN,NaN,NaN,NaN,NaN,,,,,48.6,32.9,NaN,,NaN,NaN,,true,NaN,99.3,50.5,NaN,0.25134140253067017,0.39711257815361023,,1,1,true,,2025-08-01 18:17:14.029,16:33.748,,NaN,,,,,,,,,NaN,NaN,,,NaN,,NaN,NaN,NaN,true,NaN,,,true,,NaN,1.0,49.8,,NaN,NaN,,,,NaN,NaN,,,,,,,,NaN,NaN,NaN,NaN,NaN,NaN
36g6ifzjliec1jqnbtf7yesme,AaB,2830848303,153,13,1,14,34,K. John,5vrsflxiv2dgfa8199a2qxsve,1,89.5,53.6,2025-08-01T17:15:14.906,2025-08-01T17:16:25,1.0,"{""id"": 5816964037, ""qualifierId"": 22}",bwzcqlyc4oanyasqpjsglxgd0,AaB vs Hobro,1_Division,2025-08-01,DNK,true,,true,NaN,,NaN,true,NaN,,NaN,true,Center,NaN,NaN,NaN,NaN,NaN,NaN,NaN,NaN,true,,,,,58.2,9.7,NaN,,NaN,NaN,,true,NaN,99.1,52.3,NaN,0.16190852224826813,0.0,,1,1,true,,NaN,NaN,,NaN,,,,,,,,,NaN,NaN,,,NaN,,NaN,NaN,NaN,NaN,NaN,,,true,,NaN,NaN,NaN,,NaN,NaN,,,,NaN,NaN,,,,,,,,NaN,NaN,NaN,NaN,NaN,NaN
b2vft81kyjurzbmekvgrqwr64,Hobro,2830849995,188,15,1,20,44,M. Bruhn,8gqvlydur0v4cpmz1ozqkejh0,1,96.8,40.3,2025-08-01T17:21:24.837,2025-08-03T08:29:13,1.0,"{""id"": 5816997089, ""qualifierId"": 214}",bwzcqlyc4oanyasqpjsglxgd0,AaB vs Hobro,1_Division,2025-08-01,DNK,NaN,,NaN,NaN,,true,true,NaN,,NaN,true,Center,NaN,NaN,NaN,NaN,true,NaN,NaN,NaN,NaN,,,,,48.2,13.9,NaN,,98.9,44.0,,true,true,NaN,NaN,188,0.3507024347782135,0.43517833948135376,,1,1,NaN,,NaN,NaN,,NaN,,,,,,,,,NaN,NaN,,,NaN,,NaN,NaN,NaN,NaN,NaN,,,true,,true,NaN,NaN,,true,NaN,,,,NaN,NaN,,,,,,,,NaN,NaN,NaN,NaN,NaN,NaN
b2vft81kyjurzbmekvgrqwr64,Hobro,2830849999,189,15,1,20,53,E. Søgaard,cflwegqpzch8y30pb3dhigqnd,1,95.7,42.3,2025-08-01T17:21:33.521,2025-08-01T19:12:14,1.0,"{""id"": 5817155341, ""qualifierId"": 81}",bwzcqlyc4oanyasqpjsglxgd0,AaB vs Hobro,1_Division,2025-08-01,DNK,NaN,,NaN,NaN,,true,true,NaN,,NaN,true,Center,NaN,NaN,NaN,NaN,NaN,NaN,true,NaN,NaN,,,,,46.8,24.1,true,,99.1,47.5,,true,NaN,NaN,NaN,189,0.16641570627689362,0.7084859013557434,,2,2,true,,NaN,NaN,,NaN,,,,,,,,,NaN,NaN,,,NaN,,NaN,NaN,NaN,NaN,NaN,,,true,,NaN,NaN,NaN,,true,NaN,,,,NaN,NaN,,,,,,,,NaN,NaN,NaN,NaN,NaN,NaN
b2vft81kyjurzbmekvgrqwr64,Hobro,2830850203,193,15,1,21,38,M. Jacobsen,6bv0j0ezhh9u5u5hqz64p790q,1,89.3,49.9,2025-08-01T17:22:18.409,2025-08-01T17:24:06,NaN,"{""id"": 5816976373, ""qualifierId"": 102, ""value"": ""51.5""}",bwzcqlyc4oanyasqpjsglxgd0,AaB vs Hobro,1_Division,2025-08-01,DNK,true,,true,NaN,,NaN,NaN,NaN,,true,NaN,Center,NaN,NaN,NaN,NaN,true,NaN,NaN,true,NaN,,,,,51.5,19,NaN,,91.2,50.2,,NaN,NaN,98.6,49.8,204,0.02656370960175991,0.0,,3,3,true,,NaN,NaN,,true,,,,,,,,,NaN,NaN,,,NaN,,NaN,NaN,NaN,NaN,NaN,,,NaN,,NaN,NaN,NaN,,NaN,NaN,,,,NaN,NaN,,,,,,,,NaN,NaN,NaN,NaN,NaN,NaN
36g6ifzjliec1jqnbtf7yesme,AaB,2830852827,323,13,1,31,2,B. Pudel,8vi3l756ez0e96k7muvg4ekbu,1,95.1,37.9,2025-08-01T17:31:43.225,2025-08-01T17:32:56,1.0,"{""id"": 5816990381, ""qualifierId"": 230, ""value"": ""98.5""}",bwzcqlyc4oanyasqpjsglxgd0,AaB vs Hobro,1_Division,2025-08-01,DNK,true,,NaN,NaN,,NaN,NaN,NaN,,true,true,Center,NaN,NaN,NaN,NaN,NaN,NaN,true,NaN,NaN,,,,,34.6,45.8,NaN,,NaN,NaN,,true,NaN,98.5,47.7,NaN,0.03724091500043869,0.0,,3,1,true,,NaN,NaN,,NaN,,,,,,,,,NaN,NaN,,,NaN,,NaN,NaN,NaN,NaN,NaN,,,NaN,,NaN,NaN,NaN,,true,NaN,,,,NaN,NaN,,,,,,,,NaN,NaN,NaN,NaN,NaN,NaN
b2vft81kyjurzbmekvgrqwr64,Hobro,2830855763,348,15,1,41,2,M. Bruhn,8gqvlydur0v4cpmz1ozqkejh0,1,77.7,56.8,2025-08-01T17:41:43.264,2025-08-01T17:43:17,1.0,"{""id"": 5817007155, ""qualifierId"": 56, ""value"": ""Center""}",bwzcqlyc4oanyasqpjsglxgd0,AaB vs Hobro,1_Division,2025-08-01,DNK,NaN,,NaN,true,,true,NaN,true,,NaN,true,Center,NaN,NaN,NaN,NaN,true,NaN,NaN,true,NaN,,,,,49.9,19,NaN,,82.1,55.4,,true,NaN,98.2,51.1,432,0.06441954523324966,0.0,,2,2,NaN,,NaN,NaN,,NaN,,,,,,,,,NaN,NaN,,,NaN,,NaN,NaN,NaN,NaN,NaN,,,NaN,,NaN,NaN,NaN,,NaN,NaN,,,,NaN,NaN,,,,,,,,NaN,NaN,NaN,NaN,NaN,NaN
b2vft81kyjurzbmekvgrqwr64,Hobro,2830856955,379,13,1,44,36,M. Nielsen,8q8yol44e42o9hwttlopznvh0,1,82.5,29.5,2025-08-01T17:45:16.678,2025-08-01T17:46:31,1.0,"{""id"": 5817013865, ""qualifierId"": 22}",bwzcqlyc4oanyasqpjsglxgd0,AaB vs Hobro,1_Division,2025-08-01,DNK,NaN,,NaN,true,,NaN,true,NaN,,NaN,true,Center,true,NaN,NaN,NaN,NaN,NaN,NaN,NaN,true,,,,,57.1,25,NaN,,NaN,NaN,,NaN,true,98.6,49.3,NaN,0.02781730517745018,0.0,,2,3,NaN,,NaN,NaN,,NaN,,,,,,,,,NaN,NaN,,,NaN,,NaN,NaN,NaN,NaN,NaN,,,NaN,,true,NaN,NaN,,NaN,NaN,,,,NaN,NaN,,,,,,,,NaN,NaN,NaN,NaN,NaN,NaN
36g6ifzjliec1jqnbtf7yesme,AaB,2830857773,481,13,1,46,48,E. Makolli,697f50qoetodmfe8ybcuey2ac,1,78.6,30.7,2025-08-01T17:47:28.440,2025-08-01T17:48:40,NaN,"{""id"": 5817018471, ""qualifierId"": 22}",bwzcqlyc4oanyasqpjsglxgd0,AaB vs Hobro,1_Division,2025-08-01,DNK,NaN,,NaN,true,,true,true,NaN,,NaN,NaN,Center,NaN,NaN,NaN,NaN,NaN,NaN,NaN,NaN,NaN,,,,,40.8,54.2,NaN,,NaN,NaN,,NaN,true,98.2,47.3,NaN,0.0329521968960762,0.0,,1,2,NaN,,NaN,NaN,,true,,,,,,,,,NaN,NaN,,,NaN,,NaN,NaN,NaN,NaN,NaN,,,NaN,,NaN,NaN,NaN,,NaN,NaN,,,,NaN,NaN,,,,,,,,NaN,NaN,NaN,NaN,true,NaN
b2vft81kyjurzbmekvgrqwr64,Hobro,2830863405,487,13,2,54,25,M. Pedersen,9xub4z9b3bog8wqhn5yfihecp,1,79.7,44.2,2025-08-01T18:14:08.494,2025-08-01T18:15:21,NaN,"{""id"": 4611686018471187203, ""qualifierId"": 322, ""value"": ""0.0""}",bwzcqlyc4oanyasqpjsglxgd0,AaB vs Hobro,1_Division,2025-08-01,DNK,NaN,,NaN,true,,true,true,NaN,,NaN,NaN,Center,NaN,true,NaN,NaN,NaN,NaN,NaN,NaN,NaN,,,,,63.9,16.7,NaN,,NaN,NaN,,NaN,NaN,97.6,48.2,NaN,0.030672015622258186,0.0,,3,3,true,,NaN,NaN,,true,,,,,,,,,NaN,NaN,,,NaN,,NaN,NaN,NaN,NaN,NaN,,,NaN,,NaN,NaN,NaN,,NaN,NaN,,,,NaN,NaN,,,,,,,,NaN,NaN,NaN,NaN,NaN,NaN
36g6ifzjliec1jqnbtf7yesme,AaB,2830860941,511,13,2,46,57,A. Jasson,8bi1tlz62rjwyak4pnnzgp562,1,74.9,41.5,2025-08-01T18:06:40.253,2025-08-01T18:07:49,1.0,"{""id"": 5817036003, ""qualifierId"": 29}",bwzcqlyc4oanyasqpjsglxgd0,AaB vs Hobro,1_Division,2025-08-01,DNK,NaN,,NaN,true,,true,true,NaN,,NaN,true,Center,NaN,NaN,NaN,true,NaN,NaN,NaN,NaN,NaN,,,,,56.3,68.1,NaN,,NaN,NaN,,NaN,true,97.8,49.3,NaN,0.024511586874723434,0.0,,2,3,NaN,,NaN,NaN,,NaN,,,,,,,,,NaN,NaN,,,NaN,,NaN,NaN,NaN,NaN,NaN,,,NaN,,NaN,NaN,NaN,,NaN,NaN,,,,NaN,NaN,,,,,,,,NaN,NaN,NaN,NaN,NaN,true
36g6ifzjliec1jqnbtf7yesme,AaB,2830861771,533,13,2,49,30,K. John,5vrsflxiv2dgfa8199a2qxsve,1,94.5,56.2,2025-08-01T18:09:13.523,2025-08-01T18:10:24,1.0,"{""id"": 5817040653, ""qualifierId"": 103, ""value"": ""72.2""}",bwzcqlyc4oanyasqpjsglxgd0,AaB vs Hobro,1_Division,2025-08-01,DNK,true,,NaN,NaN,,NaN,NaN,NaN,,true,true,Center,NaN,NaN,NaN,NaN,NaN,NaN,NaN,NaN,NaN,,,,,46.9,72.2,NaN,,NaN,NaN,,true,NaN,99.0,53.6,NaN,0.10046322643756866,0.0,,3,3,true,,NaN,NaN,,NaN,,,,,,,,,NaN,NaN,,,true,,NaN,true,NaN,NaN,NaN,,,NaN,,NaN,NaN,NaN,,NaN,NaN,,,,NaN,NaN,,,,,,,,NaN,NaN,NaN,NaN,NaN,NaN
36g6ifzjliec1jqnbtf7yesme,AaB,2830861993,539,15,2,50,10,A. Håpnes,5y2mfgruizah0ylcz7q1abw9g,1,84.5,33.0,2025-08-01T18:09:53.288,2025-08-01T18:11:01,1.0,"{""id"": 5817041765, ""qualifierId"": 103, ""value"": ""28.5""}",bwzcqlyc4oanyasqpjsglxgd0,AaB vs Hobro,1_Division,2025-08-01,DNK,NaN,,NaN,NaN,,NaN,true,NaN,,NaN,true,Center,true,NaN,NaN,NaN,NaN,NaN,NaN,NaN,NaN,,,,,49.8,28.5,NaN,,98.8,46.6,,NaN,true,NaN,NaN,455,0.04942561686038971,0.04088378697633743,,2,2,NaN,,NaN,NaN,,NaN,,,,,,,,,NaN,NaN,,,NaN,,NaN,NaN,NaN,true,NaN,,,NaN,,NaN,NaN,NaN,,NaN,true,,,,NaN,NaN,,,,,,,,NaN,NaN,NaN,NaN,NaN,NaN
36g6ifzjliec1jqnbtf7yesme,AaB,2830862231,545,15,2,50,58,O. Ross,5lz41celw55rz3zh8pohclw5w,1,86.6,61.5,2025-08-01T18:10:41.622,2025-08-01T18:11:51,1.0,"{""id"": 5817042911, ""qualifierId"": 327, ""value"": ""2""}",bwzcqlyc4oanyasqpjsglxgd0,AaB vs Hobro,1_Division,2025-08-01,DNK,NaN,,true,NaN,,true,true,NaN,,NaN,true,Center,NaN,NaN,NaN,NaN,true,NaN,NaN,true,NaN,,,,,51.7,19,NaN,,91.5,57.9,,true,NaN,98.8,52.0,460,0.09012597054243088,0.0,,2,2,NaN,,NaN,NaN,,NaN,,,,,,,,,NaN,NaN,,,NaN,,NaN,NaN,NaN,NaN,NaN,,,NaN,,NaN,NaN,NaN,,NaN,NaN,,,,NaN,NaN,,,,,,,,NaN,NaN,NaN,NaN,NaN,NaN
b2vft81kyjurzbmekvgrqwr64,Hobro,2830867531,626,13,2,72,2,M. Pedersen,9xub4z9b3bog8wqhn5yfihecp,1,71.9,38.3,2025-08-01T18:31:45.710,2025-08-01T18:32:56,NaN,"{""id"": 5817072779, ""qualifierId"": 56, ""value"": ""Center""}",bwzcqlyc4oanyasqpjsglxgd0,AaB vs Hobro,1_Division,2025-08-01,DNK,NaN,,NaN,true,,true,NaN,NaN,,NaN,NaN,Center,NaN,NaN,NaN,NaN,NaN,NaN,NaN,NaN,NaN,,,,,49.1,52.8,NaN,,NaN,NaN,,NaN,NaN,98.1,48.7,NaN,0.03368569165468216,0.0,,1,3,NaN,,NaN,NaN,,true,,,,,,,,,NaN,true,,,NaN,,NaN,NaN,NaN,NaN,true,,,NaN,,NaN,NaN,NaN,,NaN,NaN,,,,NaN,NaN,,,,,,,,NaN,NaN,NaN,NaN,NaN,NaN
36g6ifzjliec1jqnbtf7yesme,AaB,2830865557,655,16,2,63,48,O. Ross,5lz41celw55rz3zh8pohclw5w,1,88.5,50.0,2025-08-01T18:23:30.875,2025-08-01T18:24:48,NaN,"{""id"": 5817061977, ""qualifierId"": 230, ""value"": ""99.3""}",bwzcqlyc4oanyasqpjsglxgd0,AaB vs Hobro,1_Division,2025-08-01,DNK,NaN,,true,NaN,,true,NaN,NaN,,NaN,NaN,Center,NaN,NaN,NaN,NaN,true,NaN,NaN,NaN,NaN,,,,,48.8,3.8,NaN,,NaN,NaN,,NaN,NaN,99.3,50,NaN,0.7884,0.7946231961250305,,1,1,NaN,,2025-08-01 19:23:30.151,63:47.299,,true,,,,,,,,,true,NaN,,,NaN,,NaN,NaN,NaN,NaN,NaN,,,true,,NaN,1.0,46.4,,NaN,NaN,,,,563,243784,,,,,,,,PENALTY_WON,653205,401,654,NaN,NaN
36g6ifzjliec1jqnbtf7yesme,AaB,2830866011,673,13,2,65,55,K. John,5vrsflxiv2dgfa8199a2qxsve,1,89.8,49.7,2025-08-01T18:25:38.075,2025-08-01T18:26:46,1.0,"{""id"": 5817064523, ""qualifierId"": 154}",bwzcqlyc4oanyasqpjsglxgd0,AaB vs Hobro,1_Division,2025-08-01,DNK,NaN,,true,NaN,,true,true,NaN,,NaN,true,Center,NaN,NaN,NaN,NaN,NaN,NaN,NaN,NaN,NaN,,,,,40.3,18.1,NaN,,NaN,NaN,,true,NaN,98.0,50.9,NaN,0.1840665191411972,0.0,,2,2,true,,NaN,NaN,,NaN,,,,,,,,,NaN,NaN,,,NaN,,NaN,NaN,true,NaN,NaN,,,NaN,,NaN,NaN,NaN,,NaN,NaN,,,,NaN,NaN,,,,,,,,NaN,NaN,NaN,NaN,NaN,NaN
36g6ifzjliec1jqnbtf7yesme,AaB,2830868789,750,15,2,75,31,A. Jasson,8bi1tlz62rjwyak4pnnzgp562,1,87.2,64.0,2025-08-01T18:35:14.214,2025-08-01T18:36:39,1.0,"{""id"": 5817079757, ""qualifierId"": 22}",bwzcqlyc4oanyasqpjsglxgd0,AaB vs Hobro,1_Division,2025-08-01,DNK,NaN,,NaN,NaN,,true,true,NaN,,NaN,true,Center,NaN,NaN,NaN,NaN,NaN,true,NaN,true,NaN,,,,,46.7,19,NaN,,94.0,54.9,,NaN,true,98.8,52.7,637,0.0686190277338028,0.0,,2,2,NaN,,NaN,NaN,,NaN,,,,,,,,,NaN,NaN,,,NaN,,true,NaN,NaN,NaN,NaN,,,NaN,,NaN,NaN,NaN,,NaN,NaN,,,,NaN,NaN,,,,,,,,NaN,NaN,NaN,NaN,NaN,NaN
36g6ifzjliec1jqnbtf7yesme,AaB,2830869813,779,15,2,77,50,A. Maarup,cf6zq49y8v1ekw07e7yi3uac,1,70.7,41.1,2025-08-01T18:37:33.840,2025-08-01T18:38:43,1.0,"{""id"": 5817085575, ""qualifierId"": 56, ""value"": ""Center""}",bwzcqlyc4oanyasqpjsglxgd0,AaB vs Hobro,1_Division,2025-08-01,DNK,NaN,,NaN,true,,true,true,NaN,,NaN,true,Center,NaN,NaN,true,NaN,NaN,NaN,NaN,true,NaN,,,,,52.3,19,NaN,,84.1,46.2,,NaN,true,97.8,50.4,660,0.015092780813574791,0.0,,2,2,NaN,,NaN,NaN,,NaN,,,,,,,,,NaN,NaN,,,NaN,,NaN,NaN,NaN,NaN,NaN,,,NaN,,NaN,NaN,NaN,,NaN,NaN,,,,NaN,NaN,,,,,,,,NaN,NaN,NaN,NaN,NaN,NaN
36g6ifzjliec1jqnbtf7yesme,AaB,2830874455,888,15,2,88,29,A. Jasson,8bi1tlz62rjwyak4pnnzgp562,1,81.5,53.3,2025-08-01T18:48:12.332,2025-08-01T18:53:59,1.0,"{""id"": 5817126749, ""qualifierId"": 102, ""value"": ""48.8""}",bwzcqlyc4oanyasqpjsglxgd0,AaB vs Hobro,1_Division,2025-08-01,DNK,NaN,,NaN,true,,true,true,NaN,,NaN,true,Center,NaN,NaN,NaN,NaN,true,NaN,NaN,true,NaN,,,,,48.8,19,NaN,,84.0,52.7,,NaN,true,98.4,50.7,740,0.04471210390329361,0.0,,3,2,NaN,,NaN,NaN,,NaN,,,,,,,,,NaN,NaN,,,NaN,,NaN,NaN,NaN,NaN,NaN,,,NaN,,true,NaN,NaN,,NaN,NaN,,,,NaN,NaN,,,,,,,,NaN,NaN,NaN,NaN,NaN,NaN
