contestantId,team_name,id,eventId,typeId,periodId,timeMin,timeSec,playerName,playerId,outcome,x,y,timeStamp,lastModified,assist,qualifier,match_id,label,league_name,date,country,9,15,17,18,20,22,23,24,25,26,29,56,60,63,64,72,74,75,76,78,79,80,81,82,84,87,100,102,103,108,121,136,146,147,154,160,214,215,230,231,233,254,280,281,282,321,322,326,327,328,353,374,375,390,458,472,sequenceId,possessionId,keyPass,140,141,318,210,6,107,62,77,83,114,133,395,396,468,16,19,73,89,153,324,391,21,69,85,86
f1h34qp5zbfl489q8vnkhiq9s,Esbjerg,2828292247,15,13,1,1,19,J. Lucena,5sha6xhovfmuzd7rolx1om39w,1,93.8,37.6,2025-07-20T13:02:45.588,2025-07-20T13:04:39,1.0,"{""id"": 5802673113, ""qualifierId"": 22}",bu0ez9a5mhcxh9c23fny7d7h0,Esbjerg vs Lyngby,1_Division,2025-07-20,DNK,NaN,NaN,true,NaN,true,true,NaN,NaN,NaN,NaN,true,Center,NaN,NaN,NaN,NaN,NaN,true,NaN,NaN,NaN,NaN,NaN,NaN,NaN,NaN,NaN,39.8,9.7,NaN,NaN,NaN,NaN,NaN,true,NaN,NaN,NaN,99.0,46.0,NaN,NaN,NaN,NaN,NaN,0.12163588404655457,0.0,2,2,true,NaN,NaN,NaN,NaN,NaN,NaN,,,,,,,,,,,,,,,,,,,,,,,,,,,,
f1h34qp5zbfl489q8vnkhiq9s,Esbjerg,2828294913,69,13,1,8,15,L. From,6hmsrr08cllpl4iumu92zskbt,1,90.3,65.1,2025-07-20T13:09:41.329,2025-07-20T13:10:49,1.0,"{""id"": 5802688333, ""qualifierId"": 102, ""value"": ""43.2""}",bu0ez9a5mhcxh9c23fny7d7h0,Esbjerg vs Lyngby,1_Division,2025-07-20,DNK,NaN,NaN,NaN,NaN,true,true,NaN,NaN,NaN,NaN,true,Center,NaN,NaN,true,NaN,NaN,NaN,NaN,NaN,NaN,NaN,true,NaN,NaN,NaN,NaN,43.2,61.1,true,NaN,NaN,NaN,NaN,true,NaN,NaN,NaN,98.6,50.2,NaN,NaN,NaN,NaN,NaN,0.08261793106794357,0.0,1,2,true,NaN,NaN,NaN,NaN,NaN,NaN,,,,,,,,,,,,,,,,,,,,,,,,,,,,
f1h34qp5zbfl489q8vnkhiq9s,Esbjerg,2828296143,94,15,1,11,12,J. Buus,s8c0oxnoqt6zi7pi88rwawvd,1,90.4,56.4,2025-07-20T13:12:38.802,2025-07-20T13:13:47,1.0,"{""id"": 5802695395, ""qualifierId"": 102, ""value"": ""51.3""}",bu0ez9a5mhcxh9c23fny7d7h0,Esbjerg vs Lyngby,1_Division,2025-07-20,DNK,NaN,true,true,NaN,NaN,NaN,NaN,NaN,NaN,NaN,true,Center,NaN,NaN,NaN,NaN,NaN,NaN,NaN,NaN,true,NaN,NaN,NaN,NaN,NaN,NaN,51.3,28.5,NaN,NaN,NaN,99.1,52.3,true,true,NaN,NaN,NaN,NaN,119,NaN,NaN,NaN,NaN,0.0640438050031662,0.10996679216623306,2,2,true,NaN,NaN,NaN,NaN,NaN,NaN,,,,,,,,,,,,,,,,,,,,,,,,,,,,
anga7587r1zv4ey71ge9zxol3,Lyngby,2828296745,131,15,1,12,29,L. Sandgrav,6d0lxiep13vdv32bdb0xwyrys,1,92.6,57.9,2025-07-20T13:13:55.774,2025-07-20T13:15:10,1.0,"{""id"": 5802711363, ""qualifierId"": 100}",bu0ez9a5mhcxh9c23fny7d7h0,Esbjerg vs Lyngby,1_Division,2025-07-20,DNK,NaN,NaN,true,NaN,NaN,NaN,true,NaN,NaN,NaN,true,Center,NaN,NaN,NaN,true,NaN,NaN,true,NaN,NaN,NaN,NaN,true,NaN,NaN,true,53.6,19,NaN,NaN,NaN,95.6,56.1,true,NaN,NaN,NaN,99.7,50.7,108,NaN,NaN,NaN,NaN,0.22509817779064178,0.0,2,2,true,NaN,NaN,NaN,NaN,NaN,NaN,,,,,,,,,,,,,,,,,,,,,,,,,,,,
f1h34qp5zbfl489q8vnkhiq9s,Esbjerg,2828297637,133,15,1,14,25,L. From,6hmsrr08cllpl4iumu92zskbt,1,93.2,60.8,2025-07-20T13:15:51.696,2025-07-20T13:17:04,1.0,"{""id"": 5802704043, ""qualifierId"": 154}",bu0ez9a5mhcxh9c23fny7d7h0,Esbjerg vs Lyngby,1_Division,2025-07-20,DNK,NaN,NaN,true,NaN,true,true,NaN,NaN,NaN,NaN,true,Center,NaN,NaN,NaN,NaN,NaN,NaN,true,NaN,NaN,NaN,NaN,NaN,NaN,NaN,NaN,53.1,3.8,NaN,NaN,NaN,99.4,51.8,true,NaN,NaN,NaN,NaN,NaN,154,NaN,NaN,NaN,NaN,0.14304056763648987,0.47213008999824524,2,2,true,NaN,NaN,NaN,NaN,NaN,NaN,,,,,,,,,,,,,,,,,,,,,,,,,,,,
f1h34qp5zbfl489q8vnkhiq9s,Esbjerg,2828298945,152,13,1,16,58,A. Lausen,ate1ymumg2iwzn8uyyf3ts222,1,70.3,55.5,2025-07-20T13:18:25.222,2025-07-20T13:19:44,NaN,"{""id"": 5802710787, ""qualifierId"": 26}",bu0ez9a5mhcxh9c23fny7d7h0,Esbjerg vs Lyngby,1_Division,2025-07-20,DNK,NaN,NaN,NaN,true,true,NaN,NaN,NaN,NaN,true,NaN,Center,NaN,NaN,NaN,NaN,true,NaN,NaN,NaN,NaN,NaN,NaN,NaN,NaN,NaN,NaN,44.7,62.5,NaN,NaN,NaN,NaN,NaN,NaN,NaN,NaN,NaN,98.9,49.6,NaN,NaN,NaN,NaN,NaN,0.03398079425096512,0.0,1,3,NaN,NaN,NaN,NaN,NaN,true,NaN,,,,,,,,,,,,,,,,,,,,,,,,,,,,
anga7587r1zv4ey71ge9zxol3,Lyngby,2828303495,262,15,1,28,47,G. Fraulo,6zhj070huc77sl5o5bx6ey5g4,1,85.5,40.7,2025-07-20T13:30:13.674,2025-07-20T13:32:41,1.0,"{""id"": 5802739637, ""qualifierId"": 321, ""value"": ""0.07060612738132477""}",bu0ez9a5mhcxh9c23fny7d7h0,Esbjerg vs Lyngby,1_Division,2025-07-20,DNK,NaN,NaN,true,NaN,true,true,NaN,NaN,NaN,NaN,true,Center,NaN,NaN,NaN,NaN,NaN,NaN,NaN,true,NaN,NaN,NaN,true,NaN,NaN,NaN,49.0,19,NaN,NaN,NaN,94.2,45.7,true,NaN,NaN,NaN,98.5,48.7,258,NaN,NaN,NaN,NaN,0.07060612738132477,0.0,2,2,true,NaN,NaN,NaN,NaN,NaN,NaN,,,,,,,,,,,,,,,,,,,,,,,,,,,,
anga7587r1zv4ey71ge9zxol3,Lyngby,2828303779,263,16,1,28,49,O. Buur,8822s8ns7oyvjqade4oaxzg0l,1,93.3,37.4,2025-07-20T13:30:16.162,2025-07-20T15:28:06,NaN,"{""id"": 5802738855, ""qualifierId"": 321, ""value"": ""0.21495385468006134""}",bu0ez9a5mhcxh9c23fny7d7h0,Esbjerg vs Lyngby,1_Division,2025-07-20,DNK,NaN,NaN,true,NaN,true,true,NaN,NaN,NaN,NaN,NaN,Center,NaN,NaN,NaN,NaN,NaN,NaN,NaN,NaN,NaN,true,NaN,NaN,NaN,NaN,NaN,46.4,4.4,NaN,NaN,NaN,NaN,NaN,NaN,NaN,true,NaN,98.6,46.6,NaN,NaN,ATTEMPT_SAVED,568402,272,0.21495385468006134,0.6123453378677368,1,1,true,NaN,2025-07-20 14:30:15.497,28:49.238,NaN,true,262,,,,,,,,,,,,,,,,,,,,,,,,,,,,
f1h34qp5zbfl489q8vnkhiq9s,Esbjerg,2828304219,271,15,1,30,49,P. Bjur,6m4anciafmzc24s44xszymbc9,1,81.9,48.1,2025-07-20T13:32:16.034,2025-07-20T13:33:30,NaN,"{""id"": 5802741423, ""qualifierId"": 233, ""value"": ""269""}",bu0ez9a5mhcxh9c23fny7d7h0,Esbjerg vs Lyngby,1_Division,2025-07-20,DNK,NaN,NaN,NaN,true,true,NaN,NaN,NaN,true,NaN,NaN,Center,NaN,NaN,NaN,NaN,NaN,NaN,NaN,NaN,true,NaN,NaN,NaN,NaN,NaN,NaN,50.1,20.9,NaN,NaN,NaN,98.4,49.5,NaN,NaN,NaN,true,NaN,NaN,269,NaN,NaN,NaN,NaN,0.05584908276796341,0.018443429842591286,1,3,true,NaN,NaN,NaN,NaN,true,NaN,,,,,,,,,,,,,,,,,,,,,,,,,,,,
anga7587r1zv4ey71ge9zxol3,Lyngby,2828304667,289,13,1,32,4,G. Fraulo,6zhj070huc77sl5o5bx6ey5g4,1,75.0,58.1,2025-07-20T13:33:30.320,2025-07-20T13:34:36,1.0,"{""id"": 5802743643, ""qualifierId"": 18}",bu0ez9a5mhcxh9c23fny7d7h0,Esbjerg vs Lyngby,1_Division,2025-07-20,DNK,NaN,NaN,NaN,true,true,true,NaN,NaN,NaN,NaN,true,Center,NaN,NaN,NaN,NaN,NaN,NaN,NaN,NaN,NaN,NaN,NaN,NaN,NaN,true,NaN,43.7,55.6,NaN,NaN,NaN,NaN,NaN,true,NaN,NaN,NaN,98.2,50.5,NaN,NaN,NaN,NaN,NaN,0.02526693604886532,0.0,2,2,NaN,NaN,NaN,NaN,NaN,NaN,NaN,,,,,,,,,,,,,,,,,,,,,,,,,,,,
f1h34qp5zbfl489q8vnkhiq9s,Esbjerg,2828308627,384,13,1,44,53,M. Hansen,cod92jjb3qqrg6n1tu15ciwpg,1,83.7,65.1,2025-07-20T13:46:20.172,2025-07-20T13:47:32,1.0,"{""id"": 4611686018471119517, ""qualifierId"": 322, ""value"": ""0.0""}",bu0ez9a5mhcxh9c23fny7d7h0,Esbjerg vs Lyngby,1_Division,2025-07-20,DNK,NaN,NaN,NaN,NaN,true,true,NaN,NaN,NaN,NaN,true,Center,NaN,NaN,true,NaN,NaN,NaN,NaN,NaN,NaN,NaN,NaN,NaN,NaN,true,NaN,43.2,44.4,NaN,NaN,NaN,NaN,NaN,true,NaN,NaN,NaN,97.6,51.1,NaN,NaN,NaN,NaN,NaN,0.07662701606750488,0.0,1,3,NaN,NaN,NaN,NaN,NaN,NaN,NaN,,,,,,,,,,,,,,,,,,,,,,,,,,,,
f1h34qp5zbfl489q8vnkhiq9s,Esbjerg,2828313783,426,15,2,48,58,A. Lausen,ate1ymumg2iwzn8uyyf3ts222,1,81.6,30.0,2025-07-20T14:06:56.489,2025-07-20T14:08:03,1.0,"{""id"": 5802796203, ""qualifierId"": 29}",bu0ez9a5mhcxh9c23fny7d7h0,Esbjerg vs Lyngby,1_Division,2025-07-20,DNK,NaN,NaN,NaN,true,true,NaN,true,NaN,NaN,NaN,true,Center,NaN,NaN,NaN,NaN,NaN,NaN,NaN,true,NaN,NaN,NaN,NaN,NaN,NaN,NaN,49.1,3.2,NaN,NaN,NaN,98.0,48.7,NaN,NaN,NaN,true,NaN,NaN,459,NaN,NaN,NaN,NaN,0.03626149520277977,0.03278132528066635,2,2,NaN,NaN,NaN,NaN,NaN,NaN,NaN,,,,,,,,,,,,,,,,,,,,,,,,,,,,
anga7587r1zv4ey71ge9zxol3,Lyngby,2828314087,471,15,2,49,49,M. Hebo,b13l1wrb747y9cdc8wqltan6d,1,76.2,46.4,2025-07-20T14:07:47.359,2025-07-20T14:12:02,1.0,"{""id"": 5802805545, ""qualifierId"": 231, ""value"": ""49.1""}",bu0ez9a5mhcxh9c23fny7d7h0,Esbjerg vs Lyngby,1_Division,2025-07-20,DNK,NaN,NaN,NaN,true,true,true,NaN,NaN,NaN,NaN,true,Center,NaN,NaN,NaN,NaN,NaN,NaN,NaN,NaN,NaN,true,NaN,true,NaN,NaN,NaN,48.1,19,NaN,NaN,NaN,83.4,46.9,true,NaN,NaN,NaN,98.6,49.1,433,NaN,NaN,NaN,NaN,0.025343429297208786,0.0,2,3,true,NaN,NaN,NaN,NaN,NaN,NaN,,,,,,,,,,,,,,,,,,,,,,,,,,,,
f1h34qp5zbfl489q8vnkhiq9s,Esbjerg,2828319651,575,15,2,65,53,P. Bjur,6m4anciafmzc24s44xszymbc9,1,88.2,29.5,2025-07-20T14:23:51.436,2025-07-20T14:24:57,1.0,"{""id"": 5802829305, ""qualifierId"": 22}",bu0ez9a5mhcxh9c23fny7d7h0,Esbjerg vs Lyngby,1_Division,2025-07-20,DNK,NaN,NaN,NaN,NaN,NaN,true,NaN,NaN,NaN,NaN,true,Center,NaN,true,NaN,true,NaN,NaN,true,NaN,NaN,NaN,NaN,NaN,NaN,NaN,NaN,52.8,19.0,NaN,true,NaN,98.8,46.6,NaN,NaN,NaN,true,NaN,NaN,638,NaN,NaN,NaN,NaN,0.03538128733634949,0.19317476451396942,2,3,NaN,NaN,NaN,NaN,NaN,NaN,NaN,,,,,,,,,,,,,,,,,,,,,,,,,,,,
anga7587r1zv4ey71ge9zxol3,Lyngby,2828317713,595,15,2,59,48,F. Gytkjær,deyq3zqd0vwc821ngqldxqor9,1,94.6,37.6,2025-07-20T14:17:46.352,2025-07-20T14:28:10,1.0,"{""id"": 4611686018471119949, ""qualifierId"": 322, ""value"": ""0.0""}",bu0ez9a5mhcxh9c23fny7d7h0,Esbjerg vs Lyngby,1_Division,2025-07-20,DNK,NaN,NaN,NaN,NaN,true,true,NaN,NaN,NaN,NaN,true,Center,true,NaN,NaN,NaN,NaN,NaN,NaN,NaN,NaN,true,NaN,true,NaN,NaN,true,46.4,19,NaN,NaN,NaN,96.7,41.0,true,NaN,NaN,NaN,98.9,47.5,509,NaN,NaN,NaN,NaN,0.14658969640731812,0.0,2,2,NaN,NaN,NaN,NaN,NaN,NaN,NaN,,,,,,,,,,,,,,,,,,,,,,,,,,,,
anga7587r1zv4ey71ge9zxol3,Lyngby,2828317725,596,15,2,59,49,O. Buur,8822s8ns7oyvjqade4oaxzg0l,1,89.5,38.7,2025-07-20T14:17:47.442,2025-07-20T14:28:49,NaN,"{""id"": 5802835933, ""qualifierId"": 147, ""value"": ""45.8""}",bu0ez9a5mhcxh9c23fny7d7h0,Esbjerg vs Lyngby,1_Division,2025-07-20,DNK,NaN,NaN,true,NaN,true,true,NaN,NaN,NaN,NaN,NaN,Center,NaN,NaN,NaN,NaN,NaN,NaN,NaN,true,NaN,NaN,NaN,true,NaN,NaN,true,50.9,19,NaN,NaN,NaN,95.6,45.8,NaN,NaN,NaN,NaN,98.5,48.7,510,NaN,NaN,NaN,NaN,0.14020442962646484,0.0,2,2,NaN,NaN,NaN,NaN,NaN,true,NaN,,,,,,,,,,,,,,,,,,,,,,,,,,,,
f1h34qp5zbfl489q8vnkhiq9s,Esbjerg,2828320605,604,13,2,68,58,A. Lausen,ate1ymumg2iwzn8uyyf3ts222,1,88.5,50.0,2025-07-20T14:26:56.413,2025-07-20T14:28:13,NaN,"{""id"": 5802834717, ""qualifierId"": 56, ""value"": ""Center""}",bu0ez9a5mhcxh9c23fny7d7h0,Esbjerg vs Lyngby,1_Division,2025-07-20,DNK,true,NaN,true,NaN,true,NaN,NaN,NaN,NaN,NaN,NaN,Center,NaN,NaN,NaN,NaN,true,NaN,NaN,NaN,NaN,NaN,NaN,NaN,NaN,NaN,NaN,50.1,80.6,NaN,NaN,NaN,NaN,NaN,NaN,NaN,true,NaN,98.8,50.7,NaN,NaN,NaN,NaN,NaN,0.7884,0.0,1,1,NaN,661,NaN,NaN,179456,true,NaN,,,,,,,,,,,,,,,,,,,,,,,,,,,,
f1h34qp5zbfl489q8vnkhiq9s,Esbjerg,2828321643,641,15,2,73,6,J. Ankersen,4mxciw9jsj9l437fd7bv78p91,1,75.5,72.1,2025-07-20T14:31:04.153,2025-07-20T14:33:10,NaN,"{""id"": 5802842825, ""qualifierId"": 147, ""value"": ""66.1""}",bu0ez9a5mhcxh9c23fny7d7h0,Esbjerg vs Lyngby,1_Division,2025-07-20,DNK,NaN,NaN,NaN,true,true,true,NaN,NaN,NaN,NaN,NaN,Center,NaN,NaN,NaN,NaN,NaN,NaN,NaN,NaN,NaN,true,NaN,true,NaN,NaN,NaN,46.3,19,NaN,NaN,NaN,81.2,66.1,NaN,NaN,NaN,true,96.9,53.4,678,NaN,NaN,NaN,NaN,0.01534096896648407,0.0,2,2,NaN,NaN,NaN,NaN,NaN,true,NaN,,,,,,,,,,,,,,,,,,,,,,,,,,,,
anga7587r1zv4ey71ge9zxol3,Lyngby,2828322347,695,15,2,74,52,B. Rolland,2wwpfsducpmryacr17y8k70iy,1,83.6,55.1,2025-07-20T14:32:49.987,2025-07-20T14:33:56,1.0,"{""id"": 5802844739, ""qualifierId"": 322, ""value"": ""0.41866785287857056""}",bu0ez9a5mhcxh9c23fny7d7h0,Esbjerg vs Lyngby,1_Division,2025-07-20,DNK,NaN,NaN,true,NaN,NaN,true,NaN,NaN,NaN,NaN,true,Center,NaN,NaN,NaN,true,NaN,NaN,true,NaN,NaN,NaN,NaN,NaN,NaN,NaN,NaN,54.0,3.8,NaN,NaN,NaN,99.4,51.4,true,NaN,NaN,NaN,NaN,NaN,668,NaN,NaN,NaN,NaN,0.0951547622680664,0.41866785287857056,2,2,NaN,NaN,NaN,NaN,NaN,NaN,NaN,,,,,,,,,,,,,,,,,,,,,,,,,,,,
anga7587r1zv4ey71ge9zxol3,Lyngby,2828325265,761,13,2,83,17,L. Sandgrav,6d0lxiep13vdv32bdb0xwyrys,1,82.4,42.3,2025-07-20T14:41:15.191,2025-07-20T14:42:22,1.0,"{""id"": 4611686018471120061, ""qualifierId"": 322, ""value"": ""0.0""}",bu0ez9a5mhcxh9c23fny7d7h0,Esbjerg vs Lyngby,1_Division,2025-07-20,DNK,NaN,NaN,NaN,true,true,true,NaN,NaN,NaN,NaN,true,Center,NaN,NaN,NaN,NaN,true,NaN,NaN,NaN,NaN,NaN,NaN,NaN,NaN,NaN,NaN,52.8,62.5,NaN,NaN,NaN,NaN,NaN,true,NaN,NaN,NaN,98.1,47.7,NaN,NaN,NaN,NaN,NaN,0.07670076936483383,0.0,2,2,true,NaN,NaN,NaN,NaN,NaN,NaN,,,,,,,,,,,,,,,,,,,,,,,,,,,,
f1h34qp5zbfl489q8vnkhiq9s,Esbjerg,2828327047,786,13,2,89,41,T. Freriks,4jve632xnmqujh4ioaxpaovai,1,96.6,42.8,2025-07-20T14:47:39.414,2025-07-20T14:48:51,1.0,"{""id"": 5802871463, ""qualifierId"": 103, ""value"": ""18.1""}",bu0ez9a5mhcxh9c23fny7d7h0,Esbjerg vs Lyngby,1_Division,2025-07-20,DNK,NaN,true,NaN,NaN,NaN,NaN,NaN,NaN,true,NaN,true,Center,true,NaN,NaN,NaN,NaN,NaN,NaN,NaN,NaN,NaN,NaN,NaN,true,NaN,NaN,42.7,18.1,NaN,NaN,NaN,NaN,NaN,true,NaN,true,NaN,98.1,46.8,NaN,NaN,NaN,NaN,NaN,0.1296558529138565,0.0,3,2,true,NaN,NaN,NaN,NaN,NaN,NaN,,,,,,,,,,,,,,,,,,,,,,,,,,,,
anga7587r1zv4ey71ge9zxol3,Lyngby,2828326685,806,16,2,87,28,Í. Þorvaldsson,5k2hgogp2g5ivgdnq99ejp27e,1,87.3,41.8,2025-07-20T14:45:26.813,2025-07-20T14:49:30,1.0,"{""id"": 5802868877, ""qualifierId"": 56, ""value"": ""Center""}",bu0ez9a5mhcxh9c23fny7d7h0,Esbjerg vs Lyngby,1_Division,2025-07-20,DNK,NaN,NaN,true,NaN,true,NaN,true,NaN,NaN,NaN,true,Center,NaN,NaN,NaN,NaN,NaN,NaN,true,NaN,NaN,NaN,NaN,NaN,NaN,NaN,NaN,53.9,7.0,NaN,NaN,true,NaN,NaN,true,NaN,true,NaN,98.2,48.6,NaN,true,NaN,NaN,NaN,0.4276219308376312,0.41177791357040405,1,1,NaN,NaN,2025-07-20 15:45:25.946,87:28.123,NaN,NaN,NaN,,,,,,,,,,,,,,,,,,,,,,,,,,,,
f1h34qp5zbfl489q8vnkhiq9s,Esbjerg,2828327949,817,15,2,93,34,A. Skipper,aqc0qritba195wf770gyd1149,1,91.8,35.4,2025-07-20T14:51:32.786,2025-07-20T14:52:12,1.0,"{""id"": 5802876307, ""qualifierId"": 103, ""value"": ""17.1""}",bu0ez9a5mhcxh9c23fny7d7h0,Esbjerg vs Lyngby,1_Division,2025-07-20,DNK,NaN,true,NaN,NaN,NaN,NaN,NaN,true,NaN,NaN,true,Center,NaN,true,NaN,NaN,NaN,NaN,NaN,NaN,NaN,true,NaN,NaN,NaN,NaN,NaN,47.9,17.1,NaN,NaN,NaN,98.5,47.1,true,NaN,NaN,NaN,NaN,NaN,848,NaN,NaN,NaN,NaN,0.02205786667764187,0.043160632252693176,2,2,true,NaN,NaN,NaN,NaN,NaN,NaN,,,,,,,,,,,,,,,,,,,,,,,,,,,,
anga7587r1zv4ey71ge9zxol3,Lyngby,2828327711,841,13,2,92,30,G. Mortensen,bvw5oc4c040ey5dt5wn0choiy,1,74.9,59.9,2025-07-20T14:50:28.790,2025-07-20T14:51:37,1.0,"{""id"": 5802907109, ""qualifierId"": 215}",bu0ez9a5mhcxh9c23fny7d7h0,Esbjerg vs Lyngby,1_Division,2025-07-20,DNK,NaN,NaN,NaN,true,NaN,true,NaN,NaN,NaN,NaN,true,Center,NaN,NaN,NaN,true,NaN,true,NaN,NaN,NaN,NaN,NaN,NaN,NaN,NaN,NaN,40.2,9.7,NaN,NaN,NaN,NaN,NaN,NaN,NaN,NaN,true,99.1,51.3,NaN,NaN,NaN,NaN,NaN,0.02781704068183899,0.0,1,2,true,NaN,NaN,NaN,NaN,NaN,NaN,,,,,,,,,,,,,,,,,,,,,,,,,,,,
anga7587r1zv4ey71ge9zxol3,Lyngby,2829146913,75,13,1,7,34,L. Sandgrav,6d0lxiep13vdv32bdb0xwyrys,1,91.8,61.5,2025-07-25T17:08:35.008,2025-07-25T17:09:44,1.0,"{""id"": 5807474111, ""qualifierId"": 22}",bv5hq3a2l18r08hexey9bahhw,Lyngby vs B 93,1_Division,2025-07-25,DNK,,NaN,true,NaN,true,true,NaN,,NaN,,true,Center,,NaN,NaN,NaN,NaN,,NaN,NaN,,NaN,true,NaN,NaN,,NaN,40.5,76.4,true,NaN,,NaN,NaN,true,,NaN,NaN,99.5,51.3,NaN,,,,,0.11278367787599564,0.0,1,2,true,,NaN,NaN,,NaN,,,,,,,,,,,NaN,NaN,NaN,NaN,NaN,NaN,NaN,NaN,,,,,,,,,,,
ajtb177oqwawkdwbqhldmq6mx,B 93,2829149429,188,15,1,15,38,K. Grabovskis,3u184ybkonoa5ubxjzoy06ntg,1,84.7,66.4,2025-07-25T17:16:38.707,2025-07-25T17:17:53,1.0,"{""id"": 5807488873, ""qualifierId"": 102, ""value"": ""50.5""}",bv5hq3a2l18r08hexey9bahhw,Lyngby vs B 93,1_Division,2025-07-25,DNK,,NaN,NaN,NaN,true,true,NaN,,NaN,,true,Center,,NaN,true,NaN,NaN,,NaN,true,,NaN,NaN,true,NaN,,NaN,50.5,19,NaN,NaN,,88.0,63.0,true,,NaN,NaN,99.3,51.8,132,,,,,0.022152412682771683,0.0,3,3,NaN,,NaN,NaN,,NaN,,,,,,,,,,,NaN,NaN,NaN,NaN,NaN,NaN,NaN,NaN,,,,,,,,,,,
anga7587r1zv4ey71ge9zxol3,Lyngby,2829151707,189,13,1,23,15,J. Cornelius,8gdfn7j6xac9p4jh94hk40jdg,1,77.1,40.7,2025-07-25T17:24:15.335,2025-07-25T17:25:22,NaN,"{""id"": 5807501793, ""qualifierId"": 102, ""value"": ""42.5""}",bv5hq3a2l18r08hexey9bahhw,Lyngby vs B 93,1_Division,2025-07-25,DNK,,NaN,NaN,true,true,true,NaN,,NaN,,NaN,Center,,NaN,NaN,NaN,NaN,,NaN,NaN,,NaN,true,NaN,NaN,,NaN,42.5,90.3,NaN,NaN,,NaN,NaN,NaN,,NaN,true,98.5,48.9,NaN,,,,,0.03353261202573776,0.0,2,2,NaN,,NaN,NaN,,true,,,,,,,,,,,NaN,NaN,NaN,NaN,NaN,NaN,NaN,NaN,,,,,,,,,,,
ajtb177oqwawkdwbqhldmq6mx,B 93,2829150025,206,15,1,17,24,M. Wohlgemuth,e8vt8711wb40afht2v13omket,1,76.8,39.5,2025-07-25T17:18:24.762,2025-07-25T17:19:43,NaN,"{""id"": 5807491711, ""qualifierId"": 18}",bv5hq3a2l18r08hexey9bahhw,Lyngby vs B 93,1_Division,2025-07-25,DNK,,NaN,NaN,true,true,true,NaN,,NaN,,NaN,Center,,NaN,NaN,NaN,NaN,,NaN,true,,NaN,NaN,true,NaN,,NaN,48.5,19,true,NaN,,82.7,41.7,NaN,,NaN,true,99.0,48.6,141,,,,,0.017811769619584084,0.0,1,3,true,,NaN,NaN,,true,,,,,,,,,,,NaN,NaN,NaN,NaN,NaN,NaN,NaN,NaN,,,,,,,,,,,
anga7587r1zv4ey71ge9zxol3,Lyngby,2829155323,274,15,1,34,39,O. Buur,8822s8ns7oyvjqade4oaxzg0l,1,85.9,33.1,2025-07-25T17:35:39.850,2025-07-25T17:36:53,1.0,"{""id"": 5807522423, ""qualifierId"": 22}",bv5hq3a2l18r08hexey9bahhw,Lyngby vs B 93,1_Division,2025-07-25,DNK,,NaN,NaN,NaN,true,true,NaN,,NaN,,true,Center,,true,NaN,NaN,NaN,,NaN,NaN,,true,NaN,true,NaN,,NaN,47.2,15.3,NaN,NaN,,89.4,37.2,true,,NaN,NaN,98.9,46.6,370,,,,,0.05115020275115967,0.0,2,2,NaN,,NaN,NaN,,NaN,,,,,,,,,,,NaN,NaN,NaN,NaN,NaN,NaN,NaN,NaN,,,,,,,,,,,
ajtb177oqwawkdwbqhldmq6mx,B 93,2829152625,303,15,1,26,22,C. Björk,x3ad9hfxts6jpfugy3kvq9d5,1,90.8,55.8,2025-07-25T17:27:22.207,2025-07-27T08:29:16,1.0,"{""id"": 5807507115, ""qualifierId"": 214}",bv5hq3a2l18r08hexey9bahhw,Lyngby vs B 93,1_Division,2025-07-25,DNK,,true,true,NaN,NaN,true,NaN,,NaN,,true,Center,,NaN,NaN,NaN,NaN,,NaN,true,,NaN,NaN,NaN,NaN,,NaN,51.1,3.8,NaN,NaN,,99.1,50.5,true,,true,NaN,NaN,NaN,210,,,,,0.0687972903251648,0.058466795831918716,2,1,true,,NaN,NaN,,NaN,,,,,,,,,,,NaN,NaN,NaN,NaN,NaN,NaN,NaN,NaN,,,,,,,,,,,
ajtb177oqwawkdwbqhldmq6mx,B 93,2829153813,349,13,1,30,34,F. Isaki,86mx27krl6c613x6e3t9g3cic,1,92.3,58.5,2025-07-25T17:31:34.806,2025-07-25T17:33:04,1.0,"{""id"": 5807514811, ""qualifierId"": 231, ""value"": ""52.5""}",bv5hq3a2l18r08hexey9bahhw,Lyngby vs B 93,1_Division,2025-07-25,DNK,,NaN,true,NaN,NaN,true,NaN,,NaN,,true,Center,,NaN,NaN,true,NaN,,NaN,NaN,,NaN,NaN,NaN,NaN,,NaN,56.8,16.7,NaN,NaN,,NaN,NaN,true,,true,NaN,98.8,52.5,NaN,,,,,0.16196070611476898,0.0,2,2,true,,NaN,NaN,,NaN,,,,,,,,,,,NaN,NaN,true,NaN,NaN,NaN,NaN,NaN,,,,,,,,,,,
ajtb177oqwawkdwbqhldmq6mx,B 93,2829154251,357,16,1,31,40,F. Isaki,86mx27krl6c613x6e3t9g3cic,1,85.9,40.3,2025-07-25T17:32:40.854,2025-07-28T09:29:08,1.0,"{""id"": 5807518397, ""qualifierId"": 121}",bv5hq3a2l18r08hexey9bahhw,Lyngby vs B 93,1_Division,2025-07-25,DNK,,NaN,true,NaN,NaN,NaN,true,,NaN,,true,Center,,NaN,NaN,true,NaN,,true,NaN,,NaN,NaN,NaN,NaN,,NaN,54.2,12.0,NaN,true,,NaN,NaN,true,,NaN,true,99.0,48.9,NaN,,,,,0.1341564953327179,0.8331576585769653,2,2,NaN,,2025-07-25 18:32:39.882,31:39.769,,NaN,,,,,,,,,,,NaN,NaN,NaN,NaN,NaN,98.9,52.5,NaN,,,,,,,,,,,
ajtb177oqwawkdwbqhldmq6mx,B 93,2829158073,418,15,1,41,0,N. Mouritsen,eyvv6b94feknnp1uew6n0ytat,1,75.6,46.8,2025-07-25T17:42:00.954,2025-07-25T17:49:40,1.0,"{""id"": 5807552913, ""qualifierId"": 102, ""value"": ""53.1""}",bv5hq3a2l18r08hexey9bahhw,Lyngby vs B 93,1_Division,2025-07-25,DNK,,NaN,NaN,true,NaN,NaN,NaN,,true,,true,Center,,NaN,NaN,true,NaN,,true,NaN,,NaN,NaN,true,NaN,,NaN,53.1,19,NaN,NaN,,87.3,49.8,NaN,,NaN,true,98.9,48.2,335,,,,,0.028213977813720703,0.0,2,3,NaN,,NaN,NaN,,NaN,,,,,,,,,,,NaN,NaN,NaN,NaN,NaN,NaN,NaN,NaN,,,,,,,,,,,
anga7587r1zv4ey71ge9zxol3,Lyngby,2829164463,428,13,2,47,45,Í. Þorvaldsson,5k2hgogp2g5ivgdnq99ejp27e,1,92.6,47.9,2025-07-25T18:05:38.606,2025-07-25T18:06:46,1.0,"{""id"": 5811360197, ""qualifierId"": 214}",bv5hq3a2l18r08hexey9bahhw,Lyngby vs B 93,1_Division,2025-07-25,DNK,,NaN,true,NaN,true,true,NaN,,NaN,,true,Center,,NaN,NaN,NaN,NaN,,NaN,NaN,,NaN,NaN,NaN,true,,NaN,43.4,9.7,NaN,NaN,,NaN,NaN,true,,true,NaN,99.5,48.0,NaN,,,,,0.17086055874824524,0.0,3,2,true,,NaN,NaN,,NaN,,,,,,,,,,,NaN,NaN,NaN,NaN,NaN,NaN,NaN,NaN,,,,,,,,,,,
ajtb177oqwawkdwbqhldmq6mx,B 93,2829158727,442,15,1,42,47,C. Björk,x3ad9hfxts6jpfugy3kvq9d5,1,91.5,42.5,2025-07-25T17:43:47.906,2025-07-27T09:29:05,1.0,"{""id"": 5807542287, ""qualifierId"": 233, ""value"": ""347""}",bv5hq3a2l18r08hexey9bahhw,Lyngby vs B 93,1_Division,2025-07-25,DNK,,NaN,true,NaN,NaN,true,NaN,,NaN,,true,Center,,NaN,NaN,true,NaN,,NaN,true,,NaN,NaN,NaN,NaN,,NaN,49.2,3.2,NaN,NaN,,99.1,48.2,true,,NaN,NaN,NaN,NaN,347,,,,,0.1028084009885788,0.12224171310663223,3,2,NaN,,NaN,NaN,,NaN,,,,,,,,,,,NaN,NaN,NaN,true,NaN,NaN,NaN,NaN,,,,,,,,,,,
anga7587r1zv4ey71ge9zxol3,Lyngby,2829166249,476,13,2,53,40,G. Fraulo,6zhj070huc77sl5o5bx6ey5g4,1,76.0,67.9,2025-07-25T18:11:33.455,2025-07-25T18:12:42,1.0,"{""id"": 5807584407, ""qualifierId"": 102, ""value"": ""41.8""}",bv5hq3a2l18r08hexey9bahhw,Lyngby vs B 93,1_Division,2025-07-25,DNK,,NaN,NaN,true,true,true,NaN,,NaN,,true,Center,,NaN,NaN,NaN,NaN,,NaN,NaN,,NaN,NaN,NaN,true,,NaN,41.8,19.4,NaN,NaN,,NaN,NaN,NaN,,NaN,true,98.8,51.4,NaN,,,,,0.012600613757967949,0.0,3,2,NaN,,NaN,NaN,,NaN,,,,,,,,,,,NaN,NaN,NaN,NaN,NaN,NaN,NaN,NaN,,,,,,,,,,,
anga7587r1zv4ey71ge9zxol3,Lyngby,2829168225,541,15,2,60,2,P. Langhoff,79b0b6eqck5vn4b3fawxsaok,1,79.0,51.3,2025-07-25T18:17:55.261,2025-07-25T18:22:25,NaN,"{""id"": 5807600655, ""qualifierId"": 146, ""value"": ""83.6""}",bv5hq3a2l18r08hexey9bahhw,Lyngby vs B 93,1_Division,2025-07-25,DNK,,NaN,NaN,true,true,true,NaN,,NaN,,NaN,Center,,NaN,NaN,NaN,NaN,,NaN,true,,NaN,NaN,true,NaN,,NaN,51.1,19,NaN,NaN,,83.6,51.3,NaN,,NaN,true,98.9,49.8,620,,,,,0.05569060519337654,0.0,2,3,NaN,,NaN,NaN,,true,,,,,,,,,,,NaN,NaN,NaN,NaN,NaN,NaN,NaN,NaN,,,,,,,,,,,
anga7587r1zv4ey71ge9zxol3,Lyngby,2829168513,556,15,2,60,57,G. Fraulo,6zhj070huc77sl5o5bx6ey5g4,1,84.7,57.9,2025-07-25T18:18:50.320,2025-07-27T11:29:07,1.0,"{""id"": 5807597409, ""qualifierId"": 233, ""value"": ""624""}",bv5hq3a2l18r08hexey9bahhw,Lyngby vs B 93,1_Division,2025-07-25,DNK,,NaN,true,NaN,NaN,true,NaN,,NaN,,true,Center,,NaN,NaN,true,NaN,,NaN,NaN,,NaN,NaN,NaN,NaN,,NaN,53.9,20.9,NaN,NaN,,98.9,52.5,true,,NaN,NaN,NaN,NaN,624,,,,,0.14074687659740448,0.27432021498680115,1,3,NaN,,NaN,NaN,,NaN,,,,,,,,,,,NaN,true,NaN,NaN,NaN,NaN,NaN,NaN,,,,,,,,,,,
ajtb177oqwawkdwbqhldmq6mx,B 93,2829166483,563,15,2,54,21,A. Ahmad,4csz412vb3lquessbnf999ct0,1,86.1,25.2,2025-07-25T18:12:14.111,2025-07-25T18:13:24,1.0,"{""id"": 5807761415, ""qualifierId"": 231, ""value"": ""45.8""}",bv5hq3a2l18r08hexey9bahhw,Lyngby vs B 93,1_Division,2025-07-25,DNK,,NaN,NaN,NaN,true,true,NaN,,NaN,,true,Center,,true,NaN,NaN,NaN,,NaN,true,,NaN,NaN,true,NaN,,NaN,49.2,19.4,NaN,NaN,,87.2,27.1,NaN,,NaN,true,98.6,45.8,479,,,,,0.01709660515189171,0.0,3,2,NaN,,NaN,NaN,,NaN,,,,,,,,,,,NaN,NaN,NaN,NaN,NaN,NaN,NaN,NaN,,,,,,,,,,,
anga7587r1zv4ey71ge9zxol3,Lyngby,2829170787,624,16,2,70,15,Í. Þorvaldsson,5k2hgogp2g5ivgdnq99ejp27e,1,86.7,56.0,2025-07-25T18:28:08.491,2025-07-28T06:11:14,NaN,"{""id"": 5807772397, ""qualifierId"": 328}",bv5hq3a2l18r08hexey9bahhw,Lyngby vs B 93,1_Division,2025-07-25,DNK,,NaN,true,NaN,NaN,true,NaN,,NaN,,NaN,Center,,NaN,NaN,true,NaN,,NaN,true,,NaN,NaN,NaN,NaN,,NaN,50.8,1.9,NaN,NaN,,NaN,NaN,NaN,,true,NaN,86.7,51.1,NaN,,,,,0.7071329355239868,0.9930980801582336,1,0,true,,2025-07-25 19:28:07.618,70:14.868,,true,,,,,,,,,,,NaN,NaN,NaN,NaN,NaN,86.7,50.7,721,,,,,,,,,,,
anga7587r1zv4ey71ge9zxol3,Lyngby,2829171703,658,15,2,74,41,Í. Þorvaldsson,5k2hgogp2g5ivgdnq99ejp27e,1,92.7,57.7,2025-07-25T18:32:34.440,2025-07-25T18:38:56,1.0,"{""id"": 5807615093, ""qualifierId"": 56, ""value"": ""Center""}",bv5hq3a2l18r08hexey9bahhw,Lyngby vs B 93,1_Division,2025-07-25,DNK,,NaN,true,NaN,NaN,NaN,true,,NaN,,true,Center,,NaN,NaN,true,NaN,,true,NaN,,NaN,NaN,true,NaN,,true,53.2,19,NaN,NaN,,94.3,56.7,true,,NaN,NaN,98.4,52.9,770,,,,,0.16959652304649353,0.0,3,2,NaN,,NaN,NaN,,NaN,,,,,,,,,,,NaN,NaN,NaN,NaN,NaN,NaN,NaN,NaN,,,,,,,,,,,
ajtb177oqwawkdwbqhldmq6mx,B 93,2829169775,697,13,2,66,36,N. Mouritsen,eyvv6b94feknnp1uew6n0ytat,1,72.6,54.2,2025-07-25T18:24:28.970,2025-07-25T18:25:38,1.0,"{""id"": 5807604723, ""qualifierId"": 215}",bv5hq3a2l18r08hexey9bahhw,Lyngby vs B 93,1_Division,2025-07-25,DNK,,NaN,NaN,true,NaN,true,NaN,,NaN,,true,Center,,NaN,NaN,true,true,,NaN,NaN,,NaN,NaN,NaN,NaN,,NaN,49.1,63.9,NaN,NaN,,NaN,NaN,NaN,,NaN,true,99.1,48.2,NaN,,,,,0.03712211549282074,0.0,1,2,NaN,,NaN,NaN,,NaN,,,,,,,,,,,NaN,NaN,NaN,NaN,NaN,NaN,NaN,NaN,,,,,,,,,,,
anga7587r1zv4ey71ge9zxol3,Lyngby,2829177487,784,15,2,88,30,B. Blume,1acmsp1ulfijcrryff1qibdud,1,85.2,57.3,2025-07-25T18:46:22.770,2025-07-28T08:29:20,1.0,"{""id"": 5807699715, ""qualifierId"": 322, ""value"": ""0.3568771779537201""}",bv5hq3a2l18r08hexey9bahhw,Lyngby vs B 93,1_Division,2025-07-25,DNK,,NaN,true,NaN,true,NaN,true,,NaN,,true,Center,,NaN,NaN,NaN,NaN,,true,NaN,,NaN,NaN,NaN,NaN,,NaN,53.9,4.4,NaN,NaN,,99.0,52.3,true,,NaN,NaN,NaN,NaN,895,,,,,0.05670596659183502,0.3568771779537201,3,3,NaN,,NaN,NaN,,NaN,,,,,,,,,,,NaN,NaN,NaN,NaN,true,NaN,NaN,NaN,,,,,,,,,,,
ajtb177oqwawkdwbqhldmq6mx,B 93,2829179031,925,13,2,91,36,E. Nnamani,8i0o1b8rjsab9se3v6vteqmfo,1,94.9,29.3,2025-07-25T18:49:29.258,2025-07-25T18:50:36,1.0,"{""id"": 5807896577, ""qualifierId"": 215}",bv5hq3a2l18r08hexey9bahhw,Lyngby vs B 93,1_Division,2025-07-25,DNK,,NaN,NaN,NaN,true,true,NaN,,NaN,,true,Center,,NaN,NaN,NaN,NaN,,NaN,NaN,,NaN,NaN,NaN,true,,NaN,42.7,18.1,NaN,NaN,,NaN,NaN,NaN,,NaN,true,99.1,45.7,NaN,,,,,0.03207327425479889,0.0,3,2,NaN,,NaN,NaN,,NaN,,,,,,,,,,,true,NaN,NaN,NaN,NaN,NaN,NaN,NaN,,,,,,,,,,,
anga7587r1zv4ey71ge9zxol3,Lyngby,2831059519,33,13,1,4,44,M. Warming,diwrq7ulrey4juxk4dafct0q1,1,91.1,62.4,2025-08-02T12:05:57.426,2025-08-02T12:09:29,NaN,"{""id"": 5818129565, ""qualifierId"": 326, ""value"": ""3""}",bxpm9jzr611txx6e47jnhg104,Aarhus Fremad vs Lyngby,1_Division,2025-08-02,DNK,,NaN,true,NaN,NaN,true,NaN,NaN,NaN,,NaN,Center,,NaN,NaN,true,NaN,NaN,NaN,NaN,NaN,NaN,NaN,NaN,,,NaN,57.6,16.7,NaN,NaN,,NaN,NaN,NaN,,NaN,NaN,99.0,53.3,NaN,,,,,0.06685159355401993,0.0,3,2,true,,NaN,NaN,,true,,,,,,,,,,,,NaN,true,,,NaN,NaN,NaN,NaN,NaN,NaN,NaN,NaN,NaN,NaN,,,,
anga7587r1zv4ey71ge9zxol3,Lyngby,2831061103,63,13,1,8,21,M. Warming,diwrq7ulrey4juxk4dafct0q1,1,86.2,55.8,2025-08-02T12:09:34.015,2025-08-02T12:10:47,NaN,"{""id"": 5818138405, ""qualifierId"": 326, ""value"": ""3""}",bxpm9jzr611txx6e47jnhg104,Aarhus Fremad vs Lyngby,1_Division,2025-08-02,DNK,,NaN,true,NaN,true,true,NaN,NaN,NaN,,NaN,Center,,NaN,NaN,NaN,NaN,NaN,NaN,NaN,NaN,NaN,NaN,NaN,,,NaN,60.2,62.5,NaN,NaN,,NaN,NaN,NaN,,NaN,NaN,98.8,51.3,NaN,,,,,0.06851702928543091,0.0,3,2,true,,NaN,NaN,,true,,,,,,,,,,,,true,NaN,,,NaN,NaN,NaN,NaN,NaN,NaN,NaN,NaN,NaN,NaN,,,,
anga7587r1zv4ey71ge9zxol3,Lyngby,2831062727,93,16,1,11,29,M. Warming,diwrq7ulrey4juxk4dafct0q1,1,87.6,38.2,2025-08-02T12:12:42.310,2025-08-06T15:29:10,1.0,"{""id"": 5818148663, ""qualifierId"": 76}",bxpm9jzr611txx6e47jnhg104,Aarhus Fremad vs Lyngby,1_Division,2025-08-02,DNK,,NaN,true,NaN,true,NaN,true,NaN,NaN,,true,Center,,NaN,NaN,NaN,NaN,NaN,true,NaN,NaN,NaN,NaN,NaN,,,NaN,52.6,2.5,NaN,NaN,,NaN,NaN,true,,true,NaN,91.1,41.2,NaN,,,,,0.10412795096635818,0.3696000576019287,3,2,true,,2025-08-02 13:12:41.392,11:28.608,,NaN,,,,,,,,,,,,NaN,NaN,,,10.3,60.5,NaN,NaN,NaN,NaN,true,NaN,NaN,NaN,,,,
bfwi3pjyg3whbn0tpsz19e8hq,Aarhus Fremad,2831064423,209,13,1,15,56,S. Bækgård,5o1k2hd9rdooxpjgbnabuh94a,1,76.2,47.4,2025-08-02T12:17:09.223,2025-08-02T12:18:21,1.0,"{""id"": 5818157585, ""qualifierId"": 22}",bxpm9jzr611txx6e47jnhg104,Aarhus Fremad vs Lyngby,1_Division,2025-08-02,DNK,,NaN,NaN,true,true,true,NaN,NaN,NaN,,true,Center,,NaN,NaN,NaN,NaN,NaN,NaN,NaN,NaN,NaN,NaN,NaN,,,NaN,59.3,8.3,NaN,NaN,,NaN,NaN,NaN,,NaN,true,99.4,51.4,NaN,,,,,0.030104337260127068,0.0,2,3,true,,NaN,NaN,,NaN,,,,,,,,,,,,NaN,NaN,,,NaN,NaN,NaN,NaN,NaN,true,NaN,NaN,NaN,NaN,,,,
bfwi3pjyg3whbn0tpsz19e8hq,Aarhus Fremad,2831066007,250,15,1,19,34,M. Kubel,az9olsp7tglzt73awei9a4cgk,1,89.2,66.0,2025-08-02T12:20:47.037,2025-08-06T15:29:11,1.0,"{""id"": 5818166559, ""qualifierId"": 56, ""value"": ""Center""}",bxpm9jzr611txx6e47jnhg104,Aarhus Fremad vs Lyngby,1_Division,2025-08-02,DNK,,NaN,NaN,NaN,true,true,NaN,NaN,NaN,,true,Center,,NaN,true,NaN,NaN,NaN,true,NaN,NaN,NaN,NaN,NaN,,,NaN,52.4,5.7,NaN,NaN,,99.3,52.2,NaN,,NaN,NaN,NaN,NaN,142,,,,,0.06566218286752701,0.09588110446929932,2,2,NaN,,NaN,NaN,,NaN,,,,,,,,,,,,NaN,NaN,,,NaN,NaN,NaN,NaN,NaN,NaN,NaN,NaN,NaN,NaN,,,,
anga7587r1zv4ey71ge9zxol3,Lyngby,2831073507,285,15,1,38,17,M. Ivančević,eq15hjcxpdrl5vca2q7s4tr3e,1,91.7,33.6,2025-08-02T12:39:30.159,2025-08-02T12:40:43,NaN,"{""id"": 5818209889, ""qualifierId"": 146, ""value"": ""94.7""}",bxpm9jzr611txx6e47jnhg104,Aarhus Fremad vs Lyngby,1_Division,2025-08-02,DNK,,NaN,NaN,NaN,true,NaN,NaN,NaN,true,,NaN,Center,,true,NaN,NaN,NaN,NaN,NaN,NaN,NaN,true,NaN,true,,,true,47.4,19,true,NaN,,94.7,38.6,NaN,,NaN,NaN,99.0,47.7,415,,,,,0.030655980110168457,0.0,2,3,true,,NaN,NaN,,true,,,,,,,,,,,,NaN,NaN,,,NaN,NaN,NaN,NaN,NaN,NaN,NaN,NaN,NaN,NaN,,,,
anga7587r1zv4ey71ge9zxol3,Lyngby,2831075357,343,15,1,38,14,O. Buur,8822s8ns7oyvjqade4oaxzg0l,1,87.5,38.7,2025-08-02T12:39:27.486,2025-08-02T12:45:53,1.0,"{""id"": 5818221609, ""qualifierId"": 230, ""value"": ""98.6""}",bxpm9jzr611txx6e47jnhg104,Aarhus Fremad vs Lyngby,1_Division,2025-08-02,DNK,,NaN,true,NaN,true,NaN,NaN,NaN,true,,true,Center,,NaN,NaN,NaN,NaN,NaN,NaN,NaN,NaN,true,NaN,true,,,true,48.2,19,NaN,NaN,,95.5,44.8,true,,NaN,NaN,98.6,47.7,413,,,,,0.048580609261989594,0.0,2,3,true,,NaN,NaN,,NaN,,,,,,,,,,,,NaN,NaN,,,NaN,NaN,NaN,NaN,NaN,NaN,NaN,NaN,NaN,NaN,,,,
bfwi3pjyg3whbn0tpsz19e8hq,Aarhus Fremad,2831070467,345,13,1,30,34,A. Pisani,2lvlyvfvdoz7kyqtib6jm9btg,1,90.5,57.0,2025-08-02T12:31:47.357,2025-08-02T12:33:03,1.0,"{""id"": 5818192353, ""qualifierId"": 29}",bxpm9jzr611txx6e47jnhg104,Aarhus Fremad vs Lyngby,1_Division,2025-08-02,DNK,,true,true,NaN,NaN,NaN,NaN,true,NaN,,true,Center,,NaN,NaN,NaN,NaN,NaN,NaN,NaN,NaN,NaN,NaN,NaN,,,NaN,56.6,13.9,NaN,NaN,,NaN,NaN,true,,NaN,NaN,97.8,50.7,NaN,,,,,0.039370231330394745,0.0,3,2,true,,NaN,NaN,,NaN,,,,,,,,,,,,NaN,true,,,NaN,NaN,NaN,NaN,NaN,NaN,NaN,NaN,NaN,NaN,,,,
bfwi3pjyg3whbn0tpsz19e8hq,Aarhus Fremad,2831070973,356,13,1,32,13,K. Lunding,6zxcmzp7w6esj54g05tvk7ai1,1,78.1,36.8,2025-08-02T12:33:26.228,2025-08-02T12:34:34,1.0,"{""id"": 5818195091, ""qualifierId"": 72}",bxpm9jzr611txx6e47jnhg104,Aarhus Fremad vs Lyngby,1_Division,2025-08-02,DNK,,NaN,NaN,true,NaN,true,NaN,NaN,NaN,,true,Center,,NaN,NaN,true,NaN,NaN,NaN,NaN,NaN,NaN,NaN,NaN,,,NaN,60.7,22.2,NaN,true,,NaN,NaN,NaN,,NaN,true,97.7,50.5,NaN,,,,,0.04387595131993294,0.0,2,2,NaN,,NaN,NaN,,NaN,,,,,,,,,,,,NaN,NaN,,,NaN,NaN,NaN,NaN,NaN,true,NaN,NaN,NaN,NaN,,,,
bfwi3pjyg3whbn0tpsz19e8hq,Aarhus Fremad,2831072179,392,15,1,35,13,E. Egerton,8rqctff92ui8fanzbk6skyyac,1,84.7,52.6,2025-08-02T12:36:26.284,2025-08-06T15:29:09,1.0,"{""id"": 5818202059, ""qualifierId"": 56, ""value"": ""Center""}",bxpm9jzr611txx6e47jnhg104,Aarhus Fremad vs Lyngby,1_Division,2025-08-02,DNK,,NaN,true,NaN,true,true,NaN,NaN,NaN,,true,Center,,NaN,NaN,NaN,NaN,NaN,NaN,true,NaN,NaN,NaN,true,,,NaN,49.5,19,NaN,NaN,,88.6,51.8,NaN,,NaN,NaN,98.8,50,767,,,,,0.08999825268983841,0.0,2,3,true,,NaN,NaN,,NaN,,,,,,,,,,,,NaN,NaN,,,NaN,NaN,NaN,NaN,NaN,NaN,NaN,NaN,NaN,NaN,,,,
bfwi3pjyg3whbn0tpsz19e8hq,Aarhus Fremad,2831072435,397,15,1,35,57,M. Kubel,az9olsp7tglzt73awei9a4cgk,1,91.4,67.5,2025-08-02T12:37:09.924,2025-08-06T15:29:07,NaN,"{""id"": 5818203635, ""qualifierId"": 64}",bxpm9jzr611txx6e47jnhg104,Aarhus Fremad vs Lyngby,1_Division,2025-08-02,DNK,,NaN,NaN,NaN,NaN,NaN,NaN,NaN,true,,NaN,Center,,NaN,true,true,NaN,NaN,true,NaN,NaN,NaN,NaN,NaN,,,NaN,53.2,4.4,NaN,NaN,,98.4,53.4,NaN,,NaN,NaN,NaN,NaN,257,,,,,0.03393418714404106,0.18768393993377686,2,2,true,,NaN,NaN,,true,,,,,,,,,,,,NaN,NaN,,,NaN,NaN,NaN,NaN,NaN,NaN,NaN,NaN,NaN,NaN,,,,
anga7587r1zv4ey71ge9zxol3,Lyngby,2831089339,546,15,2,64,47,M. Hebo,b13l1wrb747y9cdc8wqltan6d,1,84.3,38.5,2025-08-02T13:22:01.262,2025-08-02T13:23:35,1.0,"{""id"": 5818300511, ""qualifierId"": 102, ""value"": ""51.4""}",bxpm9jzr611txx6e47jnhg104,Aarhus Fremad vs Lyngby,1_Division,2025-08-02,DNK,,NaN,true,NaN,true,true,NaN,NaN,NaN,,true,Center,,NaN,NaN,NaN,NaN,NaN,NaN,true,NaN,NaN,NaN,true,,,NaN,51.4,19,NaN,NaN,,93.0,45.7,true,,NaN,NaN,98.0,47.1,667,,,,,0.057357411831617355,0.0,2,3,true,,NaN,NaN,,NaN,,,,,,,,,,,,NaN,NaN,,,NaN,NaN,NaN,NaN,NaN,NaN,NaN,NaN,NaN,NaN,,,,
anga7587r1zv4ey71ge9zxol3,Lyngby,2831089553,549,15,2,65,35,J. Meyer,839pm7rmjp6q1bt52f7ek9vys,1,89.9,42.1,2025-08-02T13:22:49.462,2025-08-06T16:23:43,1.0,"{""id"": 5818304401, ""qualifierId"": 147, ""value"": ""49.5""}",bxpm9jzr611txx6e47jnhg104,Aarhus Fremad vs Lyngby,1_Division,2025-08-02,DNK,,true,true,NaN,NaN,NaN,NaN,NaN,true,,true,Center,,NaN,NaN,NaN,NaN,NaN,NaN,NaN,true,NaN,NaN,NaN,,,NaN,50.5,23.4,NaN,NaN,,99.1,49.5,true,,NaN,NaN,NaN,NaN,670,,,,,0.030396467074751854,0.017992839217185974,1,3,true,,NaN,NaN,,NaN,,,,,,,,,,,,NaN,NaN,,,NaN,NaN,NaN,NaN,NaN,NaN,NaN,NaN,NaN,NaN,,,,
bfwi3pjyg3whbn0tpsz19e8hq,Aarhus Fremad,2831084325,554,14,2,51,55,S. Bækgård,5o1k2hd9rdooxpjgbnabuh94a,1,81.9,52.6,2025-08-02T13:09:08.670,2025-08-02T13:10:37,1.0,"{""id"": 5818272569, ""qualifierId"": 29}",bxpm9jzr611txx6e47jnhg104,Aarhus Fremad vs Lyngby,1_Division,2025-08-02,DNK,,NaN,NaN,true,true,true,NaN,NaN,NaN,,true,Center,,NaN,NaN,NaN,true,NaN,NaN,NaN,NaN,NaN,NaN,NaN,,,NaN,47.6,39.2,NaN,NaN,,NaN,NaN,true,,NaN,NaN,98.4,48.7,NaN,,,,,0.07901012152433395,0.0,2,2,true,,NaN,NaN,,NaN,,,,,,,,,,,,NaN,NaN,,,NaN,NaN,NaN,NaN,NaN,NaN,NaN,NaN,NaN,NaN,,,,
bfwi3pjyg3whbn0tpsz19e8hq,Aarhus Fremad,2831085455,575,13,2,54,54,M. Kubel,az9olsp7tglzt73awei9a4cgk,1,86.7,55.0,2025-08-02T13:12:08.317,2025-08-02T13:13:15,1.0,"{""id"": 5818277883, ""qualifierId"": 22}",bxpm9jzr611txx6e47jnhg104,Aarhus Fremad vs Lyngby,1_Division,2025-08-02,DNK,,NaN,true,NaN,true,true,NaN,NaN,NaN,,true,Center,,NaN,NaN,NaN,true,NaN,NaN,NaN,NaN,NaN,NaN,NaN,,,NaN,49.6,70.8,NaN,NaN,,NaN,NaN,NaN,,NaN,true,97.5,50.7,NaN,,,,,0.1449318379163742,0.0,2,2,NaN,,NaN,NaN,,NaN,,,,,,,,,,,,NaN,NaN,,,NaN,NaN,768,NaN,NaN,NaN,NaN,NaN,NaN,NaN,,,,
anga7587r1zv4ey71ge9zxol3,Lyngby,2831090753,583,15,2,68,53,G. Fraulo,6zhj070huc77sl5o5bx6ey5g4,1,71.8,52.3,2025-08-02T13:26:06.885,2025-08-06T16:23:44,1.0,"{""id"": 5818308097, ""qualifierId"": 233, ""value"": ""702""}",bxpm9jzr611txx6e47jnhg104,Aarhus Fremad vs Lyngby,1_Division,2025-08-02,DNK,,NaN,NaN,true,true,true,NaN,NaN,NaN,,true,Center,,NaN,NaN,NaN,NaN,NaN,NaN,NaN,true,NaN,NaN,NaN,,,NaN,50.3,27.8,NaN,NaN,,99.0,49.5,NaN,,NaN,true,NaN,NaN,702,,,,,0.025445954874157906,0.026860011741518974,1,2,NaN,,NaN,NaN,,NaN,,,,,,,,,,,,NaN,NaN,,,NaN,NaN,NaN,NaN,NaN,NaN,NaN,NaN,NaN,NaN,,,,
anga7587r1zv4ey71ge9zxol3,Lyngby,2831096367,686,15,2,87,29,J. Cornelius,8gdfn7j6xac9p4jh94hk40jdg,1,89.6,62.4,2025-08-02T13:44:43.499,2025-08-02T13:46:09,NaN,"{""id"": 5825051871, ""qualifierId"": 78}",bxpm9jzr611txx6e47jnhg104,Aarhus Fremad vs Lyngby,1_Division,2025-08-02,DNK,,NaN,true,NaN,true,NaN,NaN,NaN,true,,NaN,Center,,NaN,NaN,NaN,NaN,NaN,NaN,true,NaN,NaN,NaN,true,,,NaN,51.4,19,NaN,NaN,,93.3,58.5,NaN,,NaN,NaN,99.3,50.5,892,,,,,0.06622838973999023,0.0,2,3,NaN,,NaN,NaN,,true,,,,,,,,,,,,NaN,NaN,,,NaN,NaN,NaN,NaN,NaN,NaN,NaN,NaN,NaN,NaN,,,,
anga7587r1zv4ey71ge9zxol3,Lyngby,2831096683,692,16,2,88,10,B. Blume,1acmsp1ulfijcrryff1qibdud,1,96.2,50.1,2025-08-02T13:45:24.014,2025-08-06T16:23:43,1.0,"{""id"": 5823640473, ""qualifierId"": 396, ""value"": ""50.4""}",bxpm9jzr611txx6e47jnhg104,Aarhus Fremad vs Lyngby,1_Division,2025-08-02,DNK,,NaN,NaN,NaN,true,NaN,NaN,NaN,true,,true,Center,,NaN,NaN,NaN,NaN,NaN,NaN,NaN,true,NaN,NaN,NaN,,,NaN,49.4,31.6,true,NaN,,NaN,NaN,true,,NaN,NaN,99.1,50.2,NaN,,,,,0.3376117944717407,0.6751227974891663,3,2,NaN,,2025-08-02 14:45:23.775,88:10.220,,NaN,,,,,,,,,,,,NaN,NaN,,,99.0,50.4,NaN,true,NaN,NaN,NaN,NaN,NaN,NaN,,,,
anga7587r1zv4ey71ge9zxol3,Lyngby,2831096863,696,13,2,89,57,J. Cornelius,8gdfn7j6xac9p4jh94hk40jdg,1,93.1,30.1,2025-08-02T13:47:10.886,2025-08-02T13:48:19,1.0,"{""id"": 5825052077, ""qualifierId"": 215}",bxpm9jzr611txx6e47jnhg104,Aarhus Fremad vs Lyngby,1_Division,2025-08-02,DNK,,NaN,NaN,NaN,true,true,NaN,NaN,NaN,,true,Center,,true,NaN,NaN,NaN,NaN,NaN,NaN,NaN,NaN,NaN,NaN,,,NaN,66.2,6.9,NaN,NaN,,NaN,NaN,NaN,,true,true,95.5,37.2,NaN,,,,,0.13200044631958008,0.0,2,1,NaN,,NaN,NaN,,NaN,,,,,,,,,,,,NaN,NaN,,,NaN,NaN,NaN,NaN,NaN,true,NaN,NaN,NaN,NaN,,,,
anga7587r1zv4ey71ge9zxol3,Lyngby,2831097255,712,13,2,91,47,W. Steindorsson,9kxm9u9x44fkygeh5xpag7pqs,1,22.9,64.8,2025-08-02T13:49:01.318,2025-08-02T13:50:07,NaN,"{""id"": 5818346051, ""qualifierId"": 20}",bxpm9jzr611txx6e47jnhg104,Aarhus Fremad vs Lyngby,1_Division,2025-08-02,DNK,,NaN,NaN,NaN,true,NaN,true,NaN,NaN,,NaN,Back,,NaN,NaN,NaN,NaN,true,NaN,NaN,NaN,NaN,NaN,NaN,,,NaN,36.5,26.4,NaN,NaN,,71.5,43.3,NaN,,NaN,true,72.1,46.4,NaN,,,,,0.06699512898921967,0.0,2,2,NaN,,NaN,NaN,,true,,,,,,,,,,,,NaN,NaN,,,NaN,NaN,NaN,NaN,true,NaN,NaN,true,NaN,NaN,,,,
bfwi3pjyg3whbn0tpsz19e8hq,Aarhus Fremad,2831092037,746,13,2,72,15,M. Kaastrup,9nafz0c0x2qvmo5ldm0djmcq1,1,75.2,64.2,2025-08-02T13:29:29.042,2025-08-02T13:30:36,1.0,"{""id"": 5818315387, ""qualifierId"": 321, ""value"": ""0.025757040828466415""}",bxpm9jzr611txx6e47jnhg104,Aarhus Fremad vs Lyngby,1_Division,2025-08-02,DNK,,NaN,NaN,true,true,true,NaN,NaN,NaN,,true,Center,,NaN,NaN,NaN,NaN,NaN,NaN,NaN,NaN,NaN,true,NaN,,,NaN,37.6,75,NaN,NaN,,NaN,NaN,NaN,,NaN,true,99.7,48.0,NaN,,,,,0.025757040828466415,0.0,2,3,NaN,,NaN,NaN,,NaN,,,,,,,,,,,,NaN,NaN,,,NaN,NaN,NaN,NaN,NaN,NaN,NaN,NaN,NaN,NaN,,,,
anga7587r1zv4ey71ge9zxol3,Lyngby,2831098075,748,15,2,96,22,J. Cornelius,8gdfn7j6xac9p4jh94hk40jdg,1,90.2,67.7,2025-08-02T13:53:35.973,2025-08-06T16:23:43,1.0,"{""id"": 5823653513, ""qualifierId"": 324}",bxpm9jzr611txx6e47jnhg104,Aarhus Fremad vs Lyngby,1_Division,2025-08-02,DNK,,NaN,NaN,NaN,true,true,NaN,NaN,NaN,,true,Center,,NaN,true,NaN,NaN,NaN,NaN,true,NaN,NaN,NaN,NaN,,,NaN,50.7,4.4,NaN,NaN,,94.9,59.8,NaN,,true,true,NaN,NaN,962,,,,,0.24304547905921936,0.18480920791625977,1,1,NaN,,NaN,NaN,,NaN,,,,,,,,,,,,NaN,NaN,,,NaN,NaN,NaN,NaN,NaN,NaN,true,NaN,true,NaN,,,,
bfwi3pjyg3whbn0tpsz19e8hq,Aarhus Fremad,2831094357,830,15,2,80,22,Magnus Kirchheiner,5q7msbcrmtsr3b7tykgb6l05w,1,80.2,68.5,2025-08-02T13:37:36.313,2025-08-06T16:23:43,1.0,"{""id"": 5818329239, ""qualifierId"": 326, ""value"": ""1""}",bxpm9jzr611txx6e47jnhg104,Aarhus Fremad vs Lyngby,1_Division,2025-08-02,DNK,,NaN,NaN,true,true,true,NaN,NaN,NaN,,true,Center,,NaN,NaN,NaN,NaN,NaN,NaN,true,NaN,NaN,NaN,NaN,,,NaN,49.4,9.5,NaN,NaN,,98.5,52.5,NaN,,NaN,true,NaN,NaN,644,,,,,0.04487219825387001,0.02284367009997368,1,2,NaN,,NaN,NaN,,NaN,,,,,,,,,,,,NaN,NaN,,,NaN,NaN,NaN,NaN,NaN,NaN,NaN,NaN,NaN,NaN,,,,
bfwi3pjyg3whbn0tpsz19e8hq,Aarhus Fremad,2831094731,845,15,2,81,40,M. Kubel,az9olsp7tglzt73awei9a4cgk,1,78.4,32.7,2025-08-02T13:38:53.673,2025-08-02T13:40:06,1.0,"{""id"": 5818331685, ""qualifierId"": 103, ""value"": ""19""}",bxpm9jzr611txx6e47jnhg104,Aarhus Fremad vs Lyngby,1_Division,2025-08-02,DNK,,NaN,NaN,true,NaN,true,NaN,NaN,NaN,,true,Center,,NaN,NaN,true,NaN,NaN,NaN,true,NaN,NaN,NaN,true,,,NaN,50.1,19,NaN,NaN,,87.3,39.9,true,,NaN,NaN,97.3,45.8,653,,,,,0.05253022164106369,0.0,1,2,NaN,,NaN,NaN,,NaN,,,,,,,,,,,,NaN,NaN,,,NaN,NaN,NaN,NaN,NaN,NaN,NaN,NaN,NaN,NaN,,,,
bfwi3pjyg3whbn0tpsz19e8hq,Aarhus Fremad,2831097137,918,15,2,91,18,A. Pisani,2lvlyvfvdoz7kyqtib6jm9btg,1,81.8,57.0,2025-08-02T13:48:31.574,2025-08-02T13:49:40,NaN,"{""id"": 5818345335, ""qualifierId"": 25}",bxpm9jzr611txx6e47jnhg104,Aarhus Fremad vs Lyngby,1_Division,2025-08-02,DNK,,NaN,NaN,true,NaN,NaN,NaN,NaN,true,,NaN,Center,,NaN,NaN,true,NaN,NaN,NaN,true,NaN,NaN,NaN,true,,,NaN,50.5,19,NaN,NaN,,91.4,53.6,NaN,,NaN,NaN,99.3,50.4,709,,,,,0.02085202932357788,0.0,3,3,NaN,,NaN,NaN,,true,,,,,,,,,,,,NaN,NaN,,,NaN,NaN,NaN,NaN,NaN,NaN,NaN,NaN,NaN,NaN,,,,
bfwi3pjyg3whbn0tpsz19e8hq,Aarhus Fremad,2831097363,928,13,2,92,14,K. Andersen,f1mn7hl9ythw3bblz9lguqtjo,1,87.0,68.3,2025-08-02T13:49:28.438,2025-08-02T13:50:36,NaN,"{""id"": 4611686018471193783, ""qualifierId"": 322, ""value"": ""0.0""}",bxpm9jzr611txx6e47jnhg104,Aarhus Fremad vs Lyngby,1_Division,2025-08-02,DNK,,NaN,NaN,NaN,true,true,NaN,NaN,NaN,,NaN,Center,,NaN,true,NaN,NaN,true,NaN,NaN,NaN,NaN,NaN,NaN,,,NaN,25.0,23.6,NaN,NaN,,NaN,NaN,NaN,,NaN,NaN,99.4,51.3,NaN,,,,,0.0383506640791893,0.0,2,2,NaN,,NaN,NaN,,true,,,,,,,,,,,,NaN,NaN,,,NaN,NaN,NaN,NaN,NaN,NaN,NaN,NaN,NaN,true,,,,
bfwi3pjyg3whbn0tpsz19e8hq,Aarhus Fremad,2831097597,944,13,2,93,32,M. Kubel,az9olsp7tglzt73awei9a4cgk,1,76.2,68.2,2025-08-02T13:50:45.605,2025-08-02T13:51:52,1.0,"{""id"": 5818347947, ""qualifierId"": 56, ""value"": ""Center""}",bxpm9jzr611txx6e47jnhg104,Aarhus Fremad vs Lyngby,1_Division,2025-08-02,DNK,,NaN,NaN,true,true,NaN,NaN,NaN,true,,true,Center,,NaN,NaN,NaN,true,NaN,NaN,NaN,NaN,NaN,NaN,NaN,,,NaN,47.9,80.6,NaN,NaN,,NaN,NaN,NaN,,NaN,true,98.4,50,NaN,,,,,0.024731453508138657,0.0,1,3,NaN,,NaN,NaN,,NaN,,,,,,,,,,,,NaN,NaN,,,NaN,NaN,NaN,NaN,NaN,NaN,NaN,NaN,NaN,NaN,,,,
anga7587r1zv4ey71ge9zxol3,Lyngby,2833651801,24,13,1,1,37,O. Buur,8822s8ns7oyvjqade4oaxzg0l,1,84.2,30.0,2025-08-10T12:02:14.458,2025-08-10T12:03:25,1.0,"{""id"": 5832565445, ""qualifierId"": 22}",c0bgpfbkd5bpzgieuu8mew4r8,Lyngby vs Hvidovre,1_Division,2025-08-10,DNK,NaN,NaN,NaN,NaN,true,true,NaN,NaN,NaN,,true,Center,,true,,NaN,NaN,NaN,NaN,NaN,NaN,NaN,NaN,NaN,true,NaN,,42.4,11.1,NaN,,,NaN,NaN,NaN,NaN,NaN,true,98.5,47.8,NaN,,NaN,NaN,NaN,0.031711459159851074,0.0,2,2,NaN,NaN,NaN,NaN,NaN,NaN,NaN,,,,,,,,,,,,,,,,,,NaN,NaN,NaN,,,,,NaN,NaN,NaN,NaN
anga7587r1zv4ey71ge9zxol3,Lyngby,2833653677,59,13,1,4,9,M. Hebo,b13l1wrb747y9cdc8wqltan6d,1,86.2,57.0,2025-08-10T12:04:46.700,2025-08-10T12:05:58,1.0,"{""id"": 5832577221, ""qualifierId"": 102, ""value"": ""47.4""}",c0bgpfbkd5bpzgieuu8mew4r8,Lyngby vs Hvidovre,1_Division,2025-08-10,DNK,NaN,NaN,true,NaN,true,true,NaN,NaN,NaN,,true,Center,,NaN,,NaN,NaN,NaN,NaN,NaN,NaN,NaN,NaN,NaN,NaN,NaN,,47.4,54.2,NaN,,,NaN,NaN,NaN,NaN,NaN,true,98.9,50.2,NaN,,NaN,NaN,NaN,0.12460078299045563,0.0,2,2,NaN,NaN,NaN,NaN,NaN,NaN,NaN,,,,,,,,,,,,,,,,,,NaN,NaN,NaN,,,,,NaN,NaN,true,NaN
8gxd9ry2580pu1b1dd5ny9ymy,Hvidovre,2833657135,98,13,1,9,32,D. Stenderup,a30gduuv9d1s4pkthgu2jhyol,1,90.6,44.0,2025-08-10T12:10:10.345,2025-08-10T12:11:24,NaN,"{""id"": 5832598385, ""qualifierId"": 230, ""value"": ""97.7""}",c0bgpfbkd5bpzgieuu8mew4r8,Lyngby vs Hvidovre,1_Division,2025-08-10,DNK,NaN,NaN,true,NaN,NaN,NaN,NaN,NaN,true,,NaN,Center,,NaN,,true,true,NaN,NaN,NaN,NaN,NaN,NaN,NaN,NaN,NaN,,53.3,81.9,true,,,NaN,NaN,NaN,NaN,NaN,NaN,97.7,46.4,NaN,,NaN,NaN,NaN,0.12357239425182343,0.0,1,3,true,NaN,NaN,NaN,NaN,true,NaN,,,,,,,,,,,,,,,,,,NaN,NaN,NaN,,,,,NaN,NaN,NaN,NaN
anga7587r1zv4ey71ge9zxol3,Lyngby,2833657985,111,13,1,10,43,M. Hebo,b13l1wrb747y9cdc8wqltan6d,1,78.0,57.9,2025-08-10T12:11:20.802,2025-08-10T12:12:33,NaN,"{""id"": 5832602721, ""qualifierId"": 102, ""value"": ""46.9""}",c0bgpfbkd5bpzgieuu8mew4r8,Lyngby vs Hvidovre,1_Division,2025-08-10,DNK,NaN,NaN,NaN,true,NaN,true,NaN,NaN,NaN,,NaN,Center,,NaN,,true,true,NaN,NaN,NaN,NaN,NaN,NaN,NaN,NaN,NaN,,46.9,66.7,NaN,,,NaN,NaN,NaN,NaN,NaN,true,98.0,49.5,NaN,,NaN,NaN,NaN,0.036598969250917435,0.0,2,2,true,NaN,NaN,NaN,NaN,true,NaN,,,,,,,,,,,,,,,,,,NaN,NaN,NaN,,,,,NaN,NaN,NaN,NaN
8gxd9ry2580pu1b1dd5ny9ymy,Hvidovre,2833659591,125,15,1,13,8,M. Egho,4m9sp9mxlsjk6fv7v218yqfv9,1,65.7,50.1,2025-08-10T12:13:45.656,2025-08-10T14:30:49,1.0,"{""id"": 5832612411, ""qualifierId"": 233, ""value"": ""135""}",c0bgpfbkd5bpzgieuu8mew4r8,Lyngby vs Hvidovre,1_Division,2025-08-10,DNK,NaN,NaN,NaN,NaN,NaN,true,NaN,NaN,NaN,,true,Center,,NaN,,true,NaN,NaN,NaN,NaN,true,NaN,NaN,NaN,NaN,NaN,,50.0,22.8,NaN,,,86.9,50.9,NaN,NaN,NaN,true,NaN,NaN,135,,NaN,NaN,NaN,0.026723826304078102,0.009423199109733105,1,1,true,NaN,NaN,NaN,NaN,NaN,NaN,,,,,,,,,,,,,,,,,,NaN,true,NaN,,,,,NaN,NaN,NaN,NaN
8gxd9ry2580pu1b1dd5ny9ymy,Hvidovre,2833662881,162,16,1,18,40,M. Egho,4m9sp9mxlsjk6fv7v218yqfv9,1,88.5,50.0,2025-08-10T12:19:18.379,2025-08-10T14:30:50,NaN,"{""id"": 5832631893, ""qualifierId"": 390, ""value"": ""179456""}",c0bgpfbkd5bpzgieuu8mew4r8,Lyngby vs Hvidovre,1_Division,2025-08-10,DNK,true,NaN,true,NaN,NaN,NaN,NaN,NaN,NaN,,NaN,Center,,NaN,,true,NaN,NaN,NaN,NaN,NaN,true,NaN,NaN,NaN,NaN,,46.8,0.6,NaN,,,NaN,NaN,NaN,NaN,true,NaN,99.5,50.5,NaN,,PENALTY_WON,439089,2397,0.7884,0.8488758206367493,1,1,NaN,172,2025-08-10 13:19:17.655,18:40.249,179456,true,161,,,,,,,,,,,,,,,,,,NaN,NaN,NaN,,,,,NaN,NaN,NaN,NaN
anga7587r1zv4ey71ge9zxol3,Lyngby,2833663837,190,15,1,21,14,Í. Þorvaldsson,5k2hgogp2g5ivgdnq99ejp27e,1,85.0,58.9,2025-08-10T12:21:51.547,2025-08-10T13:05:15,1.0,"{""id"": 5832647453, ""qualifierId"": 29}",c0bgpfbkd5bpzgieuu8mew4r8,Lyngby vs Hvidovre,1_Division,2025-08-10,DNK,NaN,NaN,true,NaN,true,true,NaN,NaN,NaN,,true,Center,,NaN,,NaN,NaN,NaN,NaN,true,NaN,NaN,NaN,NaN,NaN,NaN,,50.3,10.1,NaN,,,98.8,50.7,true,NaN,NaN,NaN,NaN,NaN,168,,NaN,NaN,NaN,0.0725882351398468,0.026907814666628838,2,2,true,NaN,NaN,NaN,NaN,NaN,NaN,,,,,,,,,,,,,,,,,,NaN,NaN,NaN,,,,,NaN,NaN,NaN,NaN
anga7587r1zv4ey71ge9zxol3,Lyngby,2833665215,224,15,1,24,18,G. Fraulo,6zhj070huc77sl5o5bx6ey5g4,1,85.8,39.7,2025-08-10T12:24:56.269,2025-08-10T12:26:04,1.0,"{""id"": 5832645887, ""qualifierId"": 230, ""value"": ""97.8""}",c0bgpfbkd5bpzgieuu8mew4r8,Lyngby vs Hvidovre,1_Division,2025-08-10,DNK,NaN,NaN,true,NaN,true,true,NaN,NaN,NaN,,true,Center,,NaN,,NaN,NaN,NaN,NaN,true,NaN,NaN,NaN,true,NaN,NaN,,50.0,19,NaN,,,89.7,46.2,true,NaN,NaN,NaN,97.8,49.6,194,,NaN,NaN,NaN,0.0939038023352623,0.0,2,2,NaN,NaN,NaN,NaN,NaN,NaN,NaN,,,,,,,,,,,,,,,,,,NaN,NaN,NaN,,,,,NaN,NaN,NaN,NaN
8gxd9ry2580pu1b1dd5ny9ymy,Hvidovre,2833667327,235,13,1,29,17,N. Clausen,6dzg820946z4848whaa6ny2nd,1,90.4,38.2,2025-08-10T12:29:55.341,2025-08-10T12:31:05,1.0,"{""id"": 5832657891, ""qualifierId"": 102, ""value"": ""55.3""}",c0bgpfbkd5bpzgieuu8mew4r8,Lyngby vs Hvidovre,1_Division,2025-08-10,DNK,NaN,NaN,true,NaN,true,NaN,NaN,true,NaN,,true,Center,,NaN,,NaN,true,NaN,NaN,NaN,NaN,NaN,NaN,NaN,NaN,NaN,,55.3,62.5,true,,,NaN,NaN,true,NaN,NaN,NaN,98.1,47.1,NaN,,NaN,NaN,NaN,0.05788610503077507,0.0,2,2,true,NaN,NaN,NaN,NaN,NaN,NaN,,,,,,,,,,,,,,,,,,NaN,NaN,NaN,,,,,NaN,NaN,NaN,NaN
anga7587r1zv4ey71ge9zxol3,Lyngby,2833667569,275,15,1,29,55,L. Sandgrav,6d0lxiep13vdv32bdb0xwyrys,1,86.1,49.3,2025-08-10T12:30:33.242,2025-08-10T12:31:52,1.0,"{""id"": 5832660023, ""qualifierId"": 146, ""value"": ""91.6""}",c0bgpfbkd5bpzgieuu8mew4r8,Lyngby vs Hvidovre,1_Division,2025-08-10,DNK,NaN,NaN,true,NaN,true,NaN,true,NaN,NaN,,true,Center,,NaN,,NaN,NaN,NaN,NaN,true,NaN,NaN,NaN,true,NaN,NaN,,49.2,19,NaN,,,91.6,49.3,true,NaN,NaN,NaN,99.1,48.7,241,,NaN,NaN,NaN,0.19822216033935547,0.0,3,2,true,NaN,NaN,NaN,NaN,NaN,NaN,,,,,,,,,,,,,,,,,,NaN,NaN,NaN,,,,,NaN,NaN,NaN,NaN
8gxd9ry2580pu1b1dd5ny9ymy,Hvidovre,2833676813,340,13,1,42,41,M. Egho,4m9sp9mxlsjk6fv7v218yqfv9,1,92.2,50.3,2025-08-10T12:43:19.279,2025-08-10T12:44:40,1.0,"{""id"": 5832707687, ""qualifierId"": 56, ""value"": ""Center""}",c0bgpfbkd5bpzgieuu8mew4r8,Lyngby vs Hvidovre,1_Division,2025-08-10,DNK,NaN,true,true,NaN,NaN,NaN,NaN,NaN,true,,true,Center,,NaN,,NaN,NaN,true,NaN,NaN,NaN,NaN,NaN,NaN,NaN,NaN,,33.3,19.4,NaN,,,NaN,NaN,true,NaN,NaN,NaN,98.5,48.6,NaN,,NaN,NaN,NaN,0.09130306541919708,0.0,3,2,true,NaN,NaN,NaN,NaN,NaN,NaN,,,,,,,,,,,,,,,,,,NaN,NaN,NaN,,,,,NaN,NaN,NaN,NaN
anga7587r1zv4ey71ge9zxol3,Lyngby,2833678989,434,15,1,45,34,G. Mortensen,bvw5oc4c040ey5dt5wn0choiy,1,81.3,66.0,2025-08-10T12:46:12.272,2025-08-10T12:47:32,NaN,"{""id"": 5832720917, ""qualifierId"": 103, ""value"": ""19""}",c0bgpfbkd5bpzgieuu8mew4r8,Lyngby vs Hvidovre,1_Division,2025-08-10,DNK,NaN,NaN,NaN,true,NaN,true,NaN,NaN,NaN,,NaN,Center,,NaN,,NaN,NaN,NaN,NaN,true,NaN,NaN,NaN,true,NaN,NaN,,50.2,19,NaN,,,88.5,59.9,NaN,NaN,NaN,NaN,98.5,51.1,362,,NaN,NaN,NaN,0.009453906677663326,0.0,2,2,NaN,NaN,NaN,NaN,NaN,true,NaN,,,,,,,,,,,,,,,,,,NaN,NaN,NaN,,,,,true,NaN,NaN,NaN
8gxd9ry2580pu1b1dd5ny9ymy,Hvidovre,2833699117,477,13,2,56,58,D. Stenderup,a30gduuv9d1s4pkthgu2jhyol,1,87.1,54.0,2025-08-10T13:17:10.398,2025-08-10T13:18:19,1.0,"{""id"": 5832831089, ""qualifierId"": 103, ""value"": ""27.8""}",c0bgpfbkd5bpzgieuu8mew4r8,Lyngby vs Hvidovre,1_Division,2025-08-10,DNK,NaN,true,true,NaN,NaN,NaN,NaN,NaN,true,,true,Center,,NaN,,NaN,NaN,NaN,NaN,NaN,NaN,NaN,NaN,NaN,NaN,NaN,,62.9,27.8,NaN,,,NaN,NaN,true,NaN,NaN,NaN,98.8,50,NaN,,NaN,NaN,NaN,0.03624826297163963,0.0,2,1,true,NaN,NaN,NaN,NaN,NaN,NaN,,,,,,,,,,,,,,,,,,NaN,NaN,true,,,,,NaN,NaN,NaN,NaN
8gxd9ry2580pu1b1dd5ny9ymy,Hvidovre,2833700153,485,13,2,58,24,A. Smed,dncrhma6gwcn6pxiu7hfc6qz8,1,79.3,66.9,2025-08-10T13:18:36.494,2025-08-10T13:19:45,1.0,"{""id"": 5832836813, ""qualifierId"": 231, ""value"": ""51.3""}",c0bgpfbkd5bpzgieuu8mew4r8,Lyngby vs Hvidovre,1_Division,2025-08-10,DNK,NaN,NaN,NaN,true,true,NaN,true,NaN,NaN,,true,Center,,NaN,,NaN,NaN,NaN,NaN,NaN,NaN,NaN,true,NaN,NaN,NaN,,41.2,62.5,NaN,,,NaN,NaN,NaN,NaN,NaN,true,96.9,51.3,NaN,,NaN,NaN,NaN,0.02618381753563881,0.0,2,2,NaN,NaN,NaN,NaN,NaN,NaN,NaN,,,,,,,,,,,,,,,,,,NaN,NaN,NaN,,,,,NaN,NaN,NaN,NaN
anga7587r1zv4ey71ge9zxol3,Lyngby,2833690437,497,13,2,46,4,M. Hebo,b13l1wrb747y9cdc8wqltan6d,1,87.4,49.1,2025-08-10T13:06:16.409,2025-08-10T13:07:23,1.0,"{""id"": 5832783821, ""qualifierId"": 56, ""value"": ""Center""}",c0bgpfbkd5bpzgieuu8mew4r8,Lyngby vs Hvidovre,1_Division,2025-08-10,DNK,NaN,true,true,NaN,NaN,true,NaN,NaN,NaN,,true,Center,,NaN,,NaN,true,NaN,NaN,NaN,NaN,NaN,NaN,NaN,NaN,NaN,,52.9,65.3,NaN,,,NaN,NaN,true,NaN,NaN,NaN,98.1,49.5,NaN,,NaN,NaN,NaN,0.035758163779973984,0.0,2,3,true,NaN,NaN,NaN,NaN,NaN,NaN,,,,,,,,,,,,,,,,,,NaN,NaN,NaN,,,,,NaN,NaN,NaN,NaN
8gxd9ry2580pu1b1dd5ny9ymy,Hvidovre,2833702321,508,15,2,61,59,O. Kjærgaard,cl4xl80n4gew1ox03r3ooshrd,1,74.5,62.0,2025-08-10T13:22:11.223,2025-08-10T13:23:17,1.0,"{""id"": 5832848563, ""qualifierId"": 322, ""value"": ""0.04349830374121666""}",c0bgpfbkd5bpzgieuu8mew4r8,Lyngby vs Hvidovre,1_Division,2025-08-10,DNK,NaN,NaN,NaN,true,true,true,NaN,NaN,NaN,,true,Center,,NaN,,NaN,NaN,NaN,true,NaN,NaN,NaN,NaN,NaN,NaN,NaN,,52.4,5.1,NaN,,,96.5,51.4,NaN,NaN,NaN,true,NaN,NaN,646,,NaN,NaN,NaN,0.0201273113489151,0.04349830374121666,2,2,NaN,NaN,NaN,NaN,NaN,NaN,NaN,,,,,,,,,,,,,,,,,,NaN,NaN,NaN,,,,,NaN,NaN,NaN,NaN
anga7587r1zv4ey71ge9zxol3,Lyngby,2833691851,527,16,2,47,45,Í. Þorvaldsson,5k2hgogp2g5ivgdnq99ejp27e,1,88.0,47.9,2025-08-10T13:07:56.915,2025-08-10T14:30:49,1.0,"{""id"": 5832794367, ""qualifierId"": 375, ""value"": ""47:44.657""}",c0bgpfbkd5bpzgieuu8mew4r8,Lyngby vs Hvidovre,1_Division,2025-08-10,DNK,NaN,true,true,NaN,NaN,true,NaN,NaN,NaN,,true,Center,,NaN,,NaN,NaN,NaN,true,NaN,NaN,NaN,NaN,NaN,NaN,NaN,,52.5,16.5,NaN,,,NaN,NaN,true,NaN,true,NaN,99.0,50.5,NaN,,NaN,NaN,NaN,0.03144385665655136,0.057180218398571014,3,2,true,NaN,2025-08-10 14:07:56.154,47:44.657,NaN,NaN,NaN,,,,,,,,,,,,,,,,,,NaN,NaN,NaN,,,,,NaN,NaN,NaN,NaN
anga7587r1zv4ey71ge9zxol3,Lyngby,2833693285,543,15,2,49,26,Í. Þorvaldsson,5k2hgogp2g5ivgdnq99ejp27e,1,86.2,47.6,2025-08-10T13:09:37.504,2025-08-10T13:10:52,1.0,"{""id"": 5832799907, ""qualifierId"": 231, ""value"": ""49.5""}",c0bgpfbkd5bpzgieuu8mew4r8,Lyngby vs Hvidovre,1_Division,2025-08-10,DNK,NaN,NaN,true,NaN,NaN,true,NaN,NaN,NaN,,true,Center,,NaN,,true,NaN,NaN,NaN,true,NaN,NaN,NaN,true,NaN,NaN,,50.0,19,NaN,,,91.6,48.6,NaN,NaN,NaN,NaN,97.1,49.5,428,,NaN,NaN,NaN,0.11764998733997345,0.0,2,2,true,NaN,NaN,NaN,NaN,NaN,NaN,,,,,,,,,,,,,,,,,,NaN,NaN,NaN,,,,,NaN,NaN,NaN,NaN
8gxd9ry2580pu1b1dd5ny9ymy,Hvidovre,2833710505,596,13,2,77,26,O. Kjærgaard,cl4xl80n4gew1ox03r3ooshrd,1,91.4,50.3,2025-08-10T13:37:37.809,2025-08-10T13:38:51,1.0,"{""id"": 5832894439, ""qualifierId"": 25}",c0bgpfbkd5bpzgieuu8mew4r8,Lyngby vs Hvidovre,1_Division,2025-08-10,DNK,NaN,true,true,NaN,NaN,NaN,NaN,NaN,true,,true,Center,,NaN,,NaN,true,NaN,NaN,NaN,NaN,NaN,NaN,NaN,NaN,NaN,,46.4,65.3,NaN,,,NaN,NaN,true,NaN,NaN,NaN,98.5,49.8,NaN,,NaN,NaN,NaN,0.12365679442882538,0.0,2,2,true,NaN,NaN,NaN,NaN,NaN,NaN,,,,,,,,,,,,,,,,,,NaN,NaN,NaN,,,,,NaN,NaN,NaN,NaN
8gxd9ry2580pu1b1dd5ny9ymy,Hvidovre,2833711301,603,16,2,78,47,F. Høgh,9tt9eo9bsff7dp7aqjal1obo4,1,90.3,58.3,2025-08-10T13:38:59.089,2025-08-10T13:43:08,1.0,"{""id"": 5832898555, ""qualifierId"": 56, ""value"": ""Center""}",c0bgpfbkd5bpzgieuu8mew4r8,Lyngby vs Hvidovre,1_Division,2025-08-10,DNK,NaN,NaN,true,NaN,NaN,NaN,true,NaN,NaN,,true,Center,,NaN,,true,NaN,NaN,NaN,NaN,NaN,true,NaN,NaN,NaN,NaN,,47.4,13.3,NaN,,,NaN,NaN,NaN,NaN,true,true,94.0,53.1,NaN,,NaN,NaN,NaN,0.3788473606109619,0.4231676459312439,3,1,NaN,NaN,2025-08-10 14:38:58.390,78:46.893,NaN,NaN,NaN,,,,,,,,,,,,,,,,,,NaN,NaN,NaN,,,,,NaN,NaN,NaN,NaN
8gxd9ry2580pu1b1dd5ny9ymy,Hvidovre,2833719287,722,15,2,95,15,O. Kjærgaard,cl4xl80n4gew1ox03r3ooshrd,1,86.7,79.2,2025-08-10T13:55:27.397,2025-08-10T14:59:13,1.0,"{""id"": 5833137259, ""qualifierId"": 327, ""value"": ""2""}",c0bgpfbkd5bpzgieuu8mew4r8,Lyngby vs Hvidovre,1_Division,2025-08-10,DNK,NaN,NaN,NaN,NaN,true,NaN,NaN,NaN,NaN,,true,Left,,NaN,,NaN,NaN,NaN,true,NaN,NaN,NaN,NaN,NaN,NaN,NaN,,52.7,3.2,NaN,,,99.1,52.7,NaN,true,NaN,true,NaN,NaN,1023,,NaN,NaN,NaN,0.018615851178765297,0.033477574586868286,2,2,NaN,NaN,NaN,NaN,NaN,NaN,NaN,,,,,,,,,,,,,,,,,,NaN,NaN,NaN,,,,,NaN,true,NaN,NaN
anga7587r1zv4ey71ge9zxol3,Lyngby,2833708501,766,15,2,73,27,L. Sandgrav,6d0lxiep13vdv32bdb0xwyrys,1,92.3,51.9,2025-08-10T13:33:39.082,2025-08-10T13:34:51,NaN,"{""id"": 5833054033, ""qualifierId"": 17}",c0bgpfbkd5bpzgieuu8mew4r8,Lyngby vs Hvidovre,1_Division,2025-08-10,DNK,NaN,NaN,true,NaN,true,true,NaN,NaN,NaN,,NaN,Center,,NaN,,NaN,NaN,NaN,NaN,true,NaN,NaN,NaN,true,NaN,NaN,,51.5,19,NaN,,,94.2,51.8,NaN,NaN,NaN,NaN,99.3,47.5,573,,NaN,NaN,NaN,0.36417385935783386,0.0,3,2,true,NaN,NaN,NaN,NaN,true,NaN,,,,,,,,,,,,,,,,,,NaN,NaN,NaN,,,,,NaN,NaN,NaN,NaN
anga7587r1zv4ey71ge9zxol3,Lyngby,2833708641,772,13,2,73,47,J. Cornelius,8gdfn7j6xac9p4jh94hk40jdg,1,95.2,52.5,2025-08-10T13:33:59.466,2025-08-10T13:35:25,1.0,"{""id"": 5832883593, ""qualifierId"": 29}",c0bgpfbkd5bpzgieuu8mew4r8,Lyngby vs Hvidovre,1_Division,2025-08-10,DNK,NaN,true,NaN,NaN,NaN,true,NaN,NaN,NaN,,true,Center,,NaN,,NaN,true,NaN,NaN,NaN,NaN,NaN,NaN,NaN,NaN,NaN,,49.7,69.4,NaN,,,NaN,NaN,true,NaN,NaN,NaN,99.0,50.2,NaN,,NaN,NaN,NaN,0.2937040328979492,0.0,2,2,true,NaN,NaN,NaN,NaN,NaN,NaN,,,,,,,,,,,,,,,,,,true,NaN,NaN,,,,,NaN,NaN,NaN,NaN
anga7587r1zv4ey71ge9zxol3,Lyngby,2833717317,957,13,2,90,28,C. Winther,d854rlweyk5wq6d2veyviukq2,1,79.4,53.4,2025-08-10T13:50:39.640,2025-08-10T13:51:46,NaN,"{""id"": 5832933275, ""qualifierId"": 56, ""value"": ""Center""}",c0bgpfbkd5bpzgieuu8mew4r8,Lyngby vs Hvidovre,1_Division,2025-08-10,DNK,NaN,NaN,NaN,true,true,true,NaN,NaN,NaN,,NaN,Center,,NaN,,NaN,NaN,NaN,NaN,NaN,NaN,NaN,NaN,NaN,NaN,true,,41.0,40.3,true,,,NaN,NaN,NaN,NaN,NaN,NaN,98.9,50.4,NaN,,NaN,NaN,NaN,0.03232492133975029,0.0,2,2,true,NaN,NaN,NaN,NaN,true,NaN,,,,,,,,,,,,,,,,,,NaN,NaN,NaN,,,,,NaN,NaN,NaN,NaN
anga7587r1zv4ey71ge9zxol3,Lyngby,2833718127,978,13,2,92,24,N. Baden,cty7nsrs5yn785m330c2gbwq2,1,91.2,46.4,2025-08-10T13:52:36.249,2025-08-10T13:53:47,1.0,"{""id"": 4611686018471265719, ""qualifierId"": 322, ""value"": ""0.0""}",c0bgpfbkd5bpzgieuu8mew4r8,Lyngby vs Hvidovre,1_Division,2025-08-10,DNK,NaN,NaN,true,NaN,true,true,NaN,NaN,NaN,,true,Center,,NaN,,NaN,NaN,NaN,NaN,NaN,NaN,NaN,true,NaN,NaN,NaN,,43.7,68.1,NaN,,,NaN,NaN,true,NaN,NaN,NaN,99.1,49.6,NaN,,NaN,NaN,NaN,0.1975519061088562,0.0,2,2,true,NaN,NaN,NaN,NaN,NaN,NaN,,,,,,,,,,,,,,,,,,NaN,NaN,NaN,,,,,NaN,NaN,NaN,NaN
anga7587r1zv4ey71ge9zxol3,Lyngby,2833719591,1012,13,2,96,19,M. Ivančević,eq15hjcxpdrl5vca2q7s4tr3e,1,92.3,55.3,2025-08-10T13:56:30.621,2025-08-10T13:59:21,1.0,"{""id"": 5832949467, ""qualifierId"": 231, ""value"": ""52.5""}",c0bgpfbkd5bpzgieuu8mew4r8,Lyngby vs Hvidovre,1_Division,2025-08-10,DNK,NaN,true,true,NaN,NaN,NaN,NaN,true,NaN,,true,Center,,NaN,,NaN,NaN,NaN,NaN,NaN,NaN,NaN,NaN,NaN,NaN,NaN,,58.0,45.8,NaN,,,NaN,NaN,true,NaN,NaN,NaN,98.2,52.5,NaN,,NaN,NaN,NaN,0.11930595338344574,0.0,2,2,true,NaN,NaN,NaN,NaN,NaN,NaN,,,,,,,,,,,,,,,,,,NaN,NaN,NaN,,,,,NaN,NaN,NaN,true
