contestantId,team_name,id,eventId,typeId,periodId,timeMin,timeSec,playerName,playerId,outcome,x,y,timeStamp,lastModified,qualifier,assist,match_id,label,league_name,date,country,15,16,17,18,19,20,22,23,24,25,26,29,56,60,61,63,65,72,73,74,75,76,77,78,79,80,82,85,89,100,101,102,103,136,138,146,147,153,154,214,215,230,231,233,273,280,281,282,321,322,323,324,326,327,328,338,374,375,458,468,472,sequenceId,possessionId,keyPass,140,141,318,210,6,9,107,64,81,83,108,120,121,160,353,390,391,395,396,86,113,114,87
ajtb177oqwawkdwbqhldmq6mx,B 93,2832616833,14,15,1,0,36,C. Björk,x3ad9hfxts6jpfugy3kvq9d5,1,84.4,48.3,2025-08-08T17:00:30.407,2025-08-08T17:02:07,"{""id"": 5826879341, ""qualifierId"": 22}",NaN,byt0rdri3jylo021u4gswxb10,Hobro vs B 93,1_Division,2025-08-08,DNK,NaN,NaN,true,NaN,NaN,NaN,true,NaN,NaN,NaN,NaN,NaN,Center,NaN,NaN,NaN,NaN,true,NaN,NaN,NaN,NaN,NaN,true,NaN,NaN,true,NaN,NaN,NaN,NaN,51.1,19,NaN,NaN,86.8,48.7,NaN,NaN,NaN,NaN,98.8,49.3,8,NaN,NaN,NaN,NaN,0.08412881940603256,0.0,NaN,NaN,2,3,true,NaN,NaN,NaN,true,NaN,NaN,,,,,,,,,,,,,,,,,,,,,,,,,,
b2vft81kyjurzbmekvgrqwr64,Hobro,2832617263,21,15,1,1,56,S. Andreasen,4qyfoq5fjiochtj89w426lm21,1,89.0,58.3,2025-08-08T17:01:50.685,2025-08-08T18:01:26,"{""id"": 5826881649, ""qualifierId"": 22}",NaN,byt0rdri3jylo021u4gswxb10,Hobro vs B 93,1_Division,2025-08-08,DNK,NaN,NaN,true,NaN,NaN,NaN,true,NaN,NaN,NaN,NaN,NaN,Center,NaN,NaN,NaN,NaN,true,NaN,NaN,NaN,NaN,NaN,true,NaN,NaN,NaN,NaN,NaN,NaN,NaN,49.8,6.3,NaN,NaN,98.5,51.4,NaN,NaN,NaN,true,NaN,NaN,28,NaN,NaN,NaN,NaN,0.1561460644006729,0.09665278345346451,NaN,NaN,2,2,NaN,NaN,NaN,NaN,true,27,NaN,,,,,,,,,,,,,,,,,,,,,,,,,,
ajtb177oqwawkdwbqhldmq6mx,B 93,2832618291,67,16,1,7,56,A. Ahmad,4csz412vb3lquessbnf999ct0,1,97.5,43.7,2025-08-08T17:07:50.116,2025-08-08T19:41:32,"{""id"": 5826888869, ""qualifierId"": 103, ""value"": ""16.5""}",1.0,byt0rdri3jylo021u4gswxb10,Hobro vs B 93,1_Division,2025-08-08,DNK,NaN,NaN,NaN,NaN,NaN,true,true,NaN,NaN,NaN,NaN,true,Center,true,NaN,NaN,NaN,NaN,NaN,NaN,NaN,NaN,NaN,NaN,NaN,true,NaN,NaN,NaN,NaN,NaN,46.4,16.5,true,NaN,NaN,NaN,NaN,true,true,NaN,99.1,46.8,NaN,NaN,NaN,NaN,NaN,0.28491973876953125,0.5059323310852051,NaN,NaN,2,2,NaN,NaN,2025-08-08 18:07:49.815,07:55.931,NaN,NaN,NaN,,,,,,,,,,,,,,,,,,,,,,,,,,
b2vft81kyjurzbmekvgrqwr64,Hobro,2832618699,86,15,1,10,0,F. Dietz,ebd3uvtt54wkdsahc2127j02c,1,93.1,53.8,2025-08-08T17:09:54.046,2025-08-08T17:11:24,"{""id"": 5826890275, ""qualifierId"": 328}",1.0,byt0rdri3jylo021u4gswxb10,Hobro vs B 93,1_Division,2025-08-08,DNK,true,NaN,true,NaN,NaN,NaN,NaN,NaN,NaN,true,NaN,true,Center,NaN,NaN,NaN,NaN,NaN,NaN,NaN,NaN,NaN,NaN,true,NaN,NaN,true,NaN,NaN,true,NaN,51.3,19,NaN,NaN,95.1,53.1,NaN,true,NaN,NaN,98.2,52.7,72,NaN,NaN,NaN,NaN,0.10790874063968658,0.0,NaN,NaN,3,2,true,NaN,NaN,NaN,NaN,NaN,NaN,,,,,,,,,,,,,,,,,,,,,,,,,,
b2vft81kyjurzbmekvgrqwr64,Hobro,2832619437,108,15,1,13,3,L. Klitten,ea2x4o6ufsqoz2zz7tqcnvo16,1,86.8,46.6,2025-08-08T17:12:57.220,2025-08-08T18:01:26,"{""id"": 5826894485, ""qualifierId"": 22}",NaN,byt0rdri3jylo021u4gswxb10,Hobro vs B 93,1_Division,2025-08-08,DNK,NaN,NaN,true,NaN,NaN,true,true,NaN,NaN,NaN,NaN,NaN,Center,NaN,NaN,NaN,NaN,NaN,NaN,NaN,NaN,NaN,NaN,true,NaN,NaN,NaN,NaN,NaN,NaN,NaN,50.6,13.3,NaN,NaN,98.8,48.7,NaN,NaN,NaN,NaN,NaN,NaN,87,NaN,NaN,NaN,NaN,0.08017714321613312,0.08852633833885193,NaN,NaN,3,3,NaN,NaN,NaN,NaN,true,NaN,NaN,,,,,,,,,,,,,,,,,,,,,,,,,,
ajtb177oqwawkdwbqhldmq6mx,B 93,2832620017,115,15,1,15,24,M. Wohlgemuth,e8vt8711wb40afht2v13omket,1,77.9,32.8,2025-08-08T17:15:18.600,2025-08-08T17:16:24,"{""id"": 5826897835, ""qualifierId"": 321, ""value"": ""0.016272200271487236""}",1.0,byt0rdri3jylo021u4gswxb10,Hobro vs B 93,1_Division,2025-08-08,DNK,NaN,NaN,NaN,true,NaN,true,true,NaN,NaN,NaN,NaN,true,Center,NaN,NaN,NaN,NaN,NaN,NaN,NaN,NaN,NaN,NaN,true,NaN,NaN,NaN,NaN,NaN,NaN,NaN,48.4,5.1,NaN,NaN,98.6,47.8,NaN,NaN,NaN,true,NaN,NaN,130,NaN,NaN,NaN,NaN,0.016272200271487236,0.018015770241618156,NaN,NaN,2,3,true,NaN,NaN,NaN,NaN,NaN,NaN,,,,,,,,,,,,,,,,,,,,,,,,,,
b2vft81kyjurzbmekvgrqwr64,Hobro,2832620517,172,13,1,18,3,S. Andreasen,4qyfoq5fjiochtj89w426lm21,1,87.5,52.3,2025-08-08T17:17:57.178,2025-08-08T17:19:12,"{""id"": 5826900885, ""qualifierId"": 56, ""value"": ""Center""}",NaN,byt0rdri3jylo021u4gswxb10,Hobro vs B 93,1_Division,2025-08-08,DNK,NaN,NaN,true,NaN,NaN,NaN,true,NaN,NaN,NaN,NaN,NaN,Center,NaN,NaN,NaN,NaN,true,NaN,NaN,NaN,NaN,true,NaN,NaN,NaN,NaN,NaN,NaN,NaN,NaN,57.6,73.6,NaN,NaN,NaN,NaN,NaN,NaN,NaN,NaN,98.6,50.5,NaN,NaN,NaN,NaN,NaN,0.18473945558071136,0.0,NaN,NaN,2,2,NaN,NaN,NaN,NaN,true,NaN,NaN,,,,,,,,,,,,,,,,,,,,,,,,,,
b2vft81kyjurzbmekvgrqwr64,Hobro,2832620625,178,13,1,18,41,T. Hansen,e0rgqk3gxzs005m9ok9hvp1ck,1,75.2,28.0,2025-08-08T17:18:35.305,2025-08-08T17:19:43,"{""id"": 5826901581, ""qualifierId"": 56, ""value"": ""Center""}",1.0,byt0rdri3jylo021u4gswxb10,Hobro vs B 93,1_Division,2025-08-08,DNK,NaN,NaN,NaN,true,NaN,NaN,true,NaN,NaN,NaN,NaN,true,Center,NaN,NaN,NaN,NaN,true,NaN,NaN,NaN,NaN,true,NaN,NaN,NaN,NaN,NaN,NaN,NaN,NaN,56.8,76.4,NaN,NaN,NaN,NaN,NaN,NaN,NaN,true,98.1,48.0,NaN,NaN,NaN,NaN,NaN,0.014810414053499699,0.0,NaN,NaN,2,2,NaN,NaN,NaN,NaN,NaN,NaN,NaN,,,,,,,,,,,,,,,,,,,,,,,,,,
b2vft81kyjurzbmekvgrqwr64,Hobro,2832622059,270,15,1,26,40,F. Dietz,ebd3uvtt54wkdsahc2127j02c,1,74.9,49.1,2025-08-08T17:26:34.866,2025-08-08T17:27:49,"{""id"": 5826967459, ""qualifierId"": 78}",1.0,byt0rdri3jylo021u4gswxb10,Hobro vs B 93,1_Division,2025-08-08,DNK,NaN,NaN,NaN,true,NaN,NaN,true,NaN,NaN,NaN,NaN,true,Center,NaN,NaN,NaN,NaN,true,NaN,NaN,NaN,NaN,NaN,true,NaN,NaN,true,NaN,NaN,NaN,NaN,51.3,19,NaN,NaN,79.0,49.5,NaN,NaN,NaN,true,98.4,50.7,227,NaN,NaN,NaN,NaN,0.027723295614123344,0.0,NaN,NaN,2,2,NaN,NaN,NaN,NaN,NaN,NaN,NaN,,,,,,,,,,,,,,,,,,,,,,,,,,
ajtb177oqwawkdwbqhldmq6mx,B 93,2832623401,290,14,1,34,8,N. Mouritsen,eyvv6b94feknnp1uew6n0ytat,1,74.7,41.9,2025-08-08T17:34:02.590,2025-08-08T17:35:28,"{""id"": 5826918259, ""qualifierId"": 75}",NaN,byt0rdri3jylo021u4gswxb10,Hobro vs B 93,1_Division,2025-08-08,DNK,NaN,NaN,NaN,true,NaN,NaN,NaN,NaN,NaN,NaN,true,NaN,Center,NaN,NaN,NaN,NaN,true,NaN,NaN,true,NaN,NaN,NaN,NaN,NaN,NaN,NaN,NaN,NaN,NaN,45.1,21.5,NaN,NaN,NaN,NaN,NaN,NaN,NaN,NaN,99.3,48.7,NaN,NaN,NaN,NaN,NaN,0.07103690505027771,0.0,NaN,NaN,1,2,NaN,NaN,NaN,NaN,true,NaN,NaN,,,,,,,,,,,,,,,,,,,,,,,,,,
ajtb177oqwawkdwbqhldmq6mx,B 93,2832623533,292,16,1,34,10,O. Søe,9213debwtuph6cjborx73sx78,1,91.8,58.1,2025-08-08T17:34:04.854,2025-08-08T19:41:32,"{""id"": 5826920021, ""qualifierId"": 472, ""value"": ""290""}",NaN,byt0rdri3jylo021u4gswxb10,Hobro vs B 93,1_Division,2025-08-08,DNK,NaN,NaN,true,NaN,NaN,NaN,NaN,NaN,true,NaN,NaN,NaN,Center,NaN,NaN,NaN,NaN,true,NaN,NaN,NaN,NaN,NaN,NaN,true,NaN,NaN,NaN,NaN,NaN,NaN,51.3,22.8,NaN,NaN,NaN,NaN,NaN,NaN,true,NaN,98.9,46.2,NaN,NaN,POST,132017,2935,0.5004554986953735,0.9651036858558655,true,NaN,2,1,NaN,290,2025-08-08 18:34:04.241,34:10.357,true,NaN,290,,,,,,,,,,,,,,,,,,,,,,,,,,
b2vft81kyjurzbmekvgrqwr64,Hobro,2832623131,309,16,1,31,51,L. Klitten,ea2x4o6ufsqoz2zz7tqcnvo16,1,96.2,47.0,2025-08-08T17:31:45.201,2025-08-08T18:01:26,"{""id"": 5826916635, ""qualifierId"": 102, ""value"": ""48.7""}",1.0,byt0rdri3jylo021u4gswxb10,Hobro vs B 93,1_Division,2025-08-08,DNK,NaN,true,NaN,NaN,NaN,NaN,true,NaN,NaN,NaN,NaN,true,Center,NaN,NaN,NaN,NaN,true,NaN,NaN,NaN,NaN,NaN,true,NaN,NaN,NaN,NaN,NaN,NaN,NaN,48.7,3.8,NaN,NaN,NaN,NaN,NaN,true,true,NaN,100,50.2,NaN,NaN,NaN,NaN,NaN,0.370281457901001,0.23611295223236084,NaN,NaN,2,2,true,NaN,2025-08-08 18:31:44.932,31:51.048,NaN,NaN,NaN,,,,,,,,,,,,,,,,,,,,,,,,,,
ajtb177oqwawkdwbqhldmq6mx,B 93,2832624477,325,15,1,3,1,O. Addo,kqj7nh6pqmqbt0abyyu0fcpg,1,91.7,39.4,2025-08-08T17:02:55.426,2025-08-08T17:40:25,"{""id"": 4611686018471235483, ""qualifierId"": 322, ""value"": ""0.0""}",1.0,byt0rdri3jylo021u4gswxb10,Hobro vs B 93,1_Division,2025-08-08,DNK,NaN,NaN,true,NaN,NaN,true,true,NaN,NaN,NaN,NaN,true,Center,NaN,NaN,NaN,NaN,NaN,NaN,NaN,NaN,NaN,NaN,NaN,NaN,true,true,NaN,NaN,true,NaN,46.7,19,NaN,NaN,95.1,42.4,NaN,true,NaN,NaN,99.1,46.9,346,NaN,NaN,NaN,NaN,0.16881965100765228,0.0,NaN,NaN,2,2,NaN,NaN,NaN,NaN,NaN,NaN,NaN,,,,,,,,,,,,,,,,,,,,,,,,,,
ajtb177oqwawkdwbqhldmq6mx,B 93,2832625605,357,13,1,43,0,E. Christensen,8xe0fufxfgf5cuwgysz3r2j85,1,95.8,57.0,2025-08-08T17:42:54.475,2025-08-08T17:44:30,"{""id"": 5826931433, ""qualifierId"": 153}",1.0,byt0rdri3jylo021u4gswxb10,Hobro vs B 93,1_Division,2025-08-08,DNK,NaN,NaN,NaN,NaN,NaN,NaN,NaN,NaN,NaN,true,NaN,true,Center,NaN,true,NaN,NaN,true,NaN,NaN,true,NaN,NaN,NaN,NaN,NaN,NaN,NaN,NaN,NaN,NaN,26.4,27.8,NaN,NaN,98.1,24.4,true,true,NaN,NaN,99.3,51.3,NaN,NaN,NaN,NaN,NaN,0.14044533669948578,0.0,NaN,NaN,2,3,true,NaN,NaN,NaN,NaN,NaN,NaN,,,,,,,,,,,,,,,,,,,,,,,,,,
b2vft81kyjurzbmekvgrqwr64,Hobro,2832627919,409,15,1,45,18,S. Andreasen,4qyfoq5fjiochtj89w426lm21,1,86.1,57.9,2025-08-08T17:45:12.605,2025-08-08T17:54:00,"{""id"": 5826944029, ""qualifierId"": 231, ""value"": ""51.3""}",1.0,byt0rdri3jylo021u4gswxb10,Hobro vs B 93,1_Division,2025-08-08,DNK,NaN,NaN,true,NaN,NaN,NaN,true,NaN,NaN,NaN,NaN,true,Center,NaN,NaN,NaN,NaN,true,NaN,NaN,NaN,NaN,NaN,true,NaN,NaN,true,NaN,NaN,NaN,NaN,50.5,19,NaN,NaN,89.4,56.1,NaN,true,NaN,NaN,98.6,51.3,383,NaN,NaN,NaN,NaN,0.05700080469250679,0.0,NaN,NaN,3,2,true,NaN,NaN,NaN,NaN,NaN,NaN,,,,,,,,,,,,,,,,,,,,,,,,,,
b2vft81kyjurzbmekvgrqwr64,Hobro,2832630871,441,15,2,47,5,S. Andreasen,4qyfoq5fjiochtj89w426lm21,1,79.9,48.5,2025-08-08T18:03:27.608,2025-08-08T18:52:22,"{""id"": 5826960091, ""qualifierId"": 146, ""value"": ""98.9""}",1.0,byt0rdri3jylo021u4gswxb10,Hobro vs B 93,1_Division,2025-08-08,DNK,NaN,NaN,NaN,true,NaN,true,true,NaN,NaN,NaN,NaN,true,Center,NaN,NaN,NaN,NaN,NaN,NaN,NaN,NaN,true,NaN,NaN,NaN,NaN,NaN,NaN,NaN,NaN,NaN,54.1,13.3,NaN,NaN,98.9,50.7,NaN,true,NaN,NaN,NaN,NaN,425,NaN,NaN,NaN,NaN,0.05981453135609627,0.30339622497558594,NaN,NaN,2,2,NaN,NaN,NaN,NaN,NaN,NaN,NaN,,,,,,,,,,,,,,,,,,,,,,,,,,
ajtb177oqwawkdwbqhldmq6mx,B 93,2832632803,463,15,2,49,52,N. Mouritsen,eyvv6b94feknnp1uew6n0ytat,1,78.4,72.2,2025-08-08T18:06:14.909,2025-08-08T18:08:46,"{""id"": 5826976273, ""qualifierId"": 147, ""value"": ""68.4""}",NaN,byt0rdri3jylo021u4gswxb10,Hobro vs B 93,1_Division,2025-08-08,DNK,NaN,NaN,NaN,true,NaN,NaN,true,NaN,NaN,NaN,NaN,NaN,Center,NaN,NaN,NaN,NaN,true,NaN,NaN,NaN,NaN,NaN,true,NaN,NaN,true,NaN,NaN,NaN,NaN,49.6,19,NaN,NaN,82.0,68.4,NaN,NaN,NaN,true,99.0,51.4,467,NaN,NaN,NaN,NaN,0.01884768344461918,0.0,NaN,NaN,2,3,NaN,NaN,NaN,NaN,true,NaN,NaN,,,,,,,,,,,,,,,,,,,,,,,,,,
ajtb177oqwawkdwbqhldmq6mx,B 93,2832633705,490,15,2,51,5,A. Ahmad,4csz412vb3lquessbnf999ct0,1,95.7,66.9,2025-08-08T18:07:27.948,2025-08-08T18:52:24,"{""id"": 5826977279, ""qualifierId"": 233, ""value"": ""477""}",1.0,byt0rdri3jylo021u4gswxb10,Hobro vs B 93,1_Division,2025-08-08,DNK,NaN,NaN,NaN,NaN,NaN,NaN,true,NaN,NaN,NaN,NaN,true,Center,NaN,NaN,NaN,true,true,NaN,NaN,NaN,true,NaN,NaN,NaN,NaN,NaN,NaN,NaN,NaN,NaN,53.7,14.6,NaN,NaN,99.4,54.5,NaN,NaN,NaN,true,NaN,NaN,477,NaN,NaN,NaN,NaN,0.07216399163007736,0.14981241524219513,NaN,NaN,2,2,NaN,NaN,NaN,NaN,NaN,NaN,NaN,,,,,,,,,,,,,,,,,,,,,,,,,,
ajtb177oqwawkdwbqhldmq6mx,B 93,2832637045,536,14,2,55,56,V. Hammershøy-Mistrati,e3n8xatusmgu7ttqpfdjanp3p,1,80.0,60.1,2025-08-08T18:12:18.264,2025-08-08T18:13:39,"{""id"": 4611686018471235851, ""qualifierId"": 322, ""value"": ""0.0""}",1.0,byt0rdri3jylo021u4gswxb10,Hobro vs B 93,1_Division,2025-08-08,DNK,NaN,NaN,NaN,true,NaN,true,true,NaN,NaN,NaN,NaN,true,Center,NaN,NaN,NaN,NaN,NaN,true,NaN,NaN,NaN,NaN,NaN,NaN,NaN,NaN,NaN,NaN,NaN,NaN,55.5,16.5,NaN,NaN,NaN,NaN,NaN,true,NaN,NaN,98.9,49.3,NaN,NaN,NaN,NaN,NaN,0.04676477611064911,0.0,NaN,NaN,2,2,true,NaN,NaN,NaN,NaN,NaN,NaN,,,,,,,,,,,,,,,,,,,,,,,,,,
ajtb177oqwawkdwbqhldmq6mx,B 93,2832637635,545,13,2,56,46,C. Björk,x3ad9hfxts6jpfugy3kvq9d5,1,92.9,47.2,2025-08-08T18:13:09.112,2025-08-08T18:14:17,"{""id"": 4611686018471235859, ""qualifierId"": 322, ""value"": ""0.0""}",1.0,byt0rdri3jylo021u4gswxb10,Hobro vs B 93,1_Division,2025-08-08,DNK,true,NaN,true,NaN,NaN,NaN,true,NaN,NaN,NaN,NaN,true,Center,NaN,NaN,NaN,NaN,NaN,NaN,NaN,NaN,NaN,NaN,NaN,NaN,NaN,NaN,true,NaN,NaN,NaN,55.5,59.7,NaN,NaN,NaN,NaN,NaN,true,NaN,NaN,98.6,49.5,NaN,NaN,NaN,NaN,NaN,0.15462949872016907,0.0,NaN,NaN,2,2,true,NaN,NaN,NaN,NaN,NaN,NaN,,,,,,,,,,,,,,,,,,,,,,,,,,
ajtb177oqwawkdwbqhldmq6mx,B 93,2832639159,554,15,2,59,6,A. Ahmad,4csz412vb3lquessbnf999ct0,1,89.0,62.0,2025-08-08T18:15:28.233,2025-08-08T18:52:16,"{""id"": 5827004947, ""qualifierId"": 56, ""value"": ""Center""}",1.0,byt0rdri3jylo021u4gswxb10,Hobro vs B 93,1_Division,2025-08-08,DNK,NaN,NaN,true,NaN,NaN,NaN,NaN,true,NaN,NaN,NaN,true,Center,NaN,NaN,NaN,NaN,true,NaN,NaN,NaN,true,NaN,NaN,NaN,NaN,NaN,NaN,NaN,NaN,NaN,52.2,7.0,NaN,NaN,98.1,53.6,NaN,true,NaN,NaN,NaN,NaN,537,NaN,NaN,NaN,NaN,0.16254986822605133,0.15794989466667175,NaN,NaN,2,2,NaN,NaN,NaN,NaN,NaN,NaN,NaN,,,,,,,,,,,,,,,,,,,,,,,,,,
ajtb177oqwawkdwbqhldmq6mx,B 93,2832639383,557,13,2,59,27,C. Björk,x3ad9hfxts6jpfugy3kvq9d5,1,76.3,57.7,2025-08-08T18:15:49.897,2025-08-08T18:17:05,"{""id"": 5827007179, ""qualifierId"": 321, ""value"": ""0.028690388426184654""}",NaN,byt0rdri3jylo021u4gswxb10,Hobro vs B 93,1_Division,2025-08-08,DNK,NaN,NaN,NaN,true,NaN,true,true,NaN,NaN,NaN,NaN,NaN,Center,NaN,NaN,NaN,NaN,NaN,NaN,NaN,NaN,NaN,NaN,NaN,NaN,NaN,NaN,true,NaN,NaN,NaN,48.4,59.7,NaN,NaN,NaN,NaN,NaN,NaN,NaN,true,98.8,51.1,NaN,NaN,NaN,NaN,NaN,0.028690388426184654,0.0,NaN,NaN,2,2,NaN,NaN,NaN,NaN,true,NaN,NaN,,,,,,,,,,,,,,,,,,,,,,,,,,
b2vft81kyjurzbmekvgrqwr64,Hobro,2832647411,640,13,2,71,22,O. Klitten,e19g5bz7s9wqcvj8mttztxi0a,1,76.4,46.3,2025-08-08T18:27:44.937,2025-08-08T18:28:54,"{""id"": 5827050387, ""qualifierId"": 22}",1.0,byt0rdri3jylo021u4gswxb10,Hobro vs B 93,1_Division,2025-08-08,DNK,NaN,NaN,NaN,true,NaN,true,true,NaN,NaN,NaN,NaN,true,Center,NaN,NaN,NaN,NaN,NaN,NaN,NaN,NaN,NaN,NaN,NaN,NaN,NaN,NaN,true,NaN,NaN,NaN,53.3,56.9,NaN,NaN,NaN,NaN,NaN,NaN,NaN,NaN,97.5,48.9,NaN,NaN,NaN,NaN,NaN,0.03427031263709068,0.0,NaN,true,2,2,NaN,NaN,NaN,NaN,NaN,NaN,NaN,,,,,,,,,,,,,,,,,,,,,,,,,,
ajtb177oqwawkdwbqhldmq6mx,B 93,2832645485,658,16,2,68,15,O. Addo,kqj7nh6pqmqbt0abyyu0fcpg,1,86.4,50.7,2025-08-08T18:24:37.256,2025-08-08T18:52:15,"{""id"": 5827040035, ""qualifierId"": 321, ""value"": ""0.153413325548172""}",1.0,byt0rdri3jylo021u4gswxb10,Hobro vs B 93,1_Division,2025-08-08,DNK,NaN,NaN,true,NaN,NaN,true,true,NaN,NaN,NaN,NaN,true,Center,NaN,NaN,NaN,NaN,NaN,NaN,NaN,NaN,NaN,NaN,NaN,NaN,true,NaN,NaN,NaN,NaN,NaN,47.8,7.6,NaN,NaN,NaN,NaN,NaN,true,true,NaN,96.0,50.4,NaN,NaN,NaN,NaN,NaN,0.153413325548172,0.30942264199256897,NaN,NaN,2,2,NaN,NaN,2025-08-08 19:24:36.399,68:14.240,NaN,618,NaN,,,,,,,,,,,,,,,,,,,,,,,,,,
ajtb177oqwawkdwbqhldmq6mx,B 93,2832646367,664,16,2,69,31,F. Isaki,86mx27krl6c613x6e3t9g3cic,1,91.4,61.3,2025-08-08T18:25:54.041,2025-08-08T18:52:16,"{""id"": 5827393195, ""qualifierId"": 89}",1.0,byt0rdri3jylo021u4gswxb10,Hobro vs B 93,1_Division,2025-08-08,DNK,NaN,NaN,true,NaN,NaN,NaN,NaN,true,NaN,NaN,NaN,true,Center,NaN,NaN,NaN,NaN,true,NaN,NaN,NaN,NaN,NaN,NaN,NaN,true,NaN,NaN,true,NaN,NaN,46.1,15.2,NaN,true,NaN,NaN,NaN,NaN,true,true,98.9,50.7,NaN,true,NaN,NaN,NaN,0.18293988704681396,0.4791407883167267,NaN,NaN,2,2,NaN,NaN,2025-08-08 19:25:53.330,69:31.171,NaN,NaN,NaN,,,,,,,,,,,,,,,,,,,,,,,,,,
b2vft81kyjurzbmekvgrqwr64,Hobro,2832654735,714,15,2,80,45,V. Rasmussen,dwuxps3jv2852642q000wep6,1,74.7,37.9,2025-08-08T18:37:07.789,2025-08-08T18:38:44,"{""id"": 5827094517, ""qualifierId"": 321, ""value"": ""0.02225346863269806""}",1.0,byt0rdri3jylo021u4gswxb10,Hobro vs B 93,1_Division,2025-08-08,DNK,NaN,NaN,NaN,true,NaN,true,true,NaN,NaN,NaN,NaN,true,Center,NaN,NaN,NaN,NaN,NaN,NaN,NaN,NaN,NaN,NaN,true,NaN,NaN,NaN,NaN,NaN,NaN,NaN,50.4,16.5,NaN,NaN,98.0,48.0,NaN,true,NaN,NaN,NaN,NaN,757,NaN,NaN,NaN,NaN,0.02225346863269806,0.014571229927241802,NaN,NaN,2,2,NaN,NaN,NaN,NaN,NaN,NaN,NaN,,,,,,,,,,,,,,,,,,,,,,,,,,
ajtb177oqwawkdwbqhldmq6mx,B 93,2832651687,717,15,2,77,7,N. Mouritsen,eyvv6b94feknnp1uew6n0ytat,1,69.8,44.2,2025-08-08T18:33:30.059,2025-08-08T18:34:43,"{""id"": 5827074331, ""qualifierId"": 56, ""value"": ""Center""}",1.0,byt0rdri3jylo021u4gswxb10,Hobro vs B 93,1_Division,2025-08-08,DNK,NaN,NaN,NaN,true,NaN,NaN,NaN,NaN,NaN,true,NaN,true,Center,NaN,NaN,NaN,NaN,true,NaN,NaN,NaN,NaN,NaN,true,NaN,NaN,true,NaN,NaN,NaN,NaN,48.2,19,NaN,NaN,84.9,46.2,NaN,NaN,NaN,true,98.5,50.2,685,NaN,NaN,NaN,NaN,0.012378572486341,0.0,NaN,NaN,2,2,NaN,NaN,NaN,NaN,NaN,NaN,NaN,,,,,,,,,,,,,,,,,,,,,,,,,,
ajtb177oqwawkdwbqhldmq6mx,B 93,2832652455,725,15,2,78,2,R. Arabaci,7h02v4ymnko5fh01iylbh34es,1,88.4,32.7,2025-08-08T18:34:25.059,2025-08-08T19:06:55,"{""id"": 5827166453, ""qualifierId"": 100}",1.0,byt0rdri3jylo021u4gswxb10,Hobro vs B 93,1_Division,2025-08-08,DNK,NaN,NaN,NaN,NaN,NaN,true,NaN,NaN,NaN,true,NaN,true,Center,NaN,NaN,true,NaN,NaN,NaN,NaN,NaN,NaN,NaN,true,NaN,NaN,true,NaN,NaN,true,true,49.6,19,NaN,NaN,99.0,48.4,NaN,true,NaN,NaN,98.9,45.3,687,NaN,NaN,NaN,NaN,0.046702612191438675,0.0,NaN,NaN,2,2,true,NaN,NaN,NaN,NaN,NaN,NaN,,,,,,,,,,,,,,,,,,,,,,,,,,
ajtb177oqwawkdwbqhldmq6mx,B 93,2832652483,726,15,2,78,6,O. Søe,9213debwtuph6cjborx73sx78,1,89.6,39.3,2025-08-08T18:34:29.134,2025-08-08T18:36:04,"{""id"": 5827081497, ""qualifierId"": 147, ""value"": ""41.5""}",NaN,byt0rdri3jylo021u4gswxb10,Hobro vs B 93,1_Division,2025-08-08,DNK,NaN,NaN,true,NaN,NaN,true,NaN,NaN,NaN,true,NaN,NaN,Center,NaN,NaN,NaN,NaN,NaN,NaN,NaN,NaN,true,NaN,NaN,NaN,NaN,true,NaN,NaN,true,NaN,52.2,19,NaN,NaN,94.9,41.5,NaN,NaN,NaN,NaN,99.5,48.9,817,NaN,NaN,NaN,NaN,0.07148003578186035,0.0,true,NaN,2,2,true,725,NaN,NaN,true,NaN,NaN,,,,,,,,,,,,,,,,,,,,,,,,,,
ajtb177oqwawkdwbqhldmq6mx,B 93,2832652525,727,13,2,78,9,N. Thomsen,4a0jmv6qmwn01iuqp1mhnyzth,1,88.0,38.9,2025-08-08T18:34:31.598,2025-08-08T18:35:47,"{""id"": 5827079103, ""qualifierId"": 17}",NaN,byt0rdri3jylo021u4gswxb10,Hobro vs B 93,1_Division,2025-08-08,DNK,NaN,NaN,true,NaN,NaN,NaN,true,NaN,NaN,NaN,NaN,NaN,Center,NaN,NaN,NaN,NaN,true,NaN,NaN,NaN,NaN,true,NaN,NaN,NaN,NaN,NaN,NaN,NaN,NaN,56.5,66.7,NaN,NaN,NaN,NaN,NaN,NaN,NaN,NaN,98.9,46.2,NaN,NaN,NaN,NaN,NaN,0.10622537136077881,0.0,NaN,NaN,2,2,true,NaN,NaN,NaN,true,NaN,NaN,,,,,,,,,,,,,,,,,,,,,,,,,,
b2vft81kyjurzbmekvgrqwr64,Hobro,2832657343,741,13,2,83,58,M. Bruhn,8gqvlydur0v4cpmz1ozqkejh0,1,91.2,59.9,2025-08-08T18:40:20.381,2025-08-08T19:06:00,"{""id"": 5827196601, ""qualifierId"": 103, ""value"": ""13.9""}",NaN,byt0rdri3jylo021u4gswxb10,Hobro vs B 93,1_Division,2025-08-08,DNK,NaN,NaN,true,NaN,NaN,NaN,true,NaN,NaN,NaN,NaN,NaN,Center,NaN,NaN,NaN,NaN,true,NaN,NaN,true,NaN,NaN,NaN,NaN,NaN,NaN,NaN,NaN,NaN,NaN,33.3,13.9,NaN,NaN,96.3,45.8,true,NaN,NaN,NaN,97.6,54.9,NaN,NaN,NaN,NaN,NaN,0.08715424686670303,0.0,NaN,NaN,2,2,NaN,NaN,NaN,NaN,true,NaN,NaN,,,,,,,,,,,,,,,,,,,,,,,,,,
b2vft81kyjurzbmekvgrqwr64,Hobro,2832665163,796,14,2,93,44,Z. Hyltoft,b0yv1pcxifawqx6r1cfqq3otm,1,65.7,46.1,2025-08-08T18:50:06.950,2025-08-08T18:51:20,"{""id"": 5827150583, ""qualifierId"": 19}",1.0,byt0rdri3jylo021u4gswxb10,Hobro vs B 93,1_Division,2025-08-08,DNK,NaN,NaN,NaN,NaN,true,true,true,NaN,NaN,NaN,NaN,true,Center,NaN,NaN,NaN,NaN,NaN,NaN,true,NaN,NaN,NaN,NaN,NaN,NaN,NaN,NaN,NaN,NaN,NaN,47.1,38.6,NaN,NaN,NaN,NaN,NaN,NaN,NaN,true,96.4,50,NaN,NaN,NaN,NaN,NaN,0.011828933842480183,0.0,NaN,NaN,2,2,NaN,NaN,NaN,NaN,NaN,NaN,NaN,,,,,,,,,,,,,,,,,,,,,,,,,,
b2vft81kyjurzbmekvgrqwr64,Hobro,2832665861,810,15,2,95,1,M. Nielsen,8q8yol44e42o9hwttlopznvh0,1,87.7,40.9,2025-08-08T18:51:23.856,2025-08-08T18:52:13,"{""id"": 5827217583, ""qualifierId"": 72}",NaN,byt0rdri3jylo021u4gswxb10,Hobro vs B 93,1_Division,2025-08-08,DNK,NaN,NaN,true,NaN,NaN,NaN,true,NaN,NaN,NaN,NaN,NaN,Center,NaN,NaN,NaN,NaN,true,NaN,NaN,NaN,NaN,NaN,NaN,NaN,true,true,NaN,NaN,NaN,NaN,47.8,19,NaN,NaN,92.7,43.7,NaN,NaN,NaN,true,98.4,48.6,896,NaN,NaN,NaN,NaN,0.06793303787708282,0.0,NaN,true,3,2,NaN,NaN,NaN,NaN,true,NaN,NaN,,,,,,,,,,,,,,,,,,,,,,,,,,
ajtb177oqwawkdwbqhldmq6mx,B 93,2832661385,822,15,2,86,38,F. Isaki,86mx27krl6c613x6e3t9g3cic,1,78.5,37.1,2025-08-08T18:43:00.263,2025-08-08T19:06:57,"{""id"": 5827132519, ""qualifierId"": 103, ""value"": ""5.1""}",1.0,byt0rdri3jylo021u4gswxb10,Hobro vs B 93,1_Division,2025-08-08,DNK,NaN,NaN,NaN,true,NaN,NaN,true,NaN,NaN,NaN,NaN,true,Center,NaN,NaN,NaN,NaN,true,NaN,NaN,NaN,NaN,NaN,true,NaN,NaN,NaN,NaN,NaN,NaN,NaN,51.8,5.1,NaN,NaN,98.4,49.5,NaN,NaN,NaN,true,NaN,NaN,754,NaN,NaN,NaN,NaN,0.030626341700553894,0.03020111285150051,NaN,NaN,2,3,NaN,NaN,NaN,NaN,NaN,NaN,NaN,,,,,,,,,,,,,,,,,,,,,,,,,,
b2vft81kyjurzbmekvgrqwr64,Hobro,2827645145,81,13,1,18,13,O. Klitten,e19g5bz7s9wqcvj8mttztxi0a,1,85.0,63.6,2025-07-18T16:49:45.763,2025-07-18T16:50:58,"{""id"": 5799071545, ""qualifierId"": 154}",1.0,brnzj43frth2y4gjyeex6n5lg,HB Køge vs Hobro,1_Division,2025-07-18,DNK,NaN,NaN,NaN,NaN,NaN,NaN,NaN,NaN,true,NaN,,true,Center,,,NaN,,true,NaN,NaN,NaN,NaN,,NaN,NaN,NaN,NaN,,NaN,NaN,NaN,41.8,63.9,,NaN,NaN,NaN,,true,NaN,NaN,97.7,52.5,NaN,NaN,NaN,NaN,NaN,0.04188882187008858,0.0,,NaN,2,3,NaN,,NaN,NaN,NaN,,NaN,,,,,,,,,NaN,,true,true,NaN,NaN,NaN,true,NaN,NaN,NaN,NaN,NaN,NaN,,,,
b2vft81kyjurzbmekvgrqwr64,Hobro,2827645455,108,13,1,20,54,M. Nielsen,8q8yol44e42o9hwttlopznvh0,1,79.7,55.4,2025-07-18T16:52:26.562,2025-07-18T16:53:36,"{""id"": 4611686018471100265, ""qualifierId"": 322, ""value"": ""0.0""}",NaN,brnzj43frth2y4gjyeex6n5lg,HB Køge vs Hobro,1_Division,2025-07-18,DNK,NaN,NaN,NaN,true,NaN,NaN,NaN,NaN,true,NaN,,NaN,Center,,,NaN,,true,NaN,NaN,true,NaN,,NaN,NaN,NaN,NaN,,NaN,NaN,NaN,38.5,23.6,,NaN,NaN,NaN,,NaN,NaN,true,98.4,51.3,NaN,NaN,NaN,NaN,NaN,0.02213340997695923,0.0,,NaN,2,3,true,,NaN,NaN,true,,NaN,,,,,,,,,NaN,,NaN,NaN,NaN,true,NaN,NaN,NaN,NaN,NaN,NaN,NaN,NaN,,,,
b2vft81kyjurzbmekvgrqwr64,Hobro,2827645569,121,15,1,22,44,L. Klitten,ea2x4o6ufsqoz2zz7tqcnvo16,1,87.4,64.0,2025-07-18T16:54:16.467,2025-07-18T16:55:26,"{""id"": 5799073971, ""qualifierId"": 103, ""value"": ""19""}",1.0,brnzj43frth2y4gjyeex6n5lg,HB Køge vs Hobro,1_Division,2025-07-18,DNK,NaN,NaN,NaN,NaN,NaN,NaN,true,NaN,NaN,NaN,,true,Center,,,NaN,,true,NaN,NaN,NaN,NaN,,true,NaN,NaN,true,,NaN,NaN,NaN,48.9,19,,NaN,93.8,55.8,,true,NaN,NaN,98.4,50.5,139,NaN,NaN,NaN,NaN,0.06794586032629013,0.0,,NaN,2,2,NaN,,NaN,NaN,NaN,,NaN,,,,,,,,,NaN,,true,NaN,NaN,NaN,NaN,NaN,NaN,NaN,NaN,NaN,NaN,NaN,,,,
8cfkisxf1fkxdqtt6tx1tup48,HB Køge,2827645781,155,13,1,25,32,M. Schütt,k43cten7yb6p59yo0firhb84,1,80.8,45.4,2025-07-18T16:57:04.452,2025-07-18T16:58:12,"{""id"": 5799075299, ""qualifierId"": 75}",NaN,brnzj43frth2y4gjyeex6n5lg,HB Køge vs Hobro,1_Division,2025-07-18,DNK,NaN,NaN,NaN,true,NaN,NaN,NaN,NaN,NaN,NaN,,NaN,Center,,,NaN,,true,NaN,NaN,true,NaN,,NaN,NaN,NaN,NaN,,NaN,NaN,NaN,40.3,20.8,,NaN,NaN,NaN,,NaN,NaN,NaN,98.2,50.4,NaN,NaN,NaN,NaN,NaN,0.05413743853569031,0.0,,NaN,2,3,true,,NaN,NaN,true,,NaN,,,,,,,,,NaN,,NaN,NaN,NaN,NaN,NaN,NaN,true,NaN,NaN,NaN,NaN,NaN,,,,
8cfkisxf1fkxdqtt6tx1tup48,HB Køge,2827645835,167,16,1,26,21,C. Tue Jensen,74m58jsznzu8l89b8h7rkh1bd,1,94.9,50.1,2025-07-18T16:57:53.469,2025-07-21T14:29:21,"{""id"": 5799075619, ""qualifierId"": 326, ""value"": ""3""}",1.0,brnzj43frth2y4gjyeex6n5lg,HB Køge vs Hobro,1_Division,2025-07-18,DNK,NaN,true,NaN,NaN,NaN,true,true,NaN,NaN,NaN,,true,Center,,,NaN,,NaN,NaN,NaN,NaN,NaN,,NaN,NaN,true,NaN,,NaN,NaN,NaN,47.4,10.1,,NaN,NaN,NaN,,true,true,NaN,99.0,50.5,NaN,NaN,NaN,NaN,NaN,0.4253637194633484,0.8902897238731384,,NaN,3,1,true,,2025-07-18 17:57:53.148,26:21.024,NaN,,NaN,,,,,,,,,NaN,,NaN,NaN,NaN,NaN,NaN,NaN,NaN,NaN,NaN,NaN,98.9,49.6,,,,
8cfkisxf1fkxdqtt6tx1tup48,HB Køge,2827646811,226,15,1,33,17,G. Çulhacı,1icurh5jrnw1e6jdgqxjnhdnu,1,80.5,36.0,2025-07-18T17:04:49.925,2025-07-21T14:29:22,"{""id"": 5799885433, ""qualifierId"": 76}",1.0,brnzj43frth2y4gjyeex6n5lg,HB Køge vs Hobro,1_Division,2025-07-18,DNK,NaN,NaN,NaN,true,NaN,NaN,true,NaN,NaN,NaN,,true,Center,,,NaN,,true,NaN,NaN,NaN,true,,NaN,NaN,NaN,NaN,,NaN,NaN,NaN,53.6,4.4,,NaN,99.0,48.9,,NaN,NaN,true,NaN,NaN,233,NaN,NaN,NaN,NaN,0.0578637570142746,0.37057891488075256,,NaN,1,2,NaN,,NaN,NaN,NaN,,NaN,,,,,,,,,NaN,,NaN,NaN,NaN,NaN,NaN,NaN,NaN,NaN,NaN,NaN,NaN,NaN,,,,
b2vft81kyjurzbmekvgrqwr64,Hobro,2827648511,316,13,1,39,14,M. Bruhn,8gqvlydur0v4cpmz1ozqkejh0,1,91.5,49.9,2025-07-18T17:10:46.962,2025-07-18T17:12:05,"{""id"": 5799090417, ""qualifierId"": 326, ""value"": ""3""}",1.0,brnzj43frth2y4gjyeex6n5lg,HB Køge vs Hobro,1_Division,2025-07-18,DNK,NaN,NaN,true,NaN,NaN,NaN,true,NaN,NaN,NaN,,true,Center,,,NaN,,true,true,NaN,NaN,NaN,,NaN,NaN,NaN,NaN,,NaN,NaN,NaN,61.3,13.9,,NaN,NaN,NaN,,true,true,NaN,98.8,49.8,NaN,NaN,NaN,NaN,NaN,0.3442246913909912,0.0,,NaN,3,1,NaN,,NaN,NaN,NaN,,NaN,,,,,,,,,NaN,,NaN,NaN,NaN,NaN,NaN,NaN,NaN,NaN,NaN,true,NaN,NaN,,,,
8cfkisxf1fkxdqtt6tx1tup48,HB Køge,2827651531,353,15,1,48,5,M. Schütt,k43cten7yb6p59yo0firhb84,1,75.7,59.7,2025-07-18T17:19:37.542,2025-07-18T17:20:45,"{""id"": 5799107097, ""qualifierId"": 22}",NaN,brnzj43frth2y4gjyeex6n5lg,HB Køge vs Hobro,1_Division,2025-07-18,DNK,NaN,NaN,NaN,true,NaN,true,true,NaN,NaN,NaN,,NaN,Center,,,NaN,,NaN,NaN,NaN,NaN,NaN,,true,NaN,NaN,true,,NaN,NaN,NaN,49.7,19,,NaN,80.8,57.6,,NaN,NaN,true,97.7,50.7,426,NaN,NaN,NaN,NaN,0.010132391937077045,0.0,,NaN,3,2,true,,NaN,NaN,true,,NaN,,,,,,,,,NaN,,NaN,NaN,NaN,true,NaN,NaN,NaN,NaN,NaN,NaN,NaN,NaN,,,,
8cfkisxf1fkxdqtt6tx1tup48,HB Køge,2827656943,413,15,2,48,40,G. Çulhacı,1icurh5jrnw1e6jdgqxjnhdnu,1,80.8,33.6,2025-07-18T17:38:06.476,2025-07-18T17:39:17,"{""id"": 5799137191, ""qualifierId"": 29}",1.0,brnzj43frth2y4gjyeex6n5lg,HB Køge vs Hobro,1_Division,2025-07-18,DNK,NaN,NaN,NaN,true,NaN,NaN,true,NaN,NaN,NaN,,true,Center,,,NaN,,true,NaN,NaN,NaN,NaN,,true,NaN,NaN,true,,NaN,NaN,NaN,51.0,19,,NaN,89.1,40.4,,true,NaN,true,99.0,48.7,506,NaN,NaN,NaN,NaN,0.03891422972083092,0.0,,NaN,1,2,true,,NaN,NaN,NaN,,NaN,,,,,,,,,NaN,,NaN,NaN,NaN,NaN,NaN,NaN,NaN,NaN,NaN,NaN,NaN,NaN,,,,
8cfkisxf1fkxdqtt6tx1tup48,HB Køge,2827657135,418,15,2,49,21,C. Tue Jensen,74m58jsznzu8l89b8h7rkh1bd,1,80.5,35.8,2025-07-18T17:38:47.066,2025-07-18T17:40:16,"{""id"": 4611686018471100601, ""qualifierId"": 322, ""value"": ""0.0""}",1.0,brnzj43frth2y4gjyeex6n5lg,HB Køge vs Hobro,1_Division,2025-07-18,DNK,NaN,NaN,NaN,true,NaN,true,NaN,NaN,NaN,true,,true,Center,,,NaN,,NaN,NaN,NaN,NaN,NaN,,true,NaN,NaN,true,,NaN,NaN,NaN,49.6,19,,NaN,92.7,44.4,,NaN,NaN,true,99.7,48.6,508,NaN,NaN,NaN,NaN,0.020036770030856133,0.0,,NaN,2,3,true,,NaN,NaN,NaN,,NaN,,,,,,,,,NaN,,NaN,NaN,NaN,NaN,NaN,NaN,NaN,NaN,NaN,NaN,NaN,NaN,,,,
b2vft81kyjurzbmekvgrqwr64,Hobro,2827651539,427,15,1,6,46,S. Andreasen,4qyfoq5fjiochtj89w426lm21,1,79.8,34.7,2025-07-18T16:38:18.300,2025-07-18T17:21:53,"{""id"": 5799109453, ""qualifierId"": 103, ""value"": ""19""}",NaN,brnzj43frth2y4gjyeex6n5lg,HB Køge vs Hobro,1_Division,2025-07-18,DNK,NaN,NaN,NaN,true,NaN,true,true,NaN,NaN,NaN,,NaN,Center,,,NaN,,NaN,NaN,NaN,NaN,NaN,,NaN,NaN,true,true,,NaN,NaN,NaN,47.3,19,,NaN,82.9,36.6,,NaN,NaN,true,96.9,48.2,107,NaN,NaN,NaN,NaN,0.019843757152557373,0.0,,true,3,3,NaN,,NaN,NaN,true,,NaN,,,,,,,,,NaN,,NaN,NaN,NaN,NaN,NaN,NaN,NaN,NaN,NaN,NaN,NaN,NaN,,,,
8cfkisxf1fkxdqtt6tx1tup48,HB Køge,2827659297,456,15,2,55,33,C. Tue Jensen,74m58jsznzu8l89b8h7rkh1bd,1,89.1,60.0,2025-07-18T17:44:58.569,2025-07-18T17:46:41,"{""id"": 5799150451, ""qualifierId"": 17}",1.0,brnzj43frth2y4gjyeex6n5lg,HB Køge vs Hobro,1_Division,2025-07-18,DNK,NaN,NaN,true,NaN,NaN,true,NaN,true,NaN,NaN,,true,Center,,,NaN,,NaN,NaN,NaN,NaN,NaN,,NaN,NaN,true,true,,NaN,true,true,47.3,19,,NaN,98.0,49.6,,true,NaN,NaN,95.8,55.4,602,NaN,NaN,NaN,NaN,0.3368866443634033,0.0,,NaN,1,2,NaN,,NaN,NaN,NaN,,NaN,,,,,,,,,NaN,,NaN,NaN,NaN,NaN,NaN,NaN,NaN,NaN,NaN,NaN,NaN,NaN,,,,
8cfkisxf1fkxdqtt6tx1tup48,HB Køge,2827660011,459,16,2,57,47,C. Tue Jensen,74m58jsznzu8l89b8h7rkh1bd,1,88.5,50.0,2025-07-18T17:47:13.474,2025-07-18T17:48:22,"{""id"": 5804311075, ""qualifierId"": 396, ""value"": ""47.3""}",NaN,brnzj43frth2y4gjyeex6n5lg,HB Køge vs Hobro,1_Division,2025-07-18,DNK,NaN,NaN,true,NaN,NaN,true,NaN,NaN,NaN,NaN,,NaN,Center,,,NaN,,NaN,NaN,NaN,NaN,true,,NaN,NaN,NaN,NaN,,NaN,NaN,NaN,53.9,11.4,,NaN,NaN,NaN,,NaN,true,NaN,99.7,50.4,NaN,NaN,PENALTY_WON,547731,4042,0.7884,0.7561879754066467,,NaN,1,1,NaN,,2025-07-18 18:47:12.750,57:47.265,true,,458,,,,,,,,,true,,NaN,NaN,NaN,NaN,NaN,NaN,NaN,604,544913,NaN,1.2,47.3,,,,
8cfkisxf1fkxdqtt6tx1tup48,HB Køge,2827660303,471,15,1,10,9,S. Larsen,4m7gr5z6b40dj02yrmlwgeluc,1,79.6,36.6,2025-07-18T16:41:41.888,2025-07-18T18:24:44,"{""id"": 5799167137, ""qualifierId"": 29}",1.0,brnzj43frth2y4gjyeex6n5lg,HB Køge vs Hobro,1_Division,2025-07-18,DNK,NaN,NaN,NaN,true,NaN,true,true,NaN,NaN,NaN,,true,Center,,,NaN,,NaN,NaN,NaN,NaN,NaN,,true,NaN,NaN,true,,NaN,NaN,NaN,49.7,19,,NaN,83.3,39.0,,NaN,NaN,true,97.5,47.7,439,NaN,NaN,NaN,NaN,0.03796278312802315,0.0,,NaN,2,2,NaN,,NaN,NaN,NaN,,NaN,,,,,,,,,NaN,,NaN,NaN,NaN,NaN,NaN,NaN,NaN,NaN,NaN,NaN,NaN,NaN,,,,
8cfkisxf1fkxdqtt6tx1tup48,HB Køge,2827661197,495,13,2,62,46,S. Larsen,4m7gr5z6b40dj02yrmlwgeluc,1,62.8,36.1,2025-07-18T17:52:12.090,2025-07-18T17:53:19,"{""id"": 5799160963, ""qualifierId"": 230, ""value"": ""98.2""}",1.0,brnzj43frth2y4gjyeex6n5lg,HB Køge vs Hobro,1_Division,2025-07-18,DNK,NaN,NaN,NaN,NaN,true,true,true,NaN,NaN,NaN,,true,Center,,,NaN,,NaN,NaN,NaN,NaN,NaN,,NaN,NaN,NaN,NaN,,NaN,NaN,NaN,57.1,15.3,,NaN,NaN,NaN,,NaN,NaN,true,98.2,47.7,NaN,NaN,NaN,NaN,NaN,0.01614575833082199,0.0,,NaN,1,2,NaN,,NaN,NaN,NaN,,NaN,,,,,,,,,NaN,,NaN,NaN,true,NaN,NaN,NaN,NaN,NaN,NaN,NaN,NaN,NaN,,,,
b2vft81kyjurzbmekvgrqwr64,Hobro,2827660501,636,15,2,59,43,O. Klitten,e19g5bz7s9wqcvj8mttztxi0a,1,86.4,35.4,2025-07-18T17:49:09.069,2025-07-21T15:29:22,"{""id"": 5799163253, ""qualifierId"": 20}",1.0,brnzj43frth2y4gjyeex6n5lg,HB Køge vs Hobro,1_Division,2025-07-18,DNK,NaN,NaN,NaN,NaN,NaN,true,true,NaN,NaN,NaN,,true,Center,,,true,,NaN,NaN,NaN,NaN,NaN,,NaN,true,NaN,NaN,,NaN,NaN,NaN,51.6,30.4,,NaN,99.7,46.9,,true,NaN,NaN,NaN,NaN,476,NaN,NaN,NaN,NaN,0.06217435747385025,0.4651850759983063,,NaN,2,2,true,,NaN,NaN,NaN,,NaN,,,,,,,,,NaN,,NaN,NaN,NaN,NaN,true,NaN,NaN,NaN,NaN,NaN,NaN,NaN,,,,
b2vft81kyjurzbmekvgrqwr64,Hobro,2827660541,640,15,2,59,55,S. Andreasen,4qyfoq5fjiochtj89w426lm21,1,85.6,42.4,2025-07-18T17:49:20.644,2025-07-21T15:29:22,"{""id"": 5799157241, ""qualifierId"": 103, ""value"": ""9.5""}",NaN,brnzj43frth2y4gjyeex6n5lg,HB Køge vs Hobro,1_Division,2025-07-18,DNK,NaN,NaN,true,NaN,NaN,true,true,NaN,NaN,NaN,,NaN,Center,,,NaN,,NaN,NaN,NaN,NaN,NaN,,true,NaN,NaN,NaN,,NaN,NaN,NaN,51.2,9.5,,NaN,98.4,47.3,,NaN,NaN,NaN,NaN,NaN,478,NaN,NaN,NaN,NaN,0.18918916583061218,0.30448633432388306,,NaN,1,2,NaN,,NaN,NaN,true,,NaN,,,,,,,,,NaN,,NaN,NaN,NaN,NaN,NaN,NaN,NaN,NaN,NaN,NaN,NaN,NaN,,,,
8cfkisxf1fkxdqtt6tx1tup48,HB Køge,2827663949,666,13,2,82,25,S. Hald,67p0s4o54xcmiustgy8k5gljo,1,94.0,49.7,2025-07-18T18:11:51.031,2025-07-18T18:12:59,"{""id"": 5799177013, ""qualifierId"": 230, ""value"": ""98.8""}",1.0,brnzj43frth2y4gjyeex6n5lg,HB Køge vs Hobro,1_Division,2025-07-18,DNK,true,NaN,true,NaN,NaN,NaN,NaN,NaN,true,NaN,,true,Center,,,NaN,,NaN,NaN,NaN,NaN,NaN,,NaN,NaN,NaN,NaN,,NaN,NaN,NaN,40.3,65.3,,NaN,NaN,NaN,,true,true,NaN,98.8,49.5,NaN,NaN,NaN,NaN,NaN,0.31960636377334595,0.0,,NaN,3,1,true,,NaN,NaN,NaN,,NaN,,,,,,,,,NaN,,NaN,true,NaN,NaN,NaN,NaN,NaN,NaN,NaN,NaN,NaN,NaN,,,,
8cfkisxf1fkxdqtt6tx1tup48,HB Køge,2827664563,711,13,2,86,10,A. Gøthler,d2ukggo2v5jsw4pctznmaijo4,1,90.9,39.7,2025-07-18T18:15:36.206,2025-07-18T18:16:49,"{""id"": 5799180969, ""qualifierId"": 230, ""value"": ""93.8""}",1.0,brnzj43frth2y4gjyeex6n5lg,HB Køge vs Hobro,1_Division,2025-07-18,DNK,NaN,NaN,true,NaN,NaN,true,true,NaN,NaN,NaN,,true,Center,,,NaN,,NaN,NaN,NaN,NaN,NaN,,NaN,NaN,NaN,NaN,,true,NaN,NaN,58.0,15.3,,NaN,NaN,NaN,,true,true,true,93.8,43.0,NaN,NaN,NaN,NaN,NaN,0.3776838779449463,0.0,,NaN,2,1,NaN,,NaN,NaN,NaN,,NaN,,,,,,,,,NaN,,NaN,NaN,true,NaN,NaN,NaN,NaN,NaN,NaN,NaN,NaN,NaN,,,,
b2vft81kyjurzbmekvgrqwr64,Hobro,2827661809,713,15,2,67,28,O. Klitten,e19g5bz7s9wqcvj8mttztxi0a,1,83.0,33.1,2025-07-18T17:56:54.423,2025-07-21T15:29:22,"{""id"": 5804319365, ""qualifierId"": 328}",1.0,brnzj43frth2y4gjyeex6n5lg,HB Køge vs Hobro,1_Division,2025-07-18,DNK,NaN,NaN,NaN,true,NaN,true,true,NaN,NaN,NaN,,true,Center,,,NaN,,NaN,NaN,NaN,NaN,NaN,,NaN,true,NaN,NaN,,NaN,NaN,NaN,50.2,32.3,,NaN,97.5,48.7,,NaN,NaN,NaN,NaN,NaN,536,NaN,NaN,NaN,NaN,0.03411634638905525,0.024784579873085022,,NaN,2,2,true,,NaN,NaN,NaN,,NaN,,,,,,,,,NaN,,NaN,NaN,NaN,NaN,NaN,NaN,NaN,NaN,NaN,NaN,NaN,NaN,,,,
b2vft81kyjurzbmekvgrqwr64,Hobro,2827661867,718,13,2,68,28,M. Boye,5jyv1dctfxa6335l1mlifwavo,1,94.2,50.7,2025-07-18T17:57:54.013,2025-07-18T17:59:06,"{""id"": 5799165237, ""qualifierId"": 327, ""value"": ""2""}",1.0,brnzj43frth2y4gjyeex6n5lg,HB Køge vs Hobro,1_Division,2025-07-18,DNK,true,NaN,true,NaN,NaN,NaN,NaN,NaN,NaN,true,,true,Center,,,NaN,,NaN,NaN,true,NaN,NaN,,NaN,NaN,NaN,NaN,,NaN,NaN,NaN,50.9,66.7,,NaN,NaN,NaN,,true,true,NaN,98.5,50.5,NaN,NaN,NaN,NaN,NaN,0.23839838802814484,0.0,,NaN,1,2,true,,NaN,NaN,NaN,,NaN,,,,,,,,,NaN,,NaN,NaN,NaN,NaN,NaN,NaN,NaN,NaN,NaN,NaN,NaN,NaN,,,,
8cfkisxf1fkxdqtt6tx1tup48,HB Køge,2827665521,744,15,2,91,25,N. Jakobsen,4ti8pdx03j8dh4mdb626ltmvo,1,81.3,60.9,2025-07-18T18:20:50.504,2025-07-18T18:22:01,"{""id"": 5799190905, ""qualifierId"": 78}",NaN,brnzj43frth2y4gjyeex6n5lg,HB Køge vs Hobro,1_Division,2025-07-18,DNK,NaN,NaN,NaN,true,NaN,NaN,NaN,true,NaN,NaN,,NaN,Center,,,NaN,,true,NaN,NaN,NaN,NaN,,true,NaN,NaN,true,,NaN,NaN,NaN,51.1,19,,NaN,84.9,59.0,,NaN,NaN,true,97.3,53.8,918,NaN,NaN,NaN,NaN,0.08833841234445572,0.0,,NaN,3,2,NaN,,NaN,NaN,true,,NaN,,,,,,,,,NaN,,NaN,NaN,NaN,NaN,NaN,NaN,NaN,NaN,NaN,NaN,NaN,NaN,,,,
8cfkisxf1fkxdqtt6tx1tup48,HB Køge,2827665729,757,15,2,92,24,B. Alkhoudari,6orujbbswf771s9rv0dcd8kd0,1,91.8,34.8,2025-07-18T18:21:50.216,2025-07-21T15:51:12,"{""id"": 5799190435, ""qualifierId"": 233, ""value"": ""938""}",1.0,brnzj43frth2y4gjyeex6n5lg,HB Køge vs Hobro,1_Division,2025-07-18,DNK,NaN,NaN,NaN,NaN,NaN,NaN,NaN,true,NaN,NaN,,true,Center,,,true,,true,NaN,NaN,NaN,NaN,,true,NaN,NaN,NaN,,NaN,NaN,NaN,50.1,13.3,,true,97.5,43.9,,true,NaN,NaN,NaN,NaN,938,true,NaN,NaN,NaN,0.10568642616271973,0.12180562317371368,,NaN,3,2,NaN,,NaN,NaN,NaN,,NaN,,,,,,,,,NaN,,NaN,NaN,NaN,NaN,NaN,NaN,NaN,NaN,NaN,NaN,NaN,NaN,,,,
b2vft81kyjurzbmekvgrqwr64,Hobro,2827662425,777,15,2,73,24,M. Boye,5jyv1dctfxa6335l1mlifwavo,1,95.4,50.3,2025-07-18T18:02:50.321,2025-07-21T15:29:20,"{""id"": 5799168963, ""qualifierId"": 103, ""value"": ""13.3""}",1.0,brnzj43frth2y4gjyeex6n5lg,HB Køge vs Hobro,1_Division,2025-07-18,DNK,NaN,true,NaN,NaN,NaN,true,NaN,NaN,true,NaN,,true,Center,,,NaN,,NaN,NaN,NaN,NaN,NaN,,true,NaN,NaN,NaN,,NaN,NaN,NaN,50.9,13.3,,NaN,99.0,48.9,,true,true,NaN,NaN,NaN,571,NaN,NaN,NaN,NaN,0.5547385215759277,0.33785682916641235,,NaN,2,1,true,,NaN,NaN,NaN,,NaN,,,,,,,,,NaN,,NaN,NaN,NaN,NaN,NaN,NaN,NaN,NaN,NaN,true,NaN,NaN,,,,
b2vft81kyjurzbmekvgrqwr64,Hobro,2827664047,847,15,2,83,5,O. Klitten,e19g5bz7s9wqcvj8mttztxi0a,1,89.2,41.3,2025-07-18T18:12:30.932,2025-07-18T18:13:41,"{""id"": 5799177735, ""qualifierId"": 82}",1.0,brnzj43frth2y4gjyeex6n5lg,HB Køge vs Hobro,1_Division,2025-07-18,DNK,NaN,NaN,true,NaN,NaN,true,true,NaN,NaN,NaN,,true,Center,,,NaN,,NaN,NaN,NaN,NaN,NaN,,true,NaN,NaN,true,,NaN,NaN,NaN,48.8,19,,NaN,93.4,45.1,,true,NaN,NaN,99.8,49.1,677,NaN,NaN,NaN,NaN,0.17173472046852112,0.0,,NaN,1,2,true,,NaN,NaN,NaN,,NaN,,,,,,,,,NaN,,NaN,NaN,NaN,NaN,NaN,NaN,NaN,NaN,NaN,NaN,NaN,NaN,,,,
b2vft81kyjurzbmekvgrqwr64,Hobro,2827665087,899,13,2,88,56,M. Boye,5jyv1dctfxa6335l1mlifwavo,1,94.8,51.6,2025-07-18T18:18:22.397,2025-07-18T18:20:17,"{""id"": 5799184639, ""qualifierId"": 75}",1.0,brnzj43frth2y4gjyeex6n5lg,HB Køge vs Hobro,1_Division,2025-07-18,DNK,true,true,NaN,NaN,NaN,NaN,NaN,NaN,NaN,true,,true,Center,,,NaN,,NaN,NaN,NaN,true,NaN,,NaN,NaN,NaN,NaN,,NaN,NaN,NaN,38.3,1.4,,NaN,NaN,NaN,,true,NaN,NaN,99.1,50.7,NaN,NaN,NaN,NaN,NaN,0.1858915239572525,0.0,,NaN,3,2,true,,NaN,NaN,NaN,,NaN,,,,,,,,,NaN,,NaN,NaN,NaN,NaN,NaN,NaN,NaN,NaN,NaN,NaN,NaN,NaN,,,,
b2vft81kyjurzbmekvgrqwr64,Hobro,2829867075,33,15,1,2,52,M. Bruhn,8gqvlydur0v4cpmz1ozqkejh0,1,87.7,64.2,2025-07-27T12:02:00.502,2025-07-27T12:03:08,"{""id"": 5811477593, ""qualifierId"": 64}",1.0,bw8yfbru8ng8r1m2aj5cptx5g,Hobro vs Middelfart,1_Division,2025-07-27,DNK,NaN,NaN,NaN,NaN,,NaN,NaN,true,NaN,NaN,NaN,true,Center,,NaN,NaN,NaN,true,NaN,NaN,NaN,NaN,NaN,true,,NaN,true,,,NaN,NaN,51.8,19,,,88.9,63.0,NaN,true,NaN,NaN,98.5,53.4,37,,,,,0.0712275505065918,0.0,,,3,2,NaN,,,,NaN,,,,,,,,,,,,,true,NaN,NaN,NaN,NaN,,,,,NaN,,,NaN,NaN,NaN,
b2vft81kyjurzbmekvgrqwr64,Hobro,2829868567,57,15,1,5,53,V. Rasmussen,dwuxps3jv2852642q000wep6,1,88.1,35.2,2025-07-27T12:05:01.988,2025-07-29T09:29:13,"{""id"": 5811486339, ""qualifierId"": 102, ""value"": ""48.8""}",1.0,bw8yfbru8ng8r1m2aj5cptx5g,Hobro vs Middelfart,1_Division,2025-07-27,DNK,NaN,NaN,NaN,NaN,,true,true,NaN,NaN,NaN,NaN,true,Center,,NaN,true,NaN,NaN,NaN,NaN,NaN,NaN,NaN,true,,NaN,NaN,,,NaN,NaN,48.8,9.5,,,96.5,45.3,NaN,true,NaN,true,NaN,NaN,66,,,,,0.1321592479944229,0.10702193528413773,,,2,1,NaN,,,,NaN,,,,,,,,,,,,,NaN,NaN,NaN,NaN,NaN,,,,,NaN,,,NaN,NaN,NaN,
eq2jaitwsokibzx3wy7kb5gqp,Middelfart,2829869131,74,15,1,6,55,J. Wielzen,1id5av4i7p6tmhf1vuigvlmvo,1,81.2,32.7,2025-07-27T12:06:03.818,2025-07-29T09:29:14,"{""id"": 5814058775, ""qualifierId"": 120}",1.0,bw8yfbru8ng8r1m2aj5cptx5g,Hobro vs Middelfart,1_Division,2025-07-27,DNK,NaN,NaN,NaN,true,,true,true,NaN,NaN,NaN,NaN,true,Center,,NaN,NaN,NaN,NaN,NaN,NaN,NaN,true,NaN,NaN,,NaN,NaN,,,NaN,NaN,52.5,4.4,,,98.6,48.0,NaN,true,NaN,NaN,NaN,NaN,62,,,,,0.04128212109208107,0.0924033522605896,,,1,2,true,,,,NaN,,,,,,,,,,,,,NaN,NaN,NaN,NaN,true,,,,,NaN,,,NaN,NaN,NaN,
b2vft81kyjurzbmekvgrqwr64,Hobro,2829874039,158,15,1,15,25,V. Rasmussen,dwuxps3jv2852642q000wep6,1,80.0,53.0,2025-07-27T12:14:33.336,2025-07-29T09:29:20,"{""id"": 5811516307, ""qualifierId"": 102, ""value"": ""53.5""}",1.0,bw8yfbru8ng8r1m2aj5cptx5g,Hobro vs Middelfart,1_Division,2025-07-27,DNK,NaN,NaN,NaN,true,,true,true,NaN,NaN,NaN,NaN,true,Center,,NaN,NaN,NaN,NaN,NaN,NaN,NaN,true,NaN,NaN,,NaN,NaN,,,NaN,NaN,53.5,19.0,,,97.6,50.5,NaN,NaN,NaN,true,NaN,NaN,163,,,,,0.035098589956760406,0.2043827325105667,,,3,2,NaN,,,,NaN,,,,,,,,,,,,,NaN,NaN,NaN,NaN,NaN,,,,,NaN,,,NaN,NaN,NaN,
b2vft81kyjurzbmekvgrqwr64,Hobro,2829875493,181,13,1,17,58,L. Klitten,ea2x4o6ufsqoz2zz7tqcnvo16,1,97.0,55.4,2025-07-27T12:17:07.126,2025-07-27T12:58:45,"{""id"": 5811524217, ""qualifierId"": 326, ""value"": ""3""}",NaN,bw8yfbru8ng8r1m2aj5cptx5g,Hobro vs Middelfart,1_Division,2025-07-27,DNK,NaN,NaN,NaN,NaN,,true,true,NaN,NaN,NaN,NaN,NaN,Center,,true,NaN,NaN,NaN,NaN,NaN,true,NaN,NaN,NaN,,NaN,NaN,,,NaN,NaN,25.2,11.1,,,99.1,34.7,true,NaN,true,NaN,98.2,52.9,NaN,,,,,0.21603795886039734,0.0,,,3,2,true,,,,true,,,,,,,,,,,,,NaN,NaN,NaN,true,NaN,,,,,true,,,NaN,NaN,NaN,
b2vft81kyjurzbmekvgrqwr64,Hobro,2829875859,195,13,1,18,42,V. Rasmussen,dwuxps3jv2852642q000wep6,1,87.0,45.4,2025-07-27T12:17:50.533,2025-07-27T17:35:39,"{""id"": 4611686018471161885, ""qualifierId"": 322, ""value"": ""0.0""}",1.0,bw8yfbru8ng8r1m2aj5cptx5g,Hobro vs Middelfart,1_Division,2025-07-27,DNK,NaN,NaN,true,NaN,,true,true,NaN,NaN,NaN,NaN,true,Center,,NaN,NaN,NaN,NaN,NaN,NaN,NaN,NaN,NaN,NaN,,NaN,NaN,,,NaN,NaN,56.6,6.9,,,93.0,52.0,true,true,NaN,NaN,98.9,50.5,NaN,,,,,0.1540694683790207,0.0,,,2,2,NaN,,,,NaN,,,,,,,,,,,,,NaN,NaN,true,NaN,NaN,,,,,true,,,NaN,NaN,true,
b2vft81kyjurzbmekvgrqwr64,Hobro,2829877481,223,14,1,22,2,M. Jacobsen,6bv0j0ezhh9u5u5hqz64p790q,1,71.5,52.1,2025-07-27T12:21:11.059,2025-07-27T12:22:39,"{""id"": 5811535785, ""qualifierId"": 26}",NaN,bw8yfbru8ng8r1m2aj5cptx5g,Hobro vs Middelfart,1_Division,2025-07-27,DNK,NaN,NaN,NaN,true,,true,NaN,NaN,NaN,NaN,true,NaN,Center,,NaN,NaN,NaN,NaN,NaN,true,NaN,NaN,NaN,NaN,,NaN,NaN,,,NaN,NaN,52.9,39.2,,,NaN,NaN,NaN,NaN,NaN,NaN,97.8,49.1,NaN,,,,,0.03511137515306473,0.0,,,1,3,NaN,,,,true,,,,,,,,,,,,,NaN,NaN,NaN,NaN,NaN,,,,,NaN,,,NaN,NaN,NaN,
eq2jaitwsokibzx3wy7kb5gqp,Middelfart,2829879191,231,13,1,26,7,J. Wielzen,1id5av4i7p6tmhf1vuigvlmvo,1,71.3,47.9,2025-07-27T12:25:16.048,2025-07-27T12:26:24,"{""id"": 5811545767, ""qualifierId"": 103, ""value"": ""90.3""}",1.0,bw8yfbru8ng8r1m2aj5cptx5g,Hobro vs Middelfart,1_Division,2025-07-27,DNK,NaN,NaN,NaN,true,,true,NaN,NaN,true,NaN,NaN,true,Center,,NaN,NaN,NaN,NaN,NaN,true,NaN,NaN,NaN,NaN,,NaN,NaN,,,NaN,NaN,46.4,90.3,,,NaN,NaN,NaN,NaN,NaN,true,99.0,49.8,NaN,,,,,0.017711494117975235,0.0,,,1,3,NaN,,,,NaN,,,,,,,,,,,,,NaN,NaN,NaN,NaN,NaN,,,,,NaN,,,NaN,NaN,NaN,
eq2jaitwsokibzx3wy7kb5gqp,Middelfart,2829880825,261,15,1,30,14,B. Bytyqi,a5ah5r5vl0pjgt655lc5qqvop,1,75.6,39.7,2025-07-27T12:29:22.837,2025-07-27T12:30:55,"{""id"": 5811556505, ""qualifierId"": 231, ""value"": ""49.6""}",1.0,bw8yfbru8ng8r1m2aj5cptx5g,Hobro vs Middelfart,1_Division,2025-07-27,DNK,NaN,NaN,NaN,true,,true,true,NaN,NaN,NaN,NaN,true,Center,,NaN,NaN,NaN,NaN,NaN,NaN,NaN,NaN,NaN,true,,NaN,true,,,NaN,NaN,51.6,19,,,79.7,41.7,NaN,NaN,NaN,true,99.0,49.6,325,,,,,0.024244684725999832,0.0,,,2,2,NaN,,,,NaN,,,,,,,,,,,,,NaN,NaN,NaN,NaN,NaN,,,,,NaN,,,NaN,NaN,NaN,
b2vft81kyjurzbmekvgrqwr64,Hobro,2829880111,300,15,1,28,26,S. Andreasen,4qyfoq5fjiochtj89w426lm21,1,85.0,37.2,2025-07-27T12:27:34.991,2025-07-27T12:29:23,"{""id"": 5811552797, ""qualifierId"": 230, ""value"": ""98.5""}",1.0,bw8yfbru8ng8r1m2aj5cptx5g,Hobro vs Middelfart,1_Division,2025-07-27,DNK,NaN,NaN,true,NaN,,true,true,NaN,NaN,NaN,NaN,true,Center,,NaN,NaN,NaN,NaN,NaN,NaN,NaN,NaN,NaN,true,,NaN,true,,,NaN,NaN,50.6,19,,,87.2,39.2,NaN,NaN,NaN,true,98.5,47.8,251,,,,,0.06146901100873947,0.0,,,2,3,NaN,,,,NaN,,,,,,,,,,,,,NaN,NaN,NaN,NaN,NaN,,,,,NaN,,,NaN,NaN,NaN,
eq2jaitwsokibzx3wy7kb5gqp,Middelfart,2829884643,346,15,1,38,2,J. Wielzen,1id5av4i7p6tmhf1vuigvlmvo,1,72.9,38.3,2025-07-27T12:37:10.886,2025-07-27T12:38:43,"{""id"": 5811576421, ""qualifierId"": 56, ""value"": ""Center""}",NaN,bw8yfbru8ng8r1m2aj5cptx5g,Hobro vs Middelfart,1_Division,2025-07-27,DNK,NaN,NaN,NaN,true,,true,NaN,NaN,NaN,NaN,true,NaN,Center,,NaN,NaN,NaN,NaN,NaN,NaN,NaN,NaN,NaN,true,,NaN,true,,,NaN,NaN,49.0,19,,,80.7,43.0,NaN,NaN,NaN,NaN,98.6,48.6,396,,,,,0.037047676742076874,0.0,,,1,3,NaN,,,,true,,,,,,,,,,,,,NaN,NaN,NaN,NaN,NaN,,,,,NaN,,,NaN,NaN,NaN,
b2vft81kyjurzbmekvgrqwr64,Hobro,2829881479,348,14,1,31,34,M. Bruhn,8gqvlydur0v4cpmz1ozqkejh0,1,86.4,53.8,2025-07-27T12:30:43.014,2025-07-27T12:32:42,"{""id"": 5811558715, ""qualifierId"": 17}",1.0,bw8yfbru8ng8r1m2aj5cptx5g,Hobro vs Middelfart,1_Division,2025-07-27,DNK,NaN,NaN,true,NaN,,true,true,NaN,NaN,NaN,NaN,true,Center,,NaN,NaN,NaN,NaN,NaN,true,NaN,NaN,NaN,NaN,,NaN,NaN,,,NaN,NaN,54.9,39.2,,,NaN,NaN,NaN,true,NaN,NaN,98.2,51.8,NaN,,,,,0.15053051710128784,0.0,,,2,2,NaN,,,,NaN,,,,,,,,,,,,,NaN,NaN,NaN,NaN,NaN,,,,,NaN,,,NaN,NaN,NaN,
eq2jaitwsokibzx3wy7kb5gqp,Middelfart,2829884739,348,13,1,38,9,M. Greve,ef7l91pb4w6yk7lijxjxlievp,1,92.3,65.8,2025-07-27T12:37:17.646,2025-07-27T12:38:36,"{""id"": 5811577695, ""qualifierId"": 154}",1.0,bw8yfbru8ng8r1m2aj5cptx5g,Hobro vs Middelfart,1_Division,2025-07-27,DNK,true,NaN,NaN,NaN,,NaN,NaN,NaN,true,NaN,NaN,true,Center,,NaN,NaN,NaN,NaN,NaN,NaN,NaN,NaN,NaN,NaN,,NaN,NaN,,,NaN,NaN,58.2,36.1,,,NaN,NaN,NaN,true,NaN,NaN,99.4,52.9,NaN,,,,,0.030806366354227066,0.0,,,1,1,true,,,,NaN,,,,,,,,,,,,,true,NaN,true,NaN,NaN,,,,,NaN,,,NaN,NaN,NaN,
eq2jaitwsokibzx3wy7kb5gqp,Middelfart,2829895685,410,13,2,45,53,E. Andersen,46nx0rm8sod6bbo4a3d7g6jv8,1,85.9,31.1,2025-07-27T12:59:34.712,2025-07-27T13:00:41,"{""id"": 5812273767, ""qualifierId"": 75}",1.0,bw8yfbru8ng8r1m2aj5cptx5g,Hobro vs Middelfart,1_Division,2025-07-27,DNK,NaN,NaN,NaN,NaN,,true,true,NaN,NaN,NaN,NaN,true,Center,,NaN,true,NaN,NaN,NaN,NaN,true,NaN,NaN,NaN,,NaN,NaN,,,NaN,NaN,39.7,9.7,,,NaN,NaN,NaN,true,NaN,NaN,98.4,47.5,NaN,,,,,0.031767167150974274,0.0,,,2,1,true,,,,NaN,,,,,,,,,,,,,NaN,NaN,NaN,true,NaN,,,,,NaN,,,NaN,NaN,NaN,
b2vft81kyjurzbmekvgrqwr64,Hobro,2829886419,432,15,1,41,11,M. Bruhn,8gqvlydur0v4cpmz1ozqkejh0,1,75.3,64.2,2025-07-27T12:40:20.106,2025-07-29T11:12:43,"{""id"": 5811586153, ""qualifierId"": 103, ""value"": ""11.4""}",1.0,bw8yfbru8ng8r1m2aj5cptx5g,Hobro vs Middelfart,1_Division,2025-07-27,DNK,NaN,NaN,NaN,true,,true,true,NaN,NaN,NaN,NaN,true,Center,,NaN,NaN,NaN,NaN,NaN,NaN,NaN,NaN,NaN,NaN,,true,NaN,,,NaN,NaN,46.8,11.4,,,97.8,49.8,NaN,NaN,NaN,true,NaN,NaN,366,,,,,0.03921790048480034,0.0898698940873146,,,1,2,NaN,,,,NaN,,,,,,,,,,,,,NaN,NaN,NaN,NaN,NaN,,,,,NaN,,,NaN,NaN,NaN,
b2vft81kyjurzbmekvgrqwr64,Hobro,2829886709,435,13,1,41,41,V. Rasmussen,dwuxps3jv2852642q000wep6,1,74.7,45.8,2025-07-27T12:40:50.214,2025-07-27T12:42:02,"{""id"": 5811587397, ""qualifierId"": 326, ""value"": ""1""}",1.0,bw8yfbru8ng8r1m2aj5cptx5g,Hobro vs Middelfart,1_Division,2025-07-27,DNK,NaN,NaN,NaN,true,,true,true,NaN,NaN,NaN,NaN,true,Center,,NaN,NaN,NaN,NaN,true,NaN,NaN,NaN,NaN,NaN,,NaN,NaN,,,NaN,NaN,61.3,9.7,,,NaN,NaN,NaN,NaN,NaN,true,97.1,50.2,NaN,,,,,0.04423079267144203,0.0,,,1,2,NaN,,,,NaN,,,,,,,,,,,,,NaN,NaN,NaN,NaN,true,,,,,NaN,,,NaN,NaN,NaN,
eq2jaitwsokibzx3wy7kb5gqp,Middelfart,2829897441,445,15,2,49,27,E. Andersen,46nx0rm8sod6bbo4a3d7g6jv8,1,90.3,53.6,2025-07-27T13:03:08.080,2025-07-27T13:04:14,"{""id"": 5811647679, ""qualifierId"": 230, ""value"": ""98.9""}",1.0,bw8yfbru8ng8r1m2aj5cptx5g,Hobro vs Middelfart,1_Division,2025-07-27,DNK,NaN,NaN,true,NaN,,NaN,true,NaN,NaN,NaN,NaN,true,Center,,NaN,NaN,NaN,true,NaN,NaN,NaN,true,NaN,NaN,,NaN,true,,,true,NaN,52.7,19,,,98.1,52.9,NaN,true,NaN,NaN,98.9,50.4,537,,,,,0.24117648601531982,0.0,,,2,2,true,,,,NaN,,,,,,,,,,,,,NaN,NaN,NaN,NaN,NaN,,,,,NaN,,,NaN,NaN,true,
eq2jaitwsokibzx3wy7kb5gqp,Middelfart,2829900207,509,13,2,54,32,M. Greve,ef7l91pb4w6yk7lijxjxlievp,1,94.2,44.2,2025-07-27T13:08:13.008,2025-07-27T13:10:13,"{""id"": 5811666941, ""qualifierId"": 25}",1.0,bw8yfbru8ng8r1m2aj5cptx5g,Hobro vs Middelfart,1_Division,2025-07-27,DNK,true,NaN,true,NaN,,NaN,NaN,NaN,NaN,true,NaN,true,Center,,NaN,NaN,NaN,NaN,true,NaN,NaN,NaN,NaN,NaN,,NaN,NaN,,,NaN,NaN,65.2,23.6,,,96.9,64.8,true,true,NaN,NaN,98.8,50,NaN,,,,,0.06308048218488693,0.0,,,3,2,true,,,,NaN,,,,,,,,,,,,,NaN,NaN,NaN,NaN,NaN,,,,,NaN,,,NaN,NaN,NaN,
eq2jaitwsokibzx3wy7kb5gqp,Middelfart,2829900233,510,13,2,54,33,B. Zjajo,amfro1vgaqpdg569xjk2h28ve,1,95.8,64.4,2025-07-27T13:08:14.801,2025-07-27T13:09:30,"{""id"": 5811664437, ""qualifierId"": 103, ""value"": ""12.5""}",1.0,bw8yfbru8ng8r1m2aj5cptx5g,Hobro vs Middelfart,1_Division,2025-07-27,DNK,NaN,NaN,NaN,NaN,,NaN,NaN,NaN,NaN,true,NaN,true,Center,,NaN,NaN,true,true,NaN,NaN,NaN,NaN,NaN,NaN,,NaN,NaN,,,NaN,NaN,57.8,12.5,,,NaN,NaN,NaN,NaN,NaN,NaN,99.1,53.6,NaN,,,,,0.03270537778735161,0.0,,,3,2,true,,,,NaN,,,,,,,,,,,,,NaN,NaN,true,true,NaN,,,,,NaN,,,NaN,NaN,NaN,
eq2jaitwsokibzx3wy7kb5gqp,Middelfart,2829903943,563,15,2,60,35,J. Wielzen,1id5av4i7p6tmhf1vuigvlmvo,1,83.0,29.9,2025-07-27T13:14:16.256,2025-07-27T13:15:36,"{""id"": 5811685163, ""qualifierId"": 146, ""value"": ""86.9""}",1.0,bw8yfbru8ng8r1m2aj5cptx5g,Hobro vs Middelfart,1_Division,2025-07-27,DNK,NaN,NaN,NaN,true,,true,NaN,true,NaN,NaN,NaN,true,Center,,NaN,NaN,NaN,NaN,NaN,NaN,NaN,NaN,NaN,true,,NaN,true,,,NaN,NaN,48.6,19,,,86.9,34.1,NaN,NaN,NaN,true,98.6,48.0,651,,,,,0.040823135524988174,0.0,,,1,2,NaN,,,,NaN,,,,,,,,,,,,,NaN,NaN,NaN,NaN,NaN,,,,,NaN,,,NaN,NaN,NaN,
b2vft81kyjurzbmekvgrqwr64,Hobro,2829902401,625,13,2,58,1,O. Klitten,e19g5bz7s9wqcvj8mttztxi0a,1,85.6,34.9,2025-07-27T13:11:42.821,2025-07-27T13:13:01,"{""id"": 5814200063, ""qualifierId"": 77}",1.0,bw8yfbru8ng8r1m2aj5cptx5g,Hobro vs Middelfart,1_Division,2025-07-27,DNK,NaN,NaN,NaN,NaN,,true,true,NaN,NaN,NaN,NaN,true,Center,,NaN,true,NaN,NaN,NaN,NaN,NaN,NaN,true,NaN,,NaN,NaN,,,NaN,NaN,56.0,72.2,,,NaN,NaN,NaN,true,NaN,NaN,98.2,47.3,NaN,,,,,0.06848464906215668,0.0,,,2,2,true,,,,NaN,,,,,,,,,,,,,NaN,NaN,NaN,NaN,NaN,,,,,NaN,,,NaN,NaN,NaN,
b2vft81kyjurzbmekvgrqwr64,Hobro,2829905537,677,13,2,63,11,M. Bruhn,8gqvlydur0v4cpmz1ozqkejh0,1,88.1,47.0,2025-07-27T13:16:52.579,2025-07-27T13:18:11,"{""id"": 5811693441, ""qualifierId"": 17}",1.0,bw8yfbru8ng8r1m2aj5cptx5g,Hobro vs Middelfart,1_Division,2025-07-27,DNK,true,NaN,true,NaN,,NaN,true,NaN,NaN,NaN,NaN,true,Center,,NaN,NaN,NaN,NaN,NaN,NaN,NaN,NaN,NaN,NaN,,NaN,NaN,,,NaN,NaN,56.3,45.8,,,NaN,NaN,NaN,true,NaN,NaN,98.8,48.6,NaN,,,,,0.06932049244642258,0.0,,,2,1,true,,,,NaN,,,,,,,,,,,,,NaN,NaN,NaN,NaN,NaN,,,,,NaN,,,true,NaN,NaN,
b2vft81kyjurzbmekvgrqwr64,Hobro,2829906931,699,13,2,65,32,T. Hansen,e0rgqk3gxzs005m9ok9hvp1ck,1,93.0,43.5,2025-07-27T13:19:12.984,2025-07-27T13:20:26,"{""id"": 5811702257, ""qualifierId"": 230, ""value"": ""99.1""}",1.0,bw8yfbru8ng8r1m2aj5cptx5g,Hobro vs Middelfart,1_Division,2025-07-27,DNK,NaN,NaN,true,NaN,,NaN,NaN,NaN,NaN,true,NaN,true,Center,,NaN,NaN,NaN,true,NaN,NaN,NaN,NaN,true,NaN,,NaN,NaN,,,NaN,NaN,58.7,95.8,,,NaN,NaN,NaN,true,true,NaN,99.1,48.7,NaN,,,,,0.17664611339569092,0.0,,,2,2,true,,,,NaN,,,,,,,,,,,,,NaN,NaN,NaN,true,NaN,,,,,NaN,,,NaN,NaN,NaN,
b2vft81kyjurzbmekvgrqwr64,Hobro,2829908387,719,13,2,68,5,V. Rasmussen,dwuxps3jv2852642q000wep6,1,86.5,60.5,2025-07-27T13:21:46.144,2025-07-27T13:22:55,"{""id"": 5813394947, ""qualifierId"": 154}",1.0,bw8yfbru8ng8r1m2aj5cptx5g,Hobro vs Middelfart,1_Division,2025-07-27,DNK,NaN,NaN,true,NaN,,true,true,NaN,NaN,NaN,NaN,true,Center,,NaN,NaN,NaN,NaN,NaN,NaN,NaN,NaN,NaN,NaN,,NaN,NaN,,,NaN,NaN,37.3,66.7,,,NaN,NaN,NaN,true,NaN,NaN,99.7,51.1,NaN,,,,,0.055541761219501495,0.0,,,3,2,NaN,,,,NaN,,,,,,,,,,,,,NaN,true,NaN,NaN,NaN,,,,,NaN,,,NaN,NaN,NaN,
eq2jaitwsokibzx3wy7kb5gqp,Middelfart,2829916463,747,15,2,86,33,J. Vetter,3ywgt5v070xudujs9f7cuqm7d,1,77.7,37.4,2025-07-27T13:40:14.199,2025-07-27T13:41:24,"{""id"": 5811755645, ""qualifierId"": 321, ""value"": ""0.03194631263613701""}",NaN,bw8yfbru8ng8r1m2aj5cptx5g,Hobro vs Middelfart,1_Division,2025-07-27,DNK,NaN,NaN,NaN,true,,true,true,NaN,NaN,NaN,NaN,NaN,Center,,NaN,NaN,NaN,NaN,NaN,NaN,NaN,NaN,NaN,true,,NaN,true,,,NaN,NaN,51.7,19,,,92.5,46.9,NaN,NaN,NaN,true,98.8,49.1,890,,,,,0.03194631263613701,0.0,,,1,2,true,,,,true,,,,,,,,,,,,,NaN,NaN,NaN,NaN,NaN,,,,,NaN,,,NaN,true,NaN,
b2vft81kyjurzbmekvgrqwr64,Hobro,2829913045,824,13,2,78,7,M. Nielsen,8q8yol44e42o9hwttlopznvh0,1,83.7,36.2,2025-07-27T13:31:48.873,2025-07-27T13:32:57,"{""id"": 5814199095, ""qualifierId"": 63}",1.0,bw8yfbru8ng8r1m2aj5cptx5g,Hobro vs Middelfart,1_Division,2025-07-27,DNK,NaN,NaN,NaN,NaN,,NaN,true,NaN,NaN,NaN,NaN,true,Center,,NaN,true,NaN,true,NaN,true,NaN,NaN,NaN,NaN,,NaN,NaN,,,NaN,NaN,47.9,63.9,,,NaN,NaN,NaN,NaN,NaN,true,97.6,47.7,NaN,,,,,0.02680227905511856,0.0,,,2,3,NaN,,,,NaN,,,,,,,,,,,,,NaN,NaN,NaN,NaN,NaN,,,,,NaN,,,NaN,NaN,NaN,
b2vft81kyjurzbmekvgrqwr64,Hobro,2829917349,900,15,2,89,2,T. Hansen,e0rgqk3gxzs005m9ok9hvp1ck,1,88.1,60.8,2025-07-27T13:42:43.356,2025-07-27T13:46:41,"{""id"": 5812390647, ""qualifierId"": 458}",NaN,bw8yfbru8ng8r1m2aj5cptx5g,Hobro vs Middelfart,1_Division,2025-07-27,DNK,NaN,NaN,true,NaN,,true,NaN,NaN,NaN,true,NaN,NaN,Center,,NaN,NaN,NaN,NaN,NaN,NaN,NaN,NaN,NaN,NaN,,true,true,,,NaN,NaN,46.9,12.5,,,89.0,58.8,NaN,NaN,NaN,NaN,99.7,51.6,766,,,,,0.026855401694774628,0.0,,,3,2,true,,,,true,,,,,,,,,,,,,NaN,NaN,NaN,true,NaN,,,,,NaN,,,NaN,NaN,NaN,
b2vft81kyjurzbmekvgrqwr64,Hobro,2829918975,943,15,2,93,8,M. Pedersen,9xub4z9b3bog8wqhn5yfihecp,1,78.1,30.7,2025-07-27T13:46:49.361,2025-07-28T12:29:07,"{""id"": 5811770387, ""qualifierId"": 103, ""value"": ""3.8""}",NaN,bw8yfbru8ng8r1m2aj5cptx5g,Hobro vs Middelfart,1_Division,2025-07-27,DNK,NaN,NaN,NaN,true,,true,true,NaN,NaN,NaN,NaN,NaN,Center,,NaN,NaN,NaN,NaN,NaN,NaN,NaN,NaN,NaN,true,,NaN,NaN,,,NaN,NaN,50.3,3.8,,,98.5,46.9,NaN,NaN,NaN,true,NaN,NaN,795,,,,,0.011066497303545475,0.02019994705915451,,,2,3,true,,,,true,,,,,,,,,,,,,NaN,NaN,NaN,true,NaN,,,,,NaN,,,NaN,NaN,NaN,
b2vft81kyjurzbmekvgrqwr64,Hobro,2829919719,965,15,2,95,19,F. Dietz,ebd3uvtt54wkdsahc2127j02c,1,95.7,48.9,2025-07-27T13:49:00.293,2025-07-27T13:52:16,"{""id"": 5814196683, ""qualifierId"": 16}",NaN,bw8yfbru8ng8r1m2aj5cptx5g,Hobro vs Middelfart,1_Division,2025-07-27,DNK,NaN,true,NaN,NaN,,true,NaN,NaN,NaN,true,NaN,NaN,Center,,NaN,NaN,NaN,NaN,NaN,NaN,NaN,NaN,NaN,true,,NaN,true,,,true,NaN,49.5,19,,,97.2,49.1,NaN,NaN,NaN,NaN,99.4,48.6,814,,,,,0.1218511164188385,0.0,,,3,3,true,,,,true,,,,,,,,,,,,,NaN,NaN,NaN,true,NaN,,,,,NaN,,,NaN,NaN,NaN,
b2vft81kyjurzbmekvgrqwr64,Hobro,2829919723,967,15,2,95,19,M. Pedersen,9xub4z9b3bog8wqhn5yfihecp,1,94.8,53.2,2025-07-27T13:49:00.901,2025-07-27T13:52:48,"{""id"": 5811778421, ""qualifierId"": 146, ""value"": ""96.8""}",1.0,bw8yfbru8ng8r1m2aj5cptx5g,Hobro vs Middelfart,1_Division,2025-07-27,DNK,NaN,true,NaN,NaN,,true,NaN,NaN,NaN,true,NaN,true,Center,,NaN,NaN,NaN,NaN,NaN,NaN,NaN,NaN,NaN,true,,NaN,true,,,true,true,50.4,19,,,96.8,53.3,NaN,true,true,NaN,98.6,48.7,816,,,,,0.3435108959674835,0.0,,,1,3,true,,,,NaN,,,,,,,,,,,,,NaN,NaN,NaN,true,NaN,,,,,NaN,,,NaN,NaN,NaN,
b2vft81kyjurzbmekvgrqwr64,Hobro,2830848997,148,16,1,16,34,O. Klitten,e19g5bz7s9wqcvj8mttztxi0a,1,92.0,51.9,2025-08-01T17:17:14.539,2025-08-03T08:29:18,"{""id"": 5820822617, ""qualifierId"": 79}",1.0,bwzcqlyc4oanyasqpjsglxgd0,AaB vs Hobro,1_Division,2025-08-01,DNK,true,,true,NaN,,NaN,true,NaN,,NaN,NaN,true,Center,NaN,NaN,NaN,,NaN,NaN,NaN,NaN,NaN,NaN,NaN,true,NaN,NaN,NaN,,,,48.6,32.9,,,NaN,NaN,,true,true,NaN,99.3,50.5,NaN,,NaN,NaN,NaN,0.25134140253067017,0.39711257815361023,,NaN,1,1,true,,2025-08-01 18:17:14.029,16:33.748,NaN,,NaN,,,,,,,,,NaN,,NaN,NaN,NaN,NaN,,,,NaN,NaN,,1.0,49.8,,NaN,,NaN
36g6ifzjliec1jqnbtf7yesme,AaB,2830848303,153,13,1,14,34,K. John,5vrsflxiv2dgfa8199a2qxsve,1,89.5,53.6,2025-08-01T17:15:14.906,2025-08-01T17:16:25,"{""id"": 5816964037, ""qualifierId"": 22}",1.0,bwzcqlyc4oanyasqpjsglxgd0,AaB vs Hobro,1_Division,2025-08-01,DNK,true,,true,NaN,,NaN,true,NaN,,NaN,NaN,true,Center,NaN,NaN,NaN,,NaN,NaN,NaN,NaN,NaN,NaN,NaN,NaN,NaN,NaN,NaN,,,,58.2,9.7,,,NaN,NaN,,true,true,NaN,99.1,52.3,NaN,,NaN,NaN,NaN,0.16190852224826813,0.0,,NaN,1,1,true,,NaN,NaN,NaN,,NaN,,,,,,,,,NaN,,NaN,NaN,true,NaN,,,,NaN,NaN,,NaN,NaN,,NaN,,NaN
b2vft81kyjurzbmekvgrqwr64,Hobro,2830849995,188,15,1,20,44,M. Bruhn,8gqvlydur0v4cpmz1ozqkejh0,1,96.8,40.3,2025-08-01T17:21:24.837,2025-08-03T08:29:13,"{""id"": 5816997089, ""qualifierId"": 214}",1.0,bwzcqlyc4oanyasqpjsglxgd0,AaB vs Hobro,1_Division,2025-08-01,DNK,NaN,,NaN,NaN,,true,true,NaN,,NaN,NaN,true,Center,true,NaN,NaN,,NaN,NaN,NaN,NaN,NaN,NaN,true,NaN,NaN,NaN,NaN,,,,48.2,13.9,,,98.9,44.0,,true,true,true,NaN,NaN,188,,NaN,NaN,NaN,0.3507024347782135,0.43517833948135376,,true,1,1,NaN,,NaN,NaN,NaN,,NaN,,,,,,,,,NaN,,NaN,NaN,NaN,NaN,,,,NaN,NaN,,NaN,NaN,,NaN,,NaN
b2vft81kyjurzbmekvgrqwr64,Hobro,2830849999,189,15,1,20,53,E. Søgaard,cflwegqpzch8y30pb3dhigqnd,1,95.7,42.3,2025-08-01T17:21:33.521,2025-08-01T19:12:14,"{""id"": 5817155341, ""qualifierId"": 81}",1.0,bwzcqlyc4oanyasqpjsglxgd0,AaB vs Hobro,1_Division,2025-08-01,DNK,NaN,,NaN,NaN,,true,true,NaN,,NaN,NaN,true,Center,true,NaN,NaN,,NaN,NaN,NaN,NaN,NaN,NaN,NaN,NaN,NaN,NaN,NaN,,,,46.8,24.1,,,99.1,47.5,,true,true,NaN,NaN,NaN,189,,NaN,NaN,NaN,0.16641570627689362,0.7084859013557434,,NaN,2,2,true,,NaN,NaN,NaN,,NaN,,,,,,,,,NaN,,NaN,true,NaN,true,,,,NaN,NaN,,NaN,NaN,,NaN,,NaN
b2vft81kyjurzbmekvgrqwr64,Hobro,2830850203,193,15,1,21,38,M. Jacobsen,6bv0j0ezhh9u5u5hqz64p790q,1,89.3,49.9,2025-08-01T17:22:18.409,2025-08-01T17:24:06,"{""id"": 5816976373, ""qualifierId"": 102, ""value"": ""51.5""}",NaN,bwzcqlyc4oanyasqpjsglxgd0,AaB vs Hobro,1_Division,2025-08-01,DNK,true,,true,NaN,,NaN,NaN,NaN,,true,NaN,NaN,Center,NaN,NaN,NaN,,NaN,NaN,NaN,NaN,NaN,NaN,true,NaN,NaN,true,NaN,,,,51.5,19,,,91.2,50.2,,NaN,NaN,NaN,98.6,49.8,204,,NaN,NaN,NaN,0.02656370960175991,0.0,,NaN,3,3,true,,NaN,NaN,true,,NaN,,,,,,,,,NaN,,NaN,NaN,NaN,NaN,,,,NaN,NaN,,NaN,NaN,,NaN,,NaN
36g6ifzjliec1jqnbtf7yesme,AaB,2830852827,323,13,1,31,2,B. Pudel,8vi3l756ez0e96k7muvg4ekbu,1,95.1,37.9,2025-08-01T17:31:43.225,2025-08-01T17:32:56,"{""id"": 5816990381, ""qualifierId"": 230, ""value"": ""98.5""}",1.0,bwzcqlyc4oanyasqpjsglxgd0,AaB vs Hobro,1_Division,2025-08-01,DNK,true,,NaN,NaN,,NaN,NaN,NaN,,true,NaN,true,Center,true,NaN,NaN,,NaN,NaN,NaN,NaN,NaN,NaN,NaN,NaN,NaN,NaN,NaN,,,,34.6,45.8,,,NaN,NaN,,true,NaN,NaN,98.5,47.7,NaN,,NaN,NaN,NaN,0.03724091500043869,0.0,,NaN,3,1,true,,NaN,NaN,NaN,,NaN,,,,,,,,,NaN,,NaN,true,NaN,NaN,,,,NaN,NaN,,NaN,NaN,,NaN,,NaN
b2vft81kyjurzbmekvgrqwr64,Hobro,2830855763,348,15,1,41,2,M. Bruhn,8gqvlydur0v4cpmz1ozqkejh0,1,77.7,56.8,2025-08-01T17:41:43.264,2025-08-01T17:43:17,"{""id"": 5817007155, ""qualifierId"": 56, ""value"": ""Center""}",1.0,bwzcqlyc4oanyasqpjsglxgd0,AaB vs Hobro,1_Division,2025-08-01,DNK,NaN,,NaN,true,,true,NaN,true,,NaN,NaN,true,Center,NaN,NaN,NaN,,NaN,NaN,NaN,NaN,NaN,NaN,true,NaN,NaN,true,NaN,,,,49.9,19,,,82.1,55.4,,true,NaN,NaN,98.2,51.1,432,,NaN,NaN,NaN,0.06441954523324966,0.0,,NaN,2,2,NaN,,NaN,NaN,NaN,,NaN,,,,,,,,,NaN,,NaN,NaN,NaN,NaN,,,,NaN,NaN,,NaN,NaN,,NaN,,NaN
b2vft81kyjurzbmekvgrqwr64,Hobro,2830856955,379,13,1,44,36,M. Nielsen,8q8yol44e42o9hwttlopznvh0,1,82.5,29.5,2025-08-01T17:45:16.678,2025-08-01T17:46:31,"{""id"": 5817013865, ""qualifierId"": 22}",1.0,bwzcqlyc4oanyasqpjsglxgd0,AaB vs Hobro,1_Division,2025-08-01,DNK,NaN,,NaN,true,,NaN,true,NaN,,NaN,NaN,true,Center,NaN,NaN,NaN,,true,NaN,NaN,NaN,NaN,NaN,NaN,NaN,NaN,NaN,NaN,,,,57.1,25,,,NaN,NaN,,NaN,NaN,true,98.6,49.3,NaN,,NaN,NaN,NaN,0.02781730517745018,0.0,,true,2,3,NaN,,NaN,NaN,NaN,,NaN,,,,,,,,,NaN,,NaN,NaN,true,NaN,,,,NaN,NaN,,NaN,NaN,,NaN,,NaN
36g6ifzjliec1jqnbtf7yesme,AaB,2830857773,481,13,1,46,48,E. Makolli,697f50qoetodmfe8ybcuey2ac,1,78.6,30.7,2025-08-01T17:47:28.440,2025-08-01T17:48:40,"{""id"": 5817018471, ""qualifierId"": 22}",NaN,bwzcqlyc4oanyasqpjsglxgd0,AaB vs Hobro,1_Division,2025-08-01,DNK,NaN,,NaN,true,,true,true,NaN,,NaN,NaN,NaN,Center,NaN,NaN,NaN,,NaN,NaN,NaN,NaN,NaN,NaN,NaN,NaN,NaN,NaN,NaN,,,,40.8,54.2,,,NaN,NaN,,NaN,NaN,true,98.2,47.3,NaN,,NaN,NaN,NaN,0.0329521968960762,0.0,,NaN,1,2,NaN,,NaN,NaN,true,,NaN,,,,,,,,,NaN,,NaN,NaN,NaN,NaN,,,,NaN,NaN,,NaN,NaN,,NaN,,true
b2vft81kyjurzbmekvgrqwr64,Hobro,2830863405,487,13,2,54,25,M. Pedersen,9xub4z9b3bog8wqhn5yfihecp,1,79.7,44.2,2025-08-01T18:14:08.494,2025-08-01T18:15:21,"{""id"": 4611686018471187203, ""qualifierId"": 322, ""value"": ""0.0""}",NaN,bwzcqlyc4oanyasqpjsglxgd0,AaB vs Hobro,1_Division,2025-08-01,DNK,NaN,,NaN,true,,true,true,NaN,,NaN,NaN,NaN,Center,NaN,NaN,NaN,,NaN,true,NaN,NaN,NaN,NaN,NaN,NaN,NaN,NaN,NaN,,,,63.9,16.7,,,NaN,NaN,,NaN,NaN,NaN,97.6,48.2,NaN,,NaN,NaN,NaN,0.030672015622258186,0.0,,NaN,3,3,true,,NaN,NaN,true,,NaN,,,,,,,,,NaN,,NaN,NaN,NaN,NaN,,,,NaN,NaN,,NaN,NaN,,NaN,,NaN
36g6ifzjliec1jqnbtf7yesme,AaB,2830860941,511,13,2,46,57,A. Jasson,8bi1tlz62rjwyak4pnnzgp562,1,74.9,41.5,2025-08-01T18:06:40.253,2025-08-01T18:07:49,"{""id"": 5817036003, ""qualifierId"": 29}",1.0,bwzcqlyc4oanyasqpjsglxgd0,AaB vs Hobro,1_Division,2025-08-01,DNK,NaN,,NaN,true,,true,true,NaN,,NaN,NaN,true,Center,NaN,NaN,NaN,,NaN,NaN,NaN,NaN,NaN,true,NaN,NaN,NaN,NaN,NaN,,,,56.3,68.1,,,NaN,NaN,,NaN,NaN,true,97.8,49.3,NaN,,NaN,NaN,NaN,0.024511586874723434,0.0,,NaN,2,3,NaN,,NaN,NaN,NaN,,NaN,,,,,,,,,NaN,,NaN,NaN,NaN,NaN,,,,NaN,NaN,,NaN,NaN,,true,,NaN
36g6ifzjliec1jqnbtf7yesme,AaB,2830861771,533,13,2,49,30,K. John,5vrsflxiv2dgfa8199a2qxsve,1,94.5,56.2,2025-08-01T18:09:13.523,2025-08-01T18:10:24,"{""id"": 5817040653, ""qualifierId"": 103, ""value"": ""72.2""}",1.0,bwzcqlyc4oanyasqpjsglxgd0,AaB vs Hobro,1_Division,2025-08-01,DNK,true,,NaN,NaN,,NaN,NaN,NaN,,true,NaN,true,Center,NaN,true,NaN,,NaN,NaN,true,NaN,NaN,NaN,NaN,NaN,NaN,NaN,NaN,,,,46.9,72.2,,,NaN,NaN,,true,NaN,NaN,99.0,53.6,NaN,,NaN,NaN,NaN,0.10046322643756866,0.0,,NaN,3,3,true,,NaN,NaN,NaN,,NaN,,,,,,,,,NaN,,NaN,NaN,NaN,NaN,,,,NaN,NaN,,NaN,NaN,,NaN,,NaN
36g6ifzjliec1jqnbtf7yesme,AaB,2830861993,539,15,2,50,10,A. Håpnes,5y2mfgruizah0ylcz7q1abw9g,1,84.5,33.0,2025-08-01T18:09:53.288,2025-08-01T18:11:01,"{""id"": 5817041765, ""qualifierId"": 103, ""value"": ""28.5""}",1.0,bwzcqlyc4oanyasqpjsglxgd0,AaB vs Hobro,1_Division,2025-08-01,DNK,NaN,,NaN,NaN,,NaN,true,NaN,,NaN,NaN,true,Center,NaN,NaN,true,,true,NaN,NaN,NaN,NaN,NaN,NaN,true,NaN,NaN,NaN,,,,49.8,28.5,,,98.8,46.6,,NaN,NaN,true,NaN,NaN,455,,NaN,NaN,NaN,0.04942561686038971,0.04088378697633743,,NaN,2,2,NaN,,NaN,NaN,NaN,,NaN,,,,,,,,,NaN,,NaN,NaN,NaN,NaN,,,,NaN,NaN,,NaN,NaN,,NaN,,NaN
36g6ifzjliec1jqnbtf7yesme,AaB,2830862231,545,15,2,50,58,O. Ross,5lz41celw55rz3zh8pohclw5w,1,86.6,61.5,2025-08-01T18:10:41.622,2025-08-01T18:11:51,"{""id"": 5817042911, ""qualifierId"": 327, ""value"": ""2""}",1.0,bwzcqlyc4oanyasqpjsglxgd0,AaB vs Hobro,1_Division,2025-08-01,DNK,NaN,,true,NaN,,true,true,NaN,,NaN,NaN,true,Center,NaN,NaN,NaN,,NaN,NaN,NaN,NaN,NaN,NaN,true,NaN,NaN,true,NaN,,,,51.7,19,,,91.5,57.9,,true,NaN,NaN,98.8,52.0,460,,NaN,NaN,NaN,0.09012597054243088,0.0,,NaN,2,2,NaN,,NaN,NaN,NaN,,NaN,,,,,,,,,NaN,,NaN,NaN,NaN,NaN,,,,NaN,NaN,,NaN,NaN,,NaN,,NaN
b2vft81kyjurzbmekvgrqwr64,Hobro,2830867531,626,13,2,72,2,M. Pedersen,9xub4z9b3bog8wqhn5yfihecp,1,71.9,38.3,2025-08-01T18:31:45.710,2025-08-01T18:32:56,"{""id"": 5817072779, ""qualifierId"": 56, ""value"": ""Center""}",NaN,bwzcqlyc4oanyasqpjsglxgd0,AaB vs Hobro,1_Division,2025-08-01,DNK,NaN,,NaN,true,,true,NaN,NaN,,NaN,true,NaN,Center,NaN,NaN,NaN,,NaN,NaN,NaN,NaN,NaN,NaN,NaN,NaN,NaN,NaN,true,,,,49.1,52.8,,,NaN,NaN,,NaN,NaN,NaN,98.1,48.7,NaN,,NaN,NaN,NaN,0.03368569165468216,0.0,,NaN,1,3,NaN,,NaN,NaN,true,,NaN,,,,,,,,,NaN,,NaN,NaN,NaN,NaN,,,,NaN,NaN,,NaN,NaN,,NaN,,NaN
36g6ifzjliec1jqnbtf7yesme,AaB,2830865557,655,16,2,63,48,O. Ross,5lz41celw55rz3zh8pohclw5w,1,88.5,50.0,2025-08-01T18:23:30.875,2025-08-01T18:24:48,"{""id"": 5817061977, ""qualifierId"": 230, ""value"": ""99.3""}",NaN,bwzcqlyc4oanyasqpjsglxgd0,AaB vs Hobro,1_Division,2025-08-01,DNK,NaN,,true,NaN,,true,NaN,NaN,,NaN,NaN,NaN,Center,NaN,NaN,NaN,,NaN,NaN,NaN,NaN,NaN,NaN,true,NaN,NaN,NaN,NaN,,,,48.8,3.8,,,NaN,NaN,,NaN,true,NaN,99.3,50,NaN,,PENALTY_WON,653205,401,0.7884,0.7946231961250305,,NaN,1,1,NaN,,2025-08-01 19:23:30.151,63:47.299,true,,654,,,,,,,,,true,,NaN,NaN,NaN,NaN,,,,563,243784,,1.0,46.4,,NaN,,NaN
36g6ifzjliec1jqnbtf7yesme,AaB,2830866011,673,13,2,65,55,K. John,5vrsflxiv2dgfa8199a2qxsve,1,89.8,49.7,2025-08-01T18:25:38.075,2025-08-01T18:26:46,"{""id"": 5817064523, ""qualifierId"": 154}",1.0,bwzcqlyc4oanyasqpjsglxgd0,AaB vs Hobro,1_Division,2025-08-01,DNK,NaN,,true,NaN,,true,true,NaN,,NaN,NaN,true,Center,NaN,NaN,NaN,,NaN,NaN,NaN,true,NaN,NaN,NaN,NaN,NaN,NaN,NaN,,,,40.3,18.1,,,NaN,NaN,,true,NaN,NaN,98.0,50.9,NaN,,NaN,NaN,NaN,0.1840665191411972,0.0,,NaN,2,2,true,,NaN,NaN,NaN,,NaN,,,,,,,,,NaN,,NaN,NaN,NaN,NaN,,,,NaN,NaN,,NaN,NaN,,NaN,,NaN
36g6ifzjliec1jqnbtf7yesme,AaB,2830868789,750,15,2,75,31,A. Jasson,8bi1tlz62rjwyak4pnnzgp562,1,87.2,64.0,2025-08-01T18:35:14.214,2025-08-01T18:36:39,"{""id"": 5817079757, ""qualifierId"": 22}",1.0,bwzcqlyc4oanyasqpjsglxgd0,AaB vs Hobro,1_Division,2025-08-01,DNK,NaN,,NaN,NaN,,true,true,NaN,,NaN,NaN,true,Center,NaN,NaN,NaN,,NaN,NaN,NaN,NaN,NaN,NaN,NaN,NaN,true,true,NaN,,,,46.7,19,,,94.0,54.9,,NaN,NaN,true,98.8,52.7,637,,NaN,NaN,NaN,0.0686190277338028,0.0,,NaN,2,2,NaN,,NaN,NaN,NaN,,NaN,,,,,,,,,NaN,,true,NaN,NaN,NaN,,,,NaN,NaN,,NaN,NaN,,NaN,,NaN
36g6ifzjliec1jqnbtf7yesme,AaB,2830869813,779,15,2,77,50,A. Maarup,cf6zq49y8v1ekw07e7yi3uac,1,70.7,41.1,2025-08-01T18:37:33.840,2025-08-01T18:38:43,"{""id"": 5817085575, ""qualifierId"": 56, ""value"": ""Center""}",1.0,bwzcqlyc4oanyasqpjsglxgd0,AaB vs Hobro,1_Division,2025-08-01,DNK,NaN,,NaN,true,,true,true,NaN,,NaN,NaN,true,Center,NaN,NaN,NaN,,NaN,NaN,NaN,NaN,true,NaN,NaN,NaN,NaN,true,NaN,,,,52.3,19,,,84.1,46.2,,NaN,NaN,true,97.8,50.4,660,,NaN,NaN,NaN,0.015092780813574791,0.0,,NaN,2,2,NaN,,NaN,NaN,NaN,,NaN,,,,,,,,,NaN,,NaN,NaN,NaN,NaN,,,,NaN,NaN,,NaN,NaN,,NaN,,NaN
36g6ifzjliec1jqnbtf7yesme,AaB,2830874455,888,15,2,88,29,A. Jasson,8bi1tlz62rjwyak4pnnzgp562,1,81.5,53.3,2025-08-01T18:48:12.332,2025-08-01T18:53:59,"{""id"": 5817126749, ""qualifierId"": 102, ""value"": ""48.8""}",1.0,bwzcqlyc4oanyasqpjsglxgd0,AaB vs Hobro,1_Division,2025-08-01,DNK,NaN,,NaN,true,,true,true,NaN,,NaN,NaN,true,Center,NaN,NaN,NaN,,NaN,NaN,NaN,NaN,NaN,NaN,true,NaN,NaN,true,NaN,,,,48.8,19,,,84.0,52.7,,NaN,NaN,true,98.4,50.7,740,,NaN,NaN,NaN,0.04471210390329361,0.0,,true,3,2,NaN,,NaN,NaN,NaN,,NaN,,,,,,,,,NaN,,NaN,NaN,NaN,NaN,,,,NaN,NaN,,NaN,NaN,,NaN,,NaN
