contestantId,team_name,id,eventId,typeId,periodId,timeMin,timeSec,playerName,playerId,outcome,x,y,timeStamp,lastModified,assist,qualifier,match_id,label,league_name,date,country,15,16,17,18,19,20,22,23,24,25,29,56,61,62,63,64,72,73,76,78,79,80,81,82,83,100,102,103,146,147,154,214,215,230,231,233,321,322,323,324,326,327,328,338,374,375,458,468,sequenceId,possessionId,keyPass,140,141,318,210,6,9,26,107,77,84,85,108,113,114,133,136,160,216,217,395,396,74,121,60,65,69,75,89,101,120,153,280,281,282,472,138,273
f1h34qp5zbfl489q8vnkhiq9s,Esbjerg,2835059035,48,16,1,5,8,L. From,6hmsrr08cllpl4iumu92zskbt,1,80.5,33.4,2025-08-15T17:06:38.266,2025-08-15T17:10:28,1.0,"{""id"": 5840533709, ""qualifierId"": 22}",c11roebervevn56x2ctwxdmvo,B 93 vs Esbjerg,1_Division,2025-08-15,DNK,NaN,NaN,NaN,true,NaN,true,true,NaN,NaN,NaN,true,Center,NaN,NaN,NaN,NaN,NaN,NaN,NaN,NaN,NaN,true,NaN,NaN,NaN,NaN,46.8,15.2,NaN,NaN,NaN,NaN,true,98.0,47.3,NaN,0.035937704145908356,0.08744712173938751,NaN,NaN,2,2,NaN,NaN,2025-08-15 18:06:36.863,05:06.696,NaN,NaN,,,,,,,,,,,,,,,,,,,,,,,,,,,,,,,,,,,,,,,,
f1h34qp5zbfl489q8vnkhiq9s,Esbjerg,2835063133,118,15,1,12,37,J. Buus,s8c0oxnoqt6zi7pi88rwawvd,1,75.7,28.4,2025-08-15T17:14:07.192,2025-08-15T17:17:13,1.0,"{""id"": 5840557419, ""qualifierId"": 233, ""value"": ""149""}",c11roebervevn56x2ctwxdmvo,B 93 vs Esbjerg,1_Division,2025-08-15,DNK,NaN,NaN,NaN,true,NaN,true,true,NaN,NaN,NaN,true,Center,NaN,NaN,NaN,NaN,NaN,NaN,NaN,true,NaN,NaN,NaN,NaN,NaN,NaN,50.4,3.8,98.1,47.8,NaN,NaN,true,NaN,NaN,149,0.016314487904310226,0.010716421529650688,NaN,NaN,2,2,NaN,NaN,NaN,NaN,NaN,NaN,,,,,,,,,,,,,,,,,,,,,,,,,,,,,,,,,,,,,,,,
f1h34qp5zbfl489q8vnkhiq9s,Esbjerg,2835067163,187,15,1,19,10,P. Bjur,6m4anciafmzc24s44xszymbc9,1,77.8,40.3,2025-08-15T17:20:40.909,2025-08-15T17:21:50,1.0,"{""id"": 5840579707, ""qualifierId"": 56, ""value"": ""Center""}",c11roebervevn56x2ctwxdmvo,B 93 vs Esbjerg,1_Division,2025-08-15,DNK,NaN,NaN,NaN,true,NaN,NaN,true,NaN,NaN,NaN,true,Center,NaN,NaN,NaN,NaN,true,NaN,NaN,true,NaN,NaN,NaN,true,NaN,NaN,50.3,19,91.7,46.6,NaN,NaN,true,98.2,48.0,198,0.040976837277412415,0.0,NaN,NaN,2,3,NaN,NaN,NaN,NaN,NaN,NaN,,,,,,,,,,,,,,,,,,,,,,,,,,,,,,,,,,,,,,,,
f1h34qp5zbfl489q8vnkhiq9s,Esbjerg,2835068653,208,16,1,21,57,J. Ankersen,4mxciw9jsj9l437fd7bv78p91,1,86.3,52.0,2025-08-15T17:23:27.190,2025-08-15T17:25:28,1.0,"{""id"": 5840681925, ""qualifierId"": 468, ""value"": ""232""}",c11roebervevn56x2ctwxdmvo,B 93 vs Esbjerg,1_Division,2025-08-15,DNK,NaN,NaN,true,NaN,NaN,true,true,NaN,NaN,NaN,true,Center,NaN,NaN,NaN,NaN,NaN,NaN,true,NaN,NaN,NaN,NaN,NaN,NaN,NaN,53.9,15.2,NaN,NaN,true,true,NaN,93.4,50.2,NaN,0.12858210504055023,0.7511464357376099,NaN,NaN,2,2,true,NaN,2025-08-15 18:23:26.323,21:56.156,NaN,232,,,,,,,,,,,,,,,,,,,,,,,,,,,,,,,,,,,,,,,,
ajtb177oqwawkdwbqhldmq6mx,B 93,2835068317,221,15,1,21,26,M. Wohlgemuth,e8vt8711wb40afht2v13omket,1,76.1,62.4,2025-08-15T17:22:56.540,2025-08-15T17:54:40,NaN,"{""id"": 5840586571, ""qualifierId"": 56, ""value"": ""Center""}",c11roebervevn56x2ctwxdmvo,B 93 vs Esbjerg,1_Division,2025-08-15,DNK,NaN,NaN,NaN,true,NaN,NaN,true,NaN,NaN,NaN,NaN,Center,NaN,NaN,NaN,NaN,true,NaN,NaN,true,NaN,NaN,NaN,true,NaN,true,51.0,19,94.5,53.6,NaN,NaN,NaN,98.0,51.6,203,0.017884433269500732,0.0,NaN,NaN,2,3,true,NaN,NaN,NaN,true,NaN,,,,,,,,,,,,,,,,,,,,,,,,,,,,,,,,,,,,,,,,
f1h34qp5zbfl489q8vnkhiq9s,Esbjerg,2835070945,245,16,1,26,18,A. Lausen,ate1ymumg2iwzn8uyyf3ts222,1,77.8,45.2,2025-08-15T17:27:48.400,2025-08-15T18:03:57,1.0,"{""id"": 5840602619, ""qualifierId"": 231, ""value"": ""50""}",c11roebervevn56x2ctwxdmvo,B 93 vs Esbjerg,1_Division,2025-08-15,DNK,NaN,NaN,NaN,true,NaN,true,NaN,true,NaN,NaN,true,Center,NaN,NaN,NaN,NaN,NaN,NaN,true,NaN,NaN,NaN,NaN,NaN,NaN,NaN,53.6,4.4,NaN,NaN,NaN,NaN,true,98.2,50,NaN,0.11072145402431488,0.2322922945022583,NaN,NaN,1,2,NaN,NaN,2025-08-15 18:27:46.988,26:16.821,NaN,NaN,,,,,,,,,,,,,,,,,,,,,,,,,,,,,,,,,,,,,,,,
f1h34qp5zbfl489q8vnkhiq9s,Esbjerg,2835072593,259,13,1,30,11,J. Lucena,5sha6xhovfmuzd7rolx1om39w,1,91.9,37.3,2025-08-15T17:31:41.347,2025-08-15T17:32:55,1.0,"{""id"": 5840611371, ""qualifierId"": 15}",c11roebervevn56x2ctwxdmvo,B 93 vs Esbjerg,1_Division,2025-08-15,DNK,true,NaN,true,NaN,NaN,NaN,NaN,NaN,true,NaN,true,Center,NaN,NaN,NaN,NaN,NaN,NaN,NaN,NaN,NaN,NaN,NaN,NaN,true,NaN,57.6,9.7,NaN,NaN,true,NaN,NaN,98.6,48.2,NaN,0.025666765868663788,0.0,NaN,NaN,2,2,true,NaN,NaN,NaN,NaN,NaN,,,,,,,,,,,,,,,,,,,,,,,,,,,,,,,,,,,,,,,,
f1h34qp5zbfl489q8vnkhiq9s,Esbjerg,2835074001,290,15,1,32,59,L. From,6hmsrr08cllpl4iumu92zskbt,1,76.1,31.6,2025-08-15T17:34:29.981,2025-08-15T17:40:33,1.0,"{""id"": 5840633755, ""qualifierId"": 230, ""value"": ""98.8""}",c11roebervevn56x2ctwxdmvo,B 93 vs Esbjerg,1_Division,2025-08-15,DNK,NaN,NaN,NaN,true,NaN,true,true,NaN,NaN,NaN,true,Center,NaN,NaN,NaN,NaN,NaN,NaN,NaN,true,NaN,NaN,NaN,true,NaN,NaN,49.5,19,79.9,34.5,NaN,NaN,true,98.8,47.1,331,0.019722793251276016,0.0,NaN,true,2,2,NaN,NaN,NaN,NaN,NaN,NaN,,,,,,,,,,,,,,,,,,,,,,,,,,,,,,,,,,,,,,,,
ajtb177oqwawkdwbqhldmq6mx,B 93,2835080299,443,15,1,44,40,A. Ahmad,4csz412vb3lquessbnf999ct0,1,94.8,34.0,2025-08-15T17:46:10.286,2025-08-15T17:47:17,NaN,"{""id"": 5840654267, ""qualifierId"": 62}",c11roebervevn56x2ctwxdmvo,B 93 vs Esbjerg,1_Division,2025-08-15,DNK,NaN,NaN,NaN,NaN,NaN,true,true,NaN,NaN,NaN,NaN,Center,NaN,true,NaN,NaN,NaN,NaN,NaN,NaN,NaN,true,NaN,true,NaN,true,47.0,19,96.3,37.7,NaN,NaN,true,99.4,44.9,423,0.11874647438526154,0.0,NaN,true,2,2,NaN,NaN,NaN,NaN,true,NaN,,,,,,,,,,,,,,,,,,,,,,,,,,,,,,,,,,,,,,,,
ajtb177oqwawkdwbqhldmq6mx,B 93,2835080927,447,16,1,45,18,C. Björk,x3ad9hfxts6jpfugy3kvq9d5,1,97.5,53.7,2025-08-15T17:46:48.862,2025-08-15T17:50:45,1.0,"{""id"": 5840659189, ""qualifierId"": 230, ""value"": ""98.8""}",c11roebervevn56x2ctwxdmvo,B 93 vs Esbjerg,1_Division,2025-08-15,DNK,true,true,NaN,NaN,NaN,NaN,NaN,NaN,NaN,true,true,Center,NaN,NaN,NaN,NaN,NaN,NaN,true,NaN,NaN,NaN,NaN,NaN,NaN,NaN,53.6,5.7,NaN,NaN,true,true,NaN,98.8,50.7,NaN,0.3117489814758301,0.9657789468765259,NaN,NaN,2,2,true,NaN,2025-08-15 18:46:48.644,45:18.477,NaN,NaN,,,,,,,,,,,,,,,,,,,,,,,,,,,,,,,,,,,,,,,,
f1h34qp5zbfl489q8vnkhiq9s,Esbjerg,2835089397,463,13,2,45,26,J. Ankersen,4mxciw9jsj9l437fd7bv78p91,1,58.1,35.1,2025-08-15T18:04:21.393,2025-08-15T18:06:50,1.0,"{""id"": 5840711591, ""qualifierId"": 230, ""value"": ""98.9""}",c11roebervevn56x2ctwxdmvo,B 93 vs Esbjerg,1_Division,2025-08-15,DNK,NaN,NaN,NaN,NaN,true,NaN,true,NaN,NaN,NaN,true,Center,NaN,NaN,NaN,NaN,true,NaN,NaN,NaN,NaN,NaN,true,NaN,NaN,NaN,41.0,69.4,NaN,NaN,NaN,NaN,NaN,98.9,48.6,NaN,0.00797888170927763,0.0,NaN,NaN,2,2,true,NaN,NaN,NaN,NaN,NaN,,,,,,,,,,,,,,,,,,,,,,,,,,,,,,,,,,,,,,,,
f1h34qp5zbfl489q8vnkhiq9s,Esbjerg,2835095285,526,15,2,51,54,P. Bjur,6m4anciafmzc24s44xszymbc9,1,84.6,52.8,2025-08-15T18:10:49.326,2025-08-15T18:54:15,1.0,"{""id"": 5840737997, ""qualifierId"": 56, ""value"": ""Center""}",c11roebervevn56x2ctwxdmvo,B 93 vs Esbjerg,1_Division,2025-08-15,DNK,NaN,NaN,true,NaN,NaN,NaN,true,NaN,NaN,NaN,true,Center,NaN,NaN,NaN,NaN,true,NaN,true,NaN,NaN,NaN,NaN,NaN,NaN,NaN,53.8,12.7,96.7,52.2,true,NaN,NaN,NaN,NaN,534,0.12792816758155823,0.24789197742938995,NaN,NaN,2,2,NaN,NaN,NaN,NaN,NaN,NaN,,,,,,,,,,,,,,,,,,,,,,,,,,,,,,,,,,,,,,,,
f1h34qp5zbfl489q8vnkhiq9s,Esbjerg,2835098041,547,13,2,54,36,L. From,6hmsrr08cllpl4iumu92zskbt,1,85.8,66.0,2025-08-15T18:13:31.329,2025-08-15T18:14:38,NaN,"{""id"": 5840759151, ""qualifierId"": 468, ""value"": ""573""}",c11roebervevn56x2ctwxdmvo,B 93 vs Esbjerg,1_Division,2025-08-15,DNK,NaN,NaN,NaN,NaN,NaN,true,true,NaN,NaN,NaN,NaN,Center,NaN,NaN,NaN,true,NaN,NaN,NaN,NaN,NaN,NaN,true,NaN,NaN,NaN,43.0,63.9,NaN,NaN,NaN,true,true,97.1,52.3,NaN,0.04762576147913933,0.0,NaN,NaN,2,2,NaN,NaN,NaN,NaN,true,573,,,,,,,,,,,,,,,,,,,,,,,,,,,,,,,,,,,,,,,,
ajtb177oqwawkdwbqhldmq6mx,B 93,2835102389,594,15,2,58,40,M. Wohlgemuth,e8vt8711wb40afht2v13omket,1,95.8,59.3,2025-08-15T18:17:35.501,2025-08-15T18:54:12,1.0,"{""id"": 5840809705, ""qualifierId"": 76}",c11roebervevn56x2ctwxdmvo,B 93 vs Esbjerg,1_Division,2025-08-15,DNK,NaN,NaN,NaN,NaN,NaN,NaN,true,NaN,NaN,NaN,true,Center,true,NaN,NaN,NaN,true,NaN,true,NaN,NaN,NaN,NaN,NaN,NaN,NaN,53.8,10.8,98.4,54.9,NaN,true,true,NaN,NaN,568,0.18294990062713623,0.6026642322540283,NaN,NaN,2,2,NaN,NaN,NaN,NaN,NaN,NaN,,,,,,,,,,,,,,,,,,,,,,,,,,,,,,,,,,,,,,,,
ajtb177oqwawkdwbqhldmq6mx,B 93,2835102421,595,15,2,58,45,N. Mouritsen,eyvv6b94feknnp1uew6n0ytat,1,96.1,60.1,2025-08-15T18:17:39.942,2025-08-15T18:54:12,NaN,"{""id"": 5840778717, ""qualifierId"": 458}",c11roebervevn56x2ctwxdmvo,B 93 vs Esbjerg,1_Division,2025-08-15,DNK,NaN,NaN,NaN,NaN,NaN,NaN,true,NaN,NaN,NaN,NaN,Center,true,NaN,NaN,NaN,true,NaN,true,NaN,NaN,NaN,NaN,NaN,NaN,NaN,52.3,5.7,97.7,57.2,NaN,NaN,NaN,NaN,NaN,622,0.1750137358903885,0.22863297164440155,true,NaN,2,2,true,594,NaN,NaN,true,NaN,,,,,,,,,,,,,,,,,,,,,,,,,,,,,,,,,,,,,,,,
ajtb177oqwawkdwbqhldmq6mx,B 93,2835105497,629,15,2,62,4,O. Addo,kqj7nh6pqmqbt0abyyu0fcpg,1,86.5,44.2,2025-08-15T18:20:59.081,2025-08-15T18:54:15,1.0,"{""id"": 5840796235, ""qualifierId"": 76}",c11roebervevn56x2ctwxdmvo,B 93 vs Esbjerg,1_Division,2025-08-15,DNK,NaN,NaN,true,NaN,NaN,true,true,NaN,NaN,NaN,true,Center,NaN,NaN,NaN,NaN,NaN,NaN,true,NaN,NaN,NaN,NaN,NaN,NaN,NaN,52.3,10.1,98.8,50.0,true,NaN,NaN,NaN,NaN,590,0.14142493903636932,0.21237589418888092,NaN,NaN,2,2,NaN,NaN,NaN,NaN,NaN,NaN,,,,,,,,,,,,,,,,,,,,,,,,,,,,,,,,,,,,,,,,
f1h34qp5zbfl489q8vnkhiq9s,Esbjerg,2835111171,636,16,2,68,14,J. Ankersen,4mxciw9jsj9l437fd7bv78p91,1,86.1,33.1,2025-08-15T18:27:09.341,2025-08-15T18:54:11,NaN,"{""id"": 5840830687, ""qualifierId"": 20}",c11roebervevn56x2ctwxdmvo,B 93 vs Esbjerg,1_Division,2025-08-15,DNK,NaN,NaN,NaN,NaN,NaN,true,true,NaN,NaN,NaN,NaN,Center,NaN,NaN,true,NaN,NaN,NaN,NaN,NaN,true,NaN,NaN,NaN,NaN,NaN,49.1,24.7,NaN,NaN,NaN,true,true,95.4,36.8,NaN,0.09175099432468414,0.8156312108039856,NaN,NaN,2,2,NaN,NaN,2025-08-15 19:27:08.226,68:13.570,true,677,,,,,,,,,,,,,,,,,,,,,,,,,,,,,,,,,,,,,,,,
ajtb177oqwawkdwbqhldmq6mx,B 93,2835108543,658,13,2,65,20,N. Mouritsen,eyvv6b94feknnp1uew6n0ytat,1,75.6,56.4,2025-08-15T18:24:15.363,2025-08-15T18:25:22,1.0,"{""id"": 5840813783, ""qualifierId"": 72}",c11roebervevn56x2ctwxdmvo,B 93 vs Esbjerg,1_Division,2025-08-15,DNK,NaN,NaN,NaN,true,NaN,NaN,true,NaN,NaN,NaN,true,Center,NaN,NaN,NaN,NaN,true,true,NaN,NaN,NaN,NaN,NaN,NaN,NaN,NaN,60.2,12.5,NaN,NaN,true,NaN,NaN,98.9,50.7,NaN,0.021720269694924355,0.0,NaN,NaN,2,2,true,NaN,NaN,NaN,NaN,NaN,,,,,,,,,,,,,,,,,,,,,,,,,,,,,,,,,,,,,,,,
f1h34qp5zbfl489q8vnkhiq9s,Esbjerg,2835117833,698,15,2,75,23,P. Bjur,6m4anciafmzc24s44xszymbc9,1,87.4,34.2,2025-08-15T18:34:18.607,2025-08-15T18:54:13,1.0,"{""id"": 5840866193, ""qualifierId"": 233, ""value"": ""726""}",c11roebervevn56x2ctwxdmvo,B 93 vs Esbjerg,1_Division,2025-08-15,DNK,NaN,NaN,NaN,NaN,NaN,NaN,true,NaN,NaN,NaN,true,Center,NaN,NaN,true,NaN,true,NaN,true,NaN,NaN,NaN,NaN,NaN,NaN,NaN,52.3,19.6,98.6,48.6,NaN,NaN,true,NaN,NaN,726,0.05068543553352356,0.09004674106836319,NaN,NaN,2,2,NaN,NaN,NaN,NaN,NaN,NaN,,,,,,,,,,,,,,,,,,,,,,,,,,,,,,,,,,,,,,,,
ajtb177oqwawkdwbqhldmq6mx,B 93,2835114161,704,15,2,72,1,C. Björk,x3ad9hfxts6jpfugy3kvq9d5,1,85.9,27.0,2025-08-15T18:30:55.903,2025-08-15T19:06:44,1.0,"{""id"": 5840845143, ""qualifierId"": 22}",c11roebervevn56x2ctwxdmvo,B 93 vs Esbjerg,1_Division,2025-08-15,DNK,NaN,NaN,NaN,NaN,NaN,NaN,true,NaN,NaN,NaN,true,Center,NaN,NaN,true,NaN,true,NaN,NaN,true,NaN,NaN,NaN,NaN,NaN,NaN,49.9,2.5,98.6,46.2,NaN,NaN,true,NaN,NaN,664,0.0384288914501667,0.028966916725039482,NaN,NaN,2,2,NaN,NaN,NaN,NaN,NaN,NaN,,,,,,,,,,,,,,,,,,,,,,,,,,,,,,,,,,,,,,,,
f1h34qp5zbfl489q8vnkhiq9s,Esbjerg,2835119649,717,15,2,77,8,P. Bjur,6m4anciafmzc24s44xszymbc9,1,86.4,35.0,2025-08-15T18:36:02.759,2025-08-15T18:37:15,1.0,"{""id"": 5840875517, ""qualifierId"": 63}",c11roebervevn56x2ctwxdmvo,B 93 vs Esbjerg,1_Division,2025-08-15,DNK,NaN,NaN,NaN,NaN,NaN,NaN,true,NaN,NaN,NaN,true,Center,NaN,NaN,true,NaN,true,NaN,NaN,true,NaN,NaN,NaN,true,NaN,NaN,48.6,19,88.8,37.4,NaN,NaN,true,98.0,48.0,746,0.028072595596313477,0.0,NaN,NaN,3,2,NaN,NaN,NaN,NaN,NaN,NaN,,,,,,,,,,,,,,,,,,,,,,,,,,,,,,,,,,,,,,,,
ajtb177oqwawkdwbqhldmq6mx,B 93,2835121161,757,13,2,78,29,V. Hammershøy-Mistrati,e3n8xatusmgu7ttqpfdjanp3p,1,71.3,43.4,2025-08-15T18:37:24.082,2025-08-15T18:38:31,1.0,"{""id"": 5840884851, ""qualifierId"": 103, ""value"": ""48.6""}",c11roebervevn56x2ctwxdmvo,B 93 vs Esbjerg,1_Division,2025-08-15,DNK,NaN,NaN,NaN,true,NaN,true,true,NaN,NaN,NaN,true,Center,NaN,NaN,NaN,NaN,NaN,NaN,NaN,NaN,NaN,NaN,true,NaN,NaN,NaN,38.5,48.6,NaN,NaN,NaN,NaN,true,98.6,50.5,NaN,0.015695294365286827,0.0,NaN,NaN,2,3,NaN,NaN,NaN,NaN,NaN,NaN,,,,,,,,,,,,,,,,,,,,,,,,,,,,,,,,,,,,,,,,
f1h34qp5zbfl489q8vnkhiq9s,Esbjerg,2835127219,790,16,2,84,18,M. Brajanac,4krwgfspxdgpq1pli11b04iga,1,80.8,64.0,2025-08-15T18:43:13.476,2025-08-15T18:54:14,1.0,"{""id"": 5840917685, ""qualifierId"": 18}",c11roebervevn56x2ctwxdmvo,B 93 vs Esbjerg,1_Division,2025-08-15,DNK,NaN,NaN,NaN,true,NaN,true,true,NaN,NaN,NaN,true,Center,NaN,NaN,NaN,NaN,NaN,NaN,NaN,NaN,NaN,true,NaN,NaN,NaN,NaN,46.6,5.1,NaN,NaN,NaN,NaN,true,87.9,58.8,NaN,0.0850999504327774,0.3999864459037781,NaN,NaN,2,2,NaN,NaN,2025-08-15 19:43:12.138,84:17.482,NaN,NaN,,,,,,,,,,,,,,,,,,,,,,,,,,,,,,,,,,,,,,,,
ajtb177oqwawkdwbqhldmq6mx,B 93,2835131941,847,13,2,88,49,J. Voldby,5mmgppapbchmcj9zdtyw0w5xw,1,91.5,50.9,2025-08-15T18:47:44.419,2025-08-15T18:48:54,1.0,"{""id"": 4611686018471302031, ""qualifierId"": 322, ""value"": ""0.0""}",c11roebervevn56x2ctwxdmvo,B 93 vs Esbjerg,1_Division,2025-08-15,DNK,true,NaN,true,NaN,NaN,NaN,true,NaN,NaN,NaN,true,Center,NaN,NaN,NaN,NaN,NaN,NaN,NaN,NaN,NaN,NaN,NaN,NaN,true,NaN,59.2,18.1,NaN,NaN,true,NaN,NaN,99.4,49.6,NaN,0.11520195007324219,0.0,NaN,NaN,2,2,true,NaN,NaN,NaN,NaN,NaN,,,,,,,,,,,,,,,,,,,,,,,,,,,,,,,,,,,,,,,,
f1h34qp5zbfl489q8vnkhiq9s,Esbjerg,2835136025,868,13,2,93,16,L. From,6hmsrr08cllpl4iumu92zskbt,1,85.5,71.4,2025-08-15T18:52:11.338,2025-08-15T18:53:17,1.0,"{""id"": 5840967413, ""qualifierId"": 231, ""value"": ""51.1""}",c11roebervevn56x2ctwxdmvo,B 93 vs Esbjerg,1_Division,2025-08-15,DNK,NaN,NaN,NaN,NaN,NaN,true,NaN,true,NaN,NaN,true,Center,NaN,NaN,NaN,true,NaN,NaN,NaN,NaN,NaN,NaN,true,NaN,NaN,NaN,43.0,72.2,NaN,NaN,NaN,NaN,true,99.4,51.1,NaN,0.03928472101688385,0.0,NaN,NaN,2,2,NaN,NaN,NaN,NaN,NaN,NaN,,,,,,,,,,,,,,,,,,,,,,,,,,,,,,,,,,,,,,,,
ajtb177oqwawkdwbqhldmq6mx,B 93,2827646901,58,15,1,4,49,V. Hammershøy-Mistrati,e3n8xatusmgu7ttqpfdjanp3p,1,74.1,53.4,2025-07-18T17:05:09.093,2025-07-21T10:29:13,NaN,"{""id"": 5799124145, ""qualifierId"": 102, ""value"": ""48.2""}",bsnoje72zc76mcdjiutfqzthw,Hvidovre vs B 93,1_Division,2025-07-18,DNK,NaN,NaN,NaN,true,,true,true,,NaN,NaN,NaN,Center,NaN,NaN,,NaN,NaN,NaN,NaN,true,NaN,NaN,NaN,NaN,NaN,NaN,48.2,8.2,99.3,50.4,NaN,NaN,true,NaN,NaN,47,0.027727583423256874,0.035054903477430344,,NaN,1,2,true,,NaN,NaN,true,,,,,,,,,,,,,NaN,NaN,NaN,NaN,NaN,NaN,NaN,NaN,NaN,NaN,NaN,NaN,NaN,,,,,,,,,,,,,,,,
ajtb177oqwawkdwbqhldmq6mx,B 93,2827647541,86,15,1,7,10,F. Isaki,86mx27krl6c613x6e3t9g3cic,1,91.5,41.3,2025-07-18T17:07:29.698,2025-07-18T17:38:05,1.0,"{""id"": 5799084937, ""qualifierId"": 56, ""value"": ""Center""}",bsnoje72zc76mcdjiutfqzthw,Hvidovre vs B 93,1_Division,2025-07-18,DNK,NaN,NaN,true,NaN,,true,true,,NaN,NaN,true,Center,NaN,NaN,,NaN,NaN,NaN,true,NaN,NaN,NaN,NaN,true,NaN,true,54.8,9.7,96.2,47.5,true,NaN,NaN,98.5,47.7,67,0.15853506326675415,0.0,,NaN,2,2,true,,NaN,NaN,NaN,,,,,,,,,,,,,NaN,NaN,NaN,NaN,NaN,NaN,NaN,NaN,NaN,NaN,NaN,NaN,NaN,,,,,,,,,,,,,,,,
8gxd9ry2580pu1b1dd5ny9ymy,Hvidovre,2827648413,94,13,1,10,7,F. Høgh,9tt9eo9bsff7dp7aqjal1obo4,1,92.7,37.8,2025-07-18T17:10:27.181,2025-07-18T17:11:36,1.0,"{""id"": 5799090343, ""qualifierId"": 154}",bsnoje72zc76mcdjiutfqzthw,Hvidovre vs B 93,1_Division,2025-07-18,DNK,NaN,NaN,true,NaN,,true,true,,NaN,NaN,true,Center,NaN,NaN,,NaN,NaN,NaN,NaN,NaN,NaN,NaN,NaN,NaN,NaN,NaN,42.9,8.3,NaN,NaN,true,NaN,NaN,99.5,46.6,NaN,0.07872506976127625,0.0,,NaN,3,2,true,,NaN,NaN,NaN,,,,,,,,,,,,,NaN,true,NaN,NaN,NaN,NaN,NaN,NaN,NaN,NaN,NaN,NaN,NaN,,,,,,,,,,,,,,,,
8gxd9ry2580pu1b1dd5ny9ymy,Hvidovre,2827650069,138,13,1,14,54,F. Høgh,9tt9eo9bsff7dp7aqjal1obo4,1,90.8,54.9,2025-07-18T17:15:14.116,2025-07-18T17:16:21,1.0,"{""id"": 5799099285, ""qualifierId"": 154}",bsnoje72zc76mcdjiutfqzthw,Hvidovre vs B 93,1_Division,2025-07-18,DNK,true,NaN,true,NaN,,NaN,true,,NaN,NaN,true,Center,NaN,NaN,,NaN,NaN,NaN,NaN,NaN,NaN,NaN,NaN,NaN,NaN,NaN,41.5,19.4,NaN,NaN,true,true,NaN,99.4,51.4,NaN,0.11748413741588593,0.0,,NaN,1,1,true,,NaN,NaN,NaN,,,,,,,,,,,,,NaN,true,NaN,NaN,NaN,NaN,NaN,NaN,NaN,NaN,NaN,NaN,NaN,,,,,,,,,,,,,,,,
8gxd9ry2580pu1b1dd5ny9ymy,Hvidovre,2827655059,261,16,1,30,50,A. Okosun,a7eramyy1bd8msxmg84ctc8ut,1,98.3,50.3,2025-07-18T17:31:10.113,2025-07-18T20:25:29,1.0,"{""id"": 5804259153, ""qualifierId"": 396, ""value"": ""53.3""}",bsnoje72zc76mcdjiutfqzthw,Hvidovre vs B 93,1_Division,2025-07-18,DNK,true,true,NaN,NaN,,NaN,NaN,,true,NaN,true,Center,NaN,NaN,,NaN,NaN,NaN,NaN,NaN,true,NaN,NaN,NaN,NaN,NaN,50.5,20.9,NaN,NaN,true,true,NaN,99.4,52.9,NaN,0.9767463207244873,0.9902980923652649,,NaN,1,0,true,,2025-07-18 18:31:10.005,30:50.741,NaN,,,,,,,,,,,,,NaN,NaN,NaN,NaN,NaN,NaN,NaN,NaN,NaN,259,true,99.1,53.3,,,,,,,,,,,,,,,,
ajtb177oqwawkdwbqhldmq6mx,B 93,2827653735,268,16,1,26,29,M. Wohlgemuth,e8vt8711wb40afht2v13omket,1,77.8,57.0,2025-07-18T17:26:48.513,2025-07-21T12:20:19,1.0,"{""id"": 5799119359, ""qualifierId"": 375, ""value"": ""26:27.822""}",bsnoje72zc76mcdjiutfqzthw,Hvidovre vs B 93,1_Division,2025-07-18,DNK,NaN,NaN,NaN,true,,true,true,,NaN,NaN,true,Center,NaN,NaN,,NaN,NaN,NaN,NaN,NaN,NaN,NaN,true,NaN,NaN,NaN,46.3,25.9,NaN,NaN,NaN,NaN,true,98.6,50.5,NaN,0.06270795315504074,0.10715505480766296,,NaN,1,2,NaN,,2025-07-18 18:26:47.086,26:27.822,NaN,,,,,,,,,,,,,NaN,NaN,NaN,NaN,NaN,NaN,NaN,true,NaN,NaN,NaN,1.2,52.3,,,,,,,,,,,,,,,,
ajtb177oqwawkdwbqhldmq6mx,B 93,2827662729,448,15,2,47,31,K. Grabovskis,3u184ybkonoa5ubxjzoy06ntg,1,73.1,42.3,2025-07-18T18:04:47.162,2025-07-21T11:29:12,1.0,"{""id"": 5799178413, ""qualifierId"": 233, ""value"": ""467""}",bsnoje72zc76mcdjiutfqzthw,Hvidovre vs B 93,1_Division,2025-07-18,DNK,NaN,NaN,NaN,true,,true,true,,NaN,NaN,true,Center,NaN,NaN,,NaN,NaN,NaN,NaN,NaN,NaN,NaN,NaN,NaN,NaN,NaN,54.4,20.9,97.7,48.4,NaN,NaN,true,NaN,NaN,467,0.01547430083155632,0.30767759680747986,,NaN,3,2,NaN,,NaN,NaN,NaN,,,,,,,,,,,,,true,NaN,NaN,NaN,NaN,NaN,NaN,NaN,NaN,NaN,NaN,NaN,NaN,,,,,,,,,,,,,,,,
ajtb177oqwawkdwbqhldmq6mx,B 93,2827662789,453,13,2,48,9,E. Christensen,8xe0fufxfgf5cuwgysz3r2j85,1,91.8,47.2,2025-07-18T18:05:24.658,2025-07-18T18:06:33,1.0,"{""id"": 5799170859, ""qualifierId"": 15}",bsnoje72zc76mcdjiutfqzthw,Hvidovre vs B 93,1_Division,2025-07-18,DNK,true,NaN,true,NaN,,NaN,NaN,,NaN,true,true,Center,NaN,NaN,,NaN,NaN,NaN,NaN,NaN,NaN,NaN,NaN,NaN,NaN,NaN,51.1,58.3,NaN,NaN,true,NaN,NaN,99.5,49.1,NaN,0.06650397181510925,0.0,,NaN,3,2,true,,NaN,NaN,NaN,,,,,,,,,,,,,NaN,NaN,true,NaN,NaN,NaN,NaN,NaN,NaN,NaN,NaN,NaN,NaN,,,,,,,,,,,,,,,,
ajtb177oqwawkdwbqhldmq6mx,B 93,2827664769,507,15,2,59,24,A. Ahmad,4csz412vb3lquessbnf999ct0,1,83.8,53.9,2025-07-18T18:16:39.511,2025-07-18T18:19:58,1.0,"{""id"": 5799184201, ""qualifierId"": 29}",bsnoje72zc76mcdjiutfqzthw,Hvidovre vs B 93,1_Division,2025-07-18,DNK,NaN,NaN,true,NaN,,true,true,,NaN,NaN,true,Center,NaN,NaN,,NaN,NaN,NaN,NaN,true,NaN,NaN,NaN,true,NaN,NaN,51.4,19,86.8,53.4,true,NaN,NaN,98.9,50.5,538,0.09430917352437973,0.0,,NaN,2,2,NaN,,NaN,NaN,NaN,,,,,,,,,,,,,NaN,NaN,NaN,NaN,NaN,NaN,NaN,NaN,NaN,NaN,NaN,NaN,NaN,,,,,,,,,,,,,,,,
ajtb177oqwawkdwbqhldmq6mx,B 93,2827664805,510,15,2,59,32,C. Björk,x3ad9hfxts6jpfugy3kvq9d5,1,90.1,50.5,2025-07-18T18:16:48.308,2025-07-21T12:20:21,1.0,"{""id"": 5799182149, ""qualifierId"": 326, ""value"": ""2""}",bsnoje72zc76mcdjiutfqzthw,Hvidovre vs B 93,1_Division,2025-07-18,DNK,true,NaN,true,NaN,,NaN,true,,NaN,NaN,true,Center,NaN,NaN,,NaN,NaN,NaN,NaN,NaN,true,NaN,NaN,NaN,NaN,NaN,48.9,32.3,98.9,49.3,true,NaN,NaN,NaN,NaN,540,0.07834892719984055,0.10675905644893646,,NaN,2,2,true,,NaN,NaN,NaN,,,,,,,,,,,,,NaN,NaN,NaN,NaN,NaN,NaN,NaN,NaN,NaN,NaN,NaN,NaN,NaN,,,,,,,,,,,,,,,,
ajtb177oqwawkdwbqhldmq6mx,B 93,2827665299,530,15,2,62,25,A. Ahmad,4csz412vb3lquessbnf999ct0,1,98.2,35.2,2025-07-18T18:19:40.927,2025-07-21T12:29:28,1.0,"{""id"": 5804268319, ""qualifierId"": 324}",bsnoje72zc76mcdjiutfqzthw,Hvidovre vs B 93,1_Division,2025-07-18,DNK,NaN,NaN,NaN,NaN,,true,true,,NaN,NaN,true,Center,NaN,true,,NaN,NaN,NaN,NaN,NaN,NaN,true,NaN,NaN,NaN,NaN,45.3,18.4,99.5,44.8,NaN,NaN,true,NaN,NaN,562,0.06028673052787781,0.22793832421302795,,true,2,2,NaN,,NaN,NaN,NaN,,,,,,,,,,,,,NaN,NaN,NaN,NaN,NaN,NaN,NaN,NaN,NaN,NaN,NaN,NaN,NaN,,,,,,,,,,,,,,,,
8gxd9ry2580pu1b1dd5ny9ymy,Hvidovre,2827665079,554,15,2,61,14,Z. Aliji,aajgld24isoem1ycoysyxxp1w,1,75.3,58.1,2025-07-18T18:18:30.361,2025-07-21T12:20:21,NaN,"{""id"": 5799183719, ""qualifierId"": 326, ""value"": ""1""}",bsnoje72zc76mcdjiutfqzthw,Hvidovre vs B 93,1_Division,2025-07-18,DNK,NaN,NaN,NaN,true,,NaN,true,,NaN,NaN,NaN,Center,NaN,NaN,,NaN,true,NaN,NaN,NaN,NaN,true,NaN,NaN,NaN,NaN,46.6,7.6,98.2,51.3,NaN,NaN,NaN,NaN,NaN,516,0.01706995815038681,0.1262691766023636,,NaN,1,3,true,,NaN,NaN,true,,,,,,,,,,,,,NaN,NaN,NaN,true,NaN,true,NaN,NaN,NaN,NaN,NaN,NaN,NaN,,,,,,,,,,,,,,,,
8gxd9ry2580pu1b1dd5ny9ymy,Hvidovre,2827665813,588,15,2,65,2,F. Høgh,9tt9eo9bsff7dp7aqjal1obo4,1,90.8,43.0,2025-07-18T18:22:18.100,2025-07-21T12:29:25,1.0,"{""id"": 5804269173, ""qualifierId"": 17}",bsnoje72zc76mcdjiutfqzthw,Hvidovre vs B 93,1_Division,2025-07-18,DNK,true,NaN,true,NaN,,NaN,true,,NaN,NaN,true,Center,NaN,NaN,,NaN,NaN,NaN,NaN,NaN,true,NaN,NaN,NaN,NaN,NaN,51.0,21.5,98.8,48.2,true,NaN,NaN,98.4,49.1,552,0.03792315348982811,0.15680502355098724,,NaN,3,2,true,,NaN,NaN,NaN,,,,,,,,,,,,,NaN,NaN,NaN,NaN,NaN,NaN,true,NaN,NaN,NaN,NaN,NaN,NaN,,,,,,,,,,,,,,,,
ajtb177oqwawkdwbqhldmq6mx,B 93,2827666537,601,15,2,71,5,N. Mouritsen,eyvv6b94feknnp1uew6n0ytat,1,89.9,68.3,2025-07-18T18:28:21.094,2025-07-21T13:19:00,1.0,"{""id"": 5799201513, ""qualifierId"": 29}",bsnoje72zc76mcdjiutfqzthw,Hvidovre vs B 93,1_Division,2025-07-18,DNK,NaN,NaN,NaN,NaN,,NaN,true,,NaN,NaN,true,Center,NaN,NaN,,true,true,NaN,NaN,NaN,true,NaN,NaN,NaN,NaN,NaN,51.2,25.9,98.5,54.0,true,NaN,NaN,NaN,NaN,623,0.08571875095367432,0.10159469395875931,,NaN,1,2,NaN,,NaN,NaN,NaN,,,,,,,,,,,,,NaN,NaN,NaN,NaN,true,NaN,NaN,NaN,NaN,NaN,NaN,NaN,NaN,,,,,,,,,,,,,,,,
ajtb177oqwawkdwbqhldmq6mx,B 93,2827667275,652,15,2,77,38,M. Wohlgemuth,e8vt8711wb40afht2v13omket,1,81.2,55.2,2025-07-18T18:34:53.805,2025-07-18T18:50:29,1.0,"{""id"": 4611686018471100957, ""qualifierId"": 322, ""value"": ""0.0""}",bsnoje72zc76mcdjiutfqzthw,Hvidovre vs B 93,1_Division,2025-07-18,DNK,NaN,NaN,NaN,true,,NaN,true,,NaN,NaN,true,Center,NaN,NaN,,NaN,true,NaN,NaN,true,NaN,NaN,NaN,true,NaN,NaN,50.9,19,85.0,54.3,true,NaN,NaN,98.4,50.2,666,0.06121066212654114,0.0,,NaN,2,3,NaN,,NaN,NaN,NaN,,,,,,,,,,,,,NaN,NaN,NaN,NaN,NaN,NaN,NaN,NaN,NaN,NaN,NaN,NaN,NaN,,,,,,,,,,,,,,,,
8gxd9ry2580pu1b1dd5ny9ymy,Hvidovre,2827666947,654,15,2,74,56,M. Egho,4m9sp9mxlsjk6fv7v218yqfv9,1,87.7,43.6,2025-07-18T18:32:11.959,2025-07-18T18:33:18,1.0,"{""id"": 4611686018471100889, ""qualifierId"": 322, ""value"": ""0.0""}",bsnoje72zc76mcdjiutfqzthw,Hvidovre vs B 93,1_Division,2025-07-18,DNK,NaN,NaN,true,NaN,,true,true,,NaN,NaN,true,Center,NaN,NaN,,NaN,NaN,NaN,NaN,true,NaN,NaN,NaN,true,NaN,NaN,50.2,19,91.2,45.5,NaN,true,true,96.2,47.8,639,0.17644469439983368,0.0,,NaN,2,2,NaN,,NaN,NaN,NaN,,,,,,,,,,,,,NaN,NaN,NaN,NaN,NaN,NaN,NaN,NaN,NaN,NaN,NaN,NaN,NaN,,,,,,,,,,,,,,,,
8gxd9ry2580pu1b1dd5ny9ymy,Hvidovre,2827667703,696,15,2,81,1,A. Smed,dncrhma6gwcn6pxiu7hfc6qz8,1,77.2,36.0,2025-07-18T18:38:16.510,2025-07-21T13:18:59,NaN,"{""id"": 5799199063, ""qualifierId"": 147, ""value"": ""47.5""}",bsnoje72zc76mcdjiutfqzthw,Hvidovre vs B 93,1_Division,2025-07-18,DNK,NaN,NaN,NaN,true,,true,NaN,,NaN,NaN,NaN,Center,NaN,NaN,,NaN,NaN,NaN,NaN,NaN,true,NaN,NaN,NaN,NaN,NaN,51.0,31.0,95.9,47.5,NaN,NaN,true,NaN,NaN,690,0.03019922785460949,0.06146598979830742,,NaN,1,3,true,,NaN,NaN,true,,,,,,,,,,,,,NaN,NaN,NaN,NaN,NaN,NaN,NaN,NaN,true,NaN,NaN,NaN,NaN,,,,,,,,,,,,,,,,
ajtb177oqwawkdwbqhldmq6mx,B 93,2827668119,723,13,2,83,34,M. Wohlgemuth,e8vt8711wb40afht2v13omket,1,77.7,48.9,2025-07-18T18:40:50.067,2025-07-18T18:43:44,1.0,"{""id"": 5799209077, ""qualifierId"": 230, ""value"": ""98.6""}",bsnoje72zc76mcdjiutfqzthw,Hvidovre vs B 93,1_Division,2025-07-18,DNK,NaN,NaN,NaN,true,,true,true,,NaN,NaN,true,Center,NaN,NaN,,NaN,NaN,NaN,NaN,NaN,NaN,NaN,NaN,NaN,NaN,NaN,41.3,8.3,NaN,NaN,true,NaN,NaN,98.6,50.5,NaN,0.05906030163168907,0.0,,NaN,1,3,true,,NaN,NaN,NaN,,,,,,,,,,,,,NaN,true,NaN,NaN,NaN,NaN,NaN,NaN,NaN,NaN,NaN,NaN,NaN,,,,,,,,,,,,,,,,
8gxd9ry2580pu1b1dd5ny9ymy,Hvidovre,2827668893,745,13,2,88,11,F. Krogstad,dm6xpphbyyooqriwaambi7njd,1,73.5,41.9,2025-07-18T18:45:26.971,2025-07-18T18:46:35,NaN,"{""id"": 5804277513, ""qualifierId"": 215}",bsnoje72zc76mcdjiutfqzthw,Hvidovre vs B 93,1_Division,2025-07-18,DNK,NaN,NaN,NaN,true,,NaN,NaN,,true,NaN,NaN,Center,NaN,NaN,,NaN,true,true,NaN,NaN,NaN,NaN,NaN,NaN,NaN,NaN,70.8,8.3,NaN,NaN,NaN,NaN,true,98.9,48.2,NaN,0.012222574092447758,0.0,,NaN,1,3,true,,NaN,NaN,true,,,,,,,,,,,,,NaN,NaN,NaN,true,NaN,NaN,NaN,NaN,NaN,NaN,NaN,NaN,NaN,,,,,,,,,,,,,,,,
8gxd9ry2580pu1b1dd5ny9ymy,Hvidovre,2827669177,761,15,2,89,46,M. Egho,4m9sp9mxlsjk6fv7v218yqfv9,1,78.4,62.2,2025-07-18T18:47:02.115,2025-07-18T18:48:20,1.0,"{""id"": 5799207667, ""qualifierId"": 103, ""value"": ""19""}",bsnoje72zc76mcdjiutfqzthw,Hvidovre vs B 93,1_Division,2025-07-18,DNK,NaN,NaN,NaN,true,,NaN,true,,NaN,NaN,true,Center,NaN,NaN,,NaN,true,NaN,NaN,true,NaN,NaN,NaN,true,NaN,NaN,49.4,19,81.6,60.3,NaN,NaN,true,97.8,51.6,766,0.03389573097229004,0.0,,NaN,2,2,NaN,,NaN,NaN,NaN,,,,,,,,,,,,,NaN,NaN,NaN,NaN,NaN,NaN,NaN,NaN,NaN,NaN,NaN,NaN,NaN,,,,,,,,,,,,,,,,
8gxd9ry2580pu1b1dd5ny9ymy,Hvidovre,2827669687,782,13,2,92,17,A. Johansen,7ymn0ytcqi6l43nqraxt9s1zo,1,85.2,59.5,2025-07-18T18:49:32.963,2025-07-18T18:50:52,1.0,"{""id"": 4611686018471100961, ""qualifierId"": 322, ""value"": ""0.0""}",bsnoje72zc76mcdjiutfqzthw,Hvidovre vs B 93,1_Division,2025-07-18,DNK,NaN,NaN,true,NaN,,NaN,true,,NaN,NaN,true,Center,NaN,NaN,,NaN,true,NaN,NaN,NaN,NaN,NaN,NaN,NaN,true,NaN,56.1,33.3,NaN,NaN,true,NaN,NaN,98.6,51.4,NaN,0.06832501292228699,0.0,,NaN,2,2,true,,NaN,NaN,NaN,,,,,,,,,,,,,NaN,NaN,NaN,NaN,NaN,NaN,NaN,NaN,NaN,NaN,NaN,NaN,NaN,,,,,,,,,,,,,,,,
8gxd9ry2580pu1b1dd5ny9ymy,Hvidovre,2827669905,793,13,2,93,25,M. Egho,4m9sp9mxlsjk6fv7v218yqfv9,1,95.4,56.6,2025-07-18T18:50:40.691,2025-07-18T18:52:06,1.0,"{""id"": 5804281407, ""qualifierId"": 77}",bsnoje72zc76mcdjiutfqzthw,Hvidovre vs B 93,1_Division,2025-07-18,DNK,true,NaN,NaN,NaN,,NaN,true,,NaN,NaN,true,Center,true,NaN,,NaN,NaN,NaN,NaN,NaN,NaN,NaN,NaN,NaN,NaN,NaN,61.3,66.7,NaN,NaN,true,true,NaN,99.8,52.3,NaN,0.13376043736934662,0.0,,NaN,3,2,true,,NaN,NaN,NaN,,,,,,,,,,,,,true,NaN,NaN,NaN,NaN,NaN,NaN,NaN,NaN,NaN,NaN,NaN,NaN,,,,,,,,,,,,,,,,
8gxd9ry2580pu1b1dd5ny9ymy,Hvidovre,2828710655,848,15,2,52,9,J. Singh,2cup1vjw8n43kbzzxfflnmplg,1,80.9,49.6,2025-07-18T18:09:25.350,2025-07-22T14:24:50,1.0,"{""id"": 5805025407, ""qualifierId"": 18}",bsnoje72zc76mcdjiutfqzthw,Hvidovre vs B 93,1_Division,2025-07-18,DNK,NaN,NaN,NaN,true,,true,NaN,,NaN,NaN,true,Center,NaN,NaN,,NaN,NaN,NaN,NaN,NaN,NaN,true,NaN,NaN,NaN,NaN,48.1,18.4,98.5,49.5,NaN,NaN,NaN,NaN,NaN,848,0.05689822882413864,0.061089158058166504,,NaN,1,3,true,,NaN,NaN,NaN,,,,,,,,,,,,,NaN,NaN,NaN,true,NaN,NaN,NaN,NaN,true,NaN,NaN,NaN,NaN,,,,,,,,,,,,,,,,
anga7587r1zv4ey71ge9zxol3,Lyngby,2829146913,75,13,1,7,34,L. Sandgrav,6d0lxiep13vdv32bdb0xwyrys,1,91.8,61.5,2025-07-25T17:08:35.008,2025-07-25T17:09:44,1.0,"{""id"": 5807474111, ""qualifierId"": 22}",bv5hq3a2l18r08hexey9bahhw,Lyngby vs B 93,1_Division,2025-07-25,DNK,NaN,,true,NaN,,true,true,NaN,,NaN,true,Center,,NaN,NaN,NaN,NaN,,NaN,NaN,,NaN,true,NaN,NaN,NaN,40.5,76.4,NaN,NaN,true,NaN,NaN,99.5,51.3,NaN,0.11278367787599564,0.0,,,1,2,true,,NaN,NaN,NaN,NaN,,,,,,,,,,,,NaN,NaN,,true,,NaN,NaN,,,,,NaN,NaN,NaN,NaN,,,,,,,,,,,,,,
ajtb177oqwawkdwbqhldmq6mx,B 93,2829149429,188,15,1,15,38,K. Grabovskis,3u184ybkonoa5ubxjzoy06ntg,1,84.7,66.4,2025-07-25T17:16:38.707,2025-07-25T17:17:53,1.0,"{""id"": 5807488873, ""qualifierId"": 102, ""value"": ""50.5""}",bv5hq3a2l18r08hexey9bahhw,Lyngby vs B 93,1_Division,2025-07-25,DNK,NaN,,NaN,NaN,,true,true,NaN,,NaN,true,Center,,NaN,NaN,true,NaN,,NaN,true,,NaN,NaN,true,NaN,NaN,50.5,19,88.0,63.0,true,NaN,NaN,99.3,51.8,132,0.022152412682771683,0.0,,,3,3,NaN,,NaN,NaN,NaN,NaN,,,,,,,,,,,,NaN,NaN,,NaN,,NaN,NaN,,,,,NaN,NaN,NaN,NaN,,,,,,,,,,,,,,
anga7587r1zv4ey71ge9zxol3,Lyngby,2829151707,189,13,1,23,15,J. Cornelius,8gdfn7j6xac9p4jh94hk40jdg,1,77.1,40.7,2025-07-25T17:24:15.335,2025-07-25T17:25:22,NaN,"{""id"": 5807501793, ""qualifierId"": 102, ""value"": ""42.5""}",bv5hq3a2l18r08hexey9bahhw,Lyngby vs B 93,1_Division,2025-07-25,DNK,NaN,,NaN,true,,true,true,NaN,,NaN,NaN,Center,,NaN,NaN,NaN,NaN,,NaN,NaN,,NaN,true,NaN,NaN,NaN,42.5,90.3,NaN,NaN,NaN,NaN,true,98.5,48.9,NaN,0.03353261202573776,0.0,,,2,2,NaN,,NaN,NaN,true,NaN,,,,,,,,,,,,NaN,NaN,,NaN,,NaN,NaN,,,,,NaN,NaN,NaN,NaN,,,,,,,,,,,,,,
ajtb177oqwawkdwbqhldmq6mx,B 93,2829150025,206,15,1,17,24,M. Wohlgemuth,e8vt8711wb40afht2v13omket,1,76.8,39.5,2025-07-25T17:18:24.762,2025-07-25T17:19:43,NaN,"{""id"": 5807491711, ""qualifierId"": 18}",bv5hq3a2l18r08hexey9bahhw,Lyngby vs B 93,1_Division,2025-07-25,DNK,NaN,,NaN,true,,true,true,NaN,,NaN,NaN,Center,,NaN,NaN,NaN,NaN,,NaN,true,,NaN,NaN,true,NaN,NaN,48.5,19,82.7,41.7,NaN,NaN,true,99.0,48.6,141,0.017811769619584084,0.0,,,1,3,true,,NaN,NaN,true,NaN,,,,,,,,,,,,NaN,NaN,,true,,NaN,NaN,,,,,NaN,NaN,NaN,NaN,,,,,,,,,,,,,,
anga7587r1zv4ey71ge9zxol3,Lyngby,2829155323,274,15,1,34,39,O. Buur,8822s8ns7oyvjqade4oaxzg0l,1,85.9,33.1,2025-07-25T17:35:39.850,2025-07-25T17:36:53,1.0,"{""id"": 5807522423, ""qualifierId"": 22}",bv5hq3a2l18r08hexey9bahhw,Lyngby vs B 93,1_Division,2025-07-25,DNK,NaN,,NaN,NaN,,true,true,NaN,,NaN,true,Center,,NaN,true,NaN,NaN,,NaN,NaN,,true,NaN,true,NaN,NaN,47.2,15.3,89.4,37.2,true,NaN,NaN,98.9,46.6,370,0.05115020275115967,0.0,,,2,2,NaN,,NaN,NaN,NaN,NaN,,,,,,,,,,,,NaN,NaN,,NaN,,NaN,NaN,,,,,NaN,NaN,NaN,NaN,,,,,,,,,,,,,,
ajtb177oqwawkdwbqhldmq6mx,B 93,2829152625,303,15,1,26,22,C. Björk,x3ad9hfxts6jpfugy3kvq9d5,1,90.8,55.8,2025-07-25T17:27:22.207,2025-07-27T08:29:16,1.0,"{""id"": 5807507115, ""qualifierId"": 214}",bv5hq3a2l18r08hexey9bahhw,Lyngby vs B 93,1_Division,2025-07-25,DNK,true,,true,NaN,,NaN,true,NaN,,NaN,true,Center,,NaN,NaN,NaN,NaN,,NaN,true,,NaN,NaN,NaN,NaN,NaN,51.1,3.8,99.1,50.5,true,true,NaN,NaN,NaN,210,0.0687972903251648,0.058466795831918716,,,2,1,true,,NaN,NaN,NaN,NaN,,,,,,,,,,,,NaN,NaN,,NaN,,NaN,NaN,,,,,NaN,NaN,NaN,NaN,,,,,,,,,,,,,,
ajtb177oqwawkdwbqhldmq6mx,B 93,2829153813,349,13,1,30,34,F. Isaki,86mx27krl6c613x6e3t9g3cic,1,92.3,58.5,2025-07-25T17:31:34.806,2025-07-25T17:33:04,1.0,"{""id"": 5807514811, ""qualifierId"": 231, ""value"": ""52.5""}",bv5hq3a2l18r08hexey9bahhw,Lyngby vs B 93,1_Division,2025-07-25,DNK,NaN,,true,NaN,,NaN,true,NaN,,NaN,true,Center,,NaN,NaN,NaN,true,,NaN,NaN,,NaN,NaN,NaN,true,NaN,56.8,16.7,NaN,NaN,true,true,NaN,98.8,52.5,NaN,0.16196070611476898,0.0,,,2,2,true,,NaN,NaN,NaN,NaN,,,,,,,,,,,,NaN,NaN,,NaN,,NaN,NaN,,,,,NaN,NaN,NaN,NaN,,,,,,,,,,,,,,
ajtb177oqwawkdwbqhldmq6mx,B 93,2829154251,357,16,1,31,40,F. Isaki,86mx27krl6c613x6e3t9g3cic,1,85.9,40.3,2025-07-25T17:32:40.854,2025-07-28T09:29:08,1.0,"{""id"": 5807518397, ""qualifierId"": 121}",bv5hq3a2l18r08hexey9bahhw,Lyngby vs B 93,1_Division,2025-07-25,DNK,NaN,,true,NaN,,NaN,NaN,true,,NaN,true,Center,,NaN,NaN,NaN,true,,true,NaN,,NaN,NaN,NaN,NaN,NaN,54.2,12.0,NaN,NaN,true,NaN,true,99.0,48.9,NaN,0.1341564953327179,0.8331576585769653,,,2,2,NaN,,2025-07-25 18:32:39.882,31:39.769,NaN,NaN,,,,,,,,,,,,NaN,NaN,,NaN,,NaN,NaN,,,,,98.9,52.5,NaN,true,,,,,,,,,,,,,,
ajtb177oqwawkdwbqhldmq6mx,B 93,2829158073,418,15,1,41,0,N. Mouritsen,eyvv6b94feknnp1uew6n0ytat,1,75.6,46.8,2025-07-25T17:42:00.954,2025-07-25T17:49:40,1.0,"{""id"": 5807552913, ""qualifierId"": 102, ""value"": ""53.1""}",bv5hq3a2l18r08hexey9bahhw,Lyngby vs B 93,1_Division,2025-07-25,DNK,NaN,,NaN,true,,NaN,NaN,NaN,,true,true,Center,,NaN,NaN,NaN,true,,true,NaN,,NaN,NaN,true,NaN,NaN,53.1,19,87.3,49.8,NaN,NaN,true,98.9,48.2,335,0.028213977813720703,0.0,,,2,3,NaN,,NaN,NaN,NaN,NaN,,,,,,,,,,,,NaN,NaN,,NaN,,NaN,NaN,,,,,NaN,NaN,NaN,NaN,,,,,,,,,,,,,,
anga7587r1zv4ey71ge9zxol3,Lyngby,2829164463,428,13,2,47,45,Í. Þorvaldsson,5k2hgogp2g5ivgdnq99ejp27e,1,92.6,47.9,2025-07-25T18:05:38.606,2025-07-25T18:06:46,1.0,"{""id"": 5811360197, ""qualifierId"": 214}",bv5hq3a2l18r08hexey9bahhw,Lyngby vs B 93,1_Division,2025-07-25,DNK,NaN,,true,NaN,,true,true,NaN,,NaN,true,Center,,NaN,NaN,NaN,NaN,,NaN,NaN,,NaN,NaN,NaN,NaN,NaN,43.4,9.7,NaN,NaN,true,true,NaN,99.5,48.0,NaN,0.17086055874824524,0.0,,,3,2,true,,NaN,NaN,NaN,NaN,,,,,,,,,,,,NaN,true,,NaN,,NaN,NaN,,,,,NaN,NaN,NaN,NaN,,,,,,,,,,,,,,
ajtb177oqwawkdwbqhldmq6mx,B 93,2829158727,442,15,1,42,47,C. Björk,x3ad9hfxts6jpfugy3kvq9d5,1,91.5,42.5,2025-07-25T17:43:47.906,2025-07-27T09:29:05,1.0,"{""id"": 5807542287, ""qualifierId"": 233, ""value"": ""347""}",bv5hq3a2l18r08hexey9bahhw,Lyngby vs B 93,1_Division,2025-07-25,DNK,NaN,,true,NaN,,NaN,true,NaN,,NaN,true,Center,,NaN,NaN,NaN,true,,NaN,true,,NaN,NaN,NaN,NaN,NaN,49.2,3.2,99.1,48.2,true,NaN,NaN,NaN,NaN,347,0.1028084009885788,0.12224171310663223,,,3,2,NaN,,NaN,NaN,NaN,NaN,,,,,,,,,,,,NaN,NaN,,NaN,,true,NaN,,,,,NaN,NaN,NaN,NaN,,,,,,,,,,,,,,
anga7587r1zv4ey71ge9zxol3,Lyngby,2829166249,476,13,2,53,40,G. Fraulo,6zhj070huc77sl5o5bx6ey5g4,1,76.0,67.9,2025-07-25T18:11:33.455,2025-07-25T18:12:42,1.0,"{""id"": 5807584407, ""qualifierId"": 102, ""value"": ""41.8""}",bv5hq3a2l18r08hexey9bahhw,Lyngby vs B 93,1_Division,2025-07-25,DNK,NaN,,NaN,true,,true,true,NaN,,NaN,true,Center,,NaN,NaN,NaN,NaN,,NaN,NaN,,NaN,NaN,NaN,NaN,NaN,41.8,19.4,NaN,NaN,NaN,NaN,true,98.8,51.4,NaN,0.012600613757967949,0.0,,,3,2,NaN,,NaN,NaN,NaN,NaN,,,,,,,,,,,,NaN,true,,NaN,,NaN,NaN,,,,,NaN,NaN,NaN,NaN,,,,,,,,,,,,,,
anga7587r1zv4ey71ge9zxol3,Lyngby,2829168225,541,15,2,60,2,P. Langhoff,79b0b6eqck5vn4b3fawxsaok,1,79.0,51.3,2025-07-25T18:17:55.261,2025-07-25T18:22:25,NaN,"{""id"": 5807600655, ""qualifierId"": 146, ""value"": ""83.6""}",bv5hq3a2l18r08hexey9bahhw,Lyngby vs B 93,1_Division,2025-07-25,DNK,NaN,,NaN,true,,true,true,NaN,,NaN,NaN,Center,,NaN,NaN,NaN,NaN,,NaN,true,,NaN,NaN,true,NaN,NaN,51.1,19,83.6,51.3,NaN,NaN,true,98.9,49.8,620,0.05569060519337654,0.0,,,2,3,NaN,,NaN,NaN,true,NaN,,,,,,,,,,,,NaN,NaN,,NaN,,NaN,NaN,,,,,NaN,NaN,NaN,NaN,,,,,,,,,,,,,,
anga7587r1zv4ey71ge9zxol3,Lyngby,2829168513,556,15,2,60,57,G. Fraulo,6zhj070huc77sl5o5bx6ey5g4,1,84.7,57.9,2025-07-25T18:18:50.320,2025-07-27T11:29:07,1.0,"{""id"": 5807597409, ""qualifierId"": 233, ""value"": ""624""}",bv5hq3a2l18r08hexey9bahhw,Lyngby vs B 93,1_Division,2025-07-25,DNK,NaN,,true,NaN,,NaN,true,NaN,,NaN,true,Center,,NaN,NaN,NaN,true,,NaN,NaN,,NaN,NaN,NaN,NaN,NaN,53.9,20.9,98.9,52.5,true,NaN,NaN,NaN,NaN,624,0.14074687659740448,0.27432021498680115,,,1,3,NaN,,NaN,NaN,NaN,NaN,,,,,,,,,,,,true,NaN,,NaN,,NaN,NaN,,,,,NaN,NaN,NaN,NaN,,,,,,,,,,,,,,
ajtb177oqwawkdwbqhldmq6mx,B 93,2829166483,563,15,2,54,21,A. Ahmad,4csz412vb3lquessbnf999ct0,1,86.1,25.2,2025-07-25T18:12:14.111,2025-07-25T18:13:24,1.0,"{""id"": 5807761415, ""qualifierId"": 231, ""value"": ""45.8""}",bv5hq3a2l18r08hexey9bahhw,Lyngby vs B 93,1_Division,2025-07-25,DNK,NaN,,NaN,NaN,,true,true,NaN,,NaN,true,Center,,NaN,true,NaN,NaN,,NaN,true,,NaN,NaN,true,NaN,NaN,49.2,19.4,87.2,27.1,NaN,NaN,true,98.6,45.8,479,0.01709660515189171,0.0,,,3,2,NaN,,NaN,NaN,NaN,NaN,,,,,,,,,,,,NaN,NaN,,NaN,,NaN,NaN,,,,,NaN,NaN,NaN,NaN,,,,,,,,,,,,,,
anga7587r1zv4ey71ge9zxol3,Lyngby,2829170787,624,16,2,70,15,Í. Þorvaldsson,5k2hgogp2g5ivgdnq99ejp27e,1,86.7,56.0,2025-07-25T18:28:08.491,2025-07-28T06:11:14,NaN,"{""id"": 5807772397, ""qualifierId"": 328}",bv5hq3a2l18r08hexey9bahhw,Lyngby vs B 93,1_Division,2025-07-25,DNK,NaN,,true,NaN,,NaN,true,NaN,,NaN,NaN,Center,,NaN,NaN,NaN,true,,NaN,true,,NaN,NaN,NaN,NaN,NaN,50.8,1.9,NaN,NaN,NaN,true,NaN,86.7,51.1,NaN,0.7071329355239868,0.9930980801582336,,,1,0,true,,2025-07-25 19:28:07.618,70:14.868,true,721,,,,,,,,,,,,NaN,NaN,,NaN,,NaN,NaN,,,,,86.7,50.7,NaN,NaN,,,,,,,,,,,,,,
anga7587r1zv4ey71ge9zxol3,Lyngby,2829171703,658,15,2,74,41,Í. Þorvaldsson,5k2hgogp2g5ivgdnq99ejp27e,1,92.7,57.7,2025-07-25T18:32:34.440,2025-07-25T18:38:56,1.0,"{""id"": 5807615093, ""qualifierId"": 56, ""value"": ""Center""}",bv5hq3a2l18r08hexey9bahhw,Lyngby vs B 93,1_Division,2025-07-25,DNK,NaN,,true,NaN,,NaN,NaN,true,,NaN,true,Center,,NaN,NaN,NaN,true,,true,NaN,,NaN,NaN,true,NaN,true,53.2,19,94.3,56.7,true,NaN,NaN,98.4,52.9,770,0.16959652304649353,0.0,,,3,2,NaN,,NaN,NaN,NaN,NaN,,,,,,,,,,,,NaN,NaN,,NaN,,NaN,NaN,,,,,NaN,NaN,NaN,NaN,,,,,,,,,,,,,,
ajtb177oqwawkdwbqhldmq6mx,B 93,2829169775,697,13,2,66,36,N. Mouritsen,eyvv6b94feknnp1uew6n0ytat,1,72.6,54.2,2025-07-25T18:24:28.970,2025-07-25T18:25:38,1.0,"{""id"": 5807604723, ""qualifierId"": 215}",bv5hq3a2l18r08hexey9bahhw,Lyngby vs B 93,1_Division,2025-07-25,DNK,NaN,,NaN,true,,NaN,true,NaN,,NaN,true,Center,,NaN,NaN,NaN,true,,NaN,NaN,,NaN,NaN,NaN,NaN,NaN,49.1,63.9,NaN,NaN,NaN,NaN,true,99.1,48.2,NaN,0.03712211549282074,0.0,,,1,2,NaN,,NaN,NaN,NaN,NaN,,,,,,,,,,,,NaN,NaN,,NaN,,NaN,NaN,,,,,NaN,NaN,true,NaN,,,,,,,,,,,,,,
anga7587r1zv4ey71ge9zxol3,Lyngby,2829177487,784,15,2,88,30,B. Blume,1acmsp1ulfijcrryff1qibdud,1,85.2,57.3,2025-07-25T18:46:22.770,2025-07-28T08:29:20,1.0,"{""id"": 5807699715, ""qualifierId"": 322, ""value"": ""0.3568771779537201""}",bv5hq3a2l18r08hexey9bahhw,Lyngby vs B 93,1_Division,2025-07-25,DNK,NaN,,true,NaN,,true,NaN,true,,NaN,true,Center,,NaN,NaN,NaN,NaN,,true,NaN,,NaN,NaN,NaN,NaN,NaN,53.9,4.4,99.0,52.3,true,NaN,NaN,NaN,NaN,895,0.05670596659183502,0.3568771779537201,,,3,3,NaN,,NaN,NaN,NaN,NaN,,,,,,,,,,,,NaN,NaN,,NaN,,NaN,true,,,,,NaN,NaN,NaN,NaN,,,,,,,,,,,,,,
ajtb177oqwawkdwbqhldmq6mx,B 93,2829179031,925,13,2,91,36,E. Nnamani,8i0o1b8rjsab9se3v6vteqmfo,1,94.9,29.3,2025-07-25T18:49:29.258,2025-07-25T18:50:36,1.0,"{""id"": 5807896577, ""qualifierId"": 215}",bv5hq3a2l18r08hexey9bahhw,Lyngby vs B 93,1_Division,2025-07-25,DNK,NaN,,NaN,NaN,,true,true,NaN,,NaN,true,Center,,true,NaN,NaN,NaN,,NaN,NaN,,NaN,NaN,NaN,NaN,NaN,42.7,18.1,NaN,NaN,NaN,NaN,true,99.1,45.7,NaN,0.03207327425479889,0.0,,,3,2,NaN,,NaN,NaN,NaN,NaN,,,,,,,,,,,,NaN,true,,NaN,,NaN,NaN,,,,,NaN,NaN,NaN,NaN,,,,,,,,,,,,,,
aqtkb4mgrz8c6iqfufj6qjbv9,Hillerød,2830849393,154,15,1,16,3,M. Etim,1fjkjzsei9slx2t4zhsqdkve1,1,91.5,66.0,2025-08-01T17:19:02.069,2025-08-03T10:29:18,NaN,"{""id"": 5816970533, ""qualifierId"": 321, ""value"": ""0.060468029230833054""}",bwm57nbdfdkw0gzw7kbay8ufo,B 93 vs Hillerød,1_Division,2025-08-01,DNK,NaN,NaN,NaN,NaN,,true,true,NaN,,NaN,NaN,Center,NaN,,NaN,true,NaN,NaN,true,NaN,,NaN,,NaN,,NaN,52.4,16.5,98.4,53.3,NaN,NaN,NaN,NaN,NaN,176,0.060468029230833054,0.1282368153333664,NaN,,2,3,true,NaN,NaN,NaN,true,,,,,,,,,,,NaN,,NaN,NaN,NaN,NaN,,NaN,,NaN,NaN,,,NaN,NaN,NaN,NaN,NaN,NaN,NaN,NaN,NaN,NaN,NaN,NaN,NaN,NaN,NaN,NaN,,
aqtkb4mgrz8c6iqfufj6qjbv9,Hillerød,2830849405,155,13,1,16,5,A. Justinussen,uiyol728wan4mxco2foplknp,1,95.2,53.6,2025-08-01T17:19:04.334,2025-08-01T17:20:35,NaN,"{""id"": 5817184621, ""qualifierId"": 16}",bwm57nbdfdkw0gzw7kbay8ufo,B 93 vs Hillerød,1_Division,2025-08-01,DNK,NaN,true,NaN,NaN,,NaN,true,NaN,,NaN,NaN,Center,NaN,,NaN,NaN,true,NaN,NaN,NaN,,NaN,,NaN,,NaN,50.9,48.6,97.2,52.7,NaN,NaN,NaN,98.8,50.9,NaN,0.3960246443748474,0.0,true,,2,2,true,154,NaN,NaN,true,,,,,,,,,,,NaN,,NaN,NaN,true,true,,true,,NaN,NaN,,,NaN,NaN,NaN,NaN,NaN,NaN,NaN,NaN,NaN,NaN,NaN,true,NaN,NaN,NaN,NaN,,
aqtkb4mgrz8c6iqfufj6qjbv9,Hillerød,2830849857,169,13,1,17,54,A. Justinussen,uiyol728wan4mxco2foplknp,1,87.0,82.0,2025-08-01T17:20:53.428,2025-08-01T17:22:02,NaN,"{""id"": 5820974149, ""qualifierId"": 85}",bwm57nbdfdkw0gzw7kbay8ufo,B 93 vs Hillerød,1_Division,2025-08-01,DNK,NaN,NaN,NaN,NaN,,true,NaN,NaN,,NaN,NaN,Left,NaN,,NaN,NaN,NaN,NaN,NaN,NaN,,NaN,,NaN,,NaN,51.9,56.9,NaN,NaN,NaN,NaN,NaN,98.5,54.0,NaN,0.04247837886214256,0.0,NaN,,1,2,NaN,NaN,NaN,NaN,true,,,,,,,,,,,true,,NaN,NaN,true,NaN,,NaN,,NaN,NaN,,,NaN,NaN,NaN,NaN,NaN,NaN,true,NaN,NaN,NaN,true,NaN,NaN,NaN,NaN,NaN,,
ajtb177oqwawkdwbqhldmq6mx,B 93,2830849483,181,15,1,16,22,C. Björk,x3ad9hfxts6jpfugy3kvq9d5,1,96.5,67.3,2025-08-01T17:19:21.545,2025-08-01T17:20:43,NaN,"{""id"": 5816970377, ""qualifierId"": 22}",bwm57nbdfdkw0gzw7kbay8ufo,B 93 vs Hillerød,1_Division,2025-08-01,DNK,NaN,NaN,NaN,NaN,,true,true,NaN,,NaN,NaN,Center,NaN,,NaN,NaN,NaN,NaN,true,NaN,,NaN,,true,,NaN,54.6,5.6,97.6,63.9,NaN,true,NaN,93.0,64.4,158,0.07726096361875534,0.0,NaN,,2,2,true,NaN,NaN,NaN,true,,,,,,,,,,,NaN,,NaN,NaN,NaN,NaN,,NaN,,NaN,NaN,,,NaN,NaN,NaN,NaN,NaN,true,NaN,NaN,NaN,true,NaN,NaN,NaN,NaN,NaN,NaN,,
ajtb177oqwawkdwbqhldmq6mx,B 93,2830849505,182,13,1,16,26,K. Grabovskis,3u184ybkonoa5ubxjzoy06ntg,1,80.8,69.7,2025-08-01T17:19:25.601,2025-08-01T17:20:34,NaN,"{""id"": 5816970497, ""qualifierId"": 22}",bwm57nbdfdkw0gzw7kbay8ufo,B 93 vs Hillerød,1_Division,2025-08-01,DNK,NaN,NaN,NaN,true,,true,true,NaN,,NaN,NaN,Center,NaN,,NaN,NaN,NaN,NaN,NaN,NaN,,NaN,,NaN,,NaN,48.9,59.7,NaN,NaN,NaN,NaN,NaN,98.5,54.0,NaN,0.03150346875190735,0.0,true,,2,3,NaN,181,NaN,NaN,true,,,,,,,,,,,NaN,,NaN,NaN,true,NaN,,NaN,,NaN,NaN,,,NaN,NaN,NaN,NaN,NaN,NaN,NaN,NaN,NaN,NaN,NaN,NaN,NaN,NaN,NaN,NaN,,
aqtkb4mgrz8c6iqfufj6qjbv9,Hillerød,2830850611,191,16,1,20,13,T. Arndal,1n4eldqa7h9jvcx1693zqu06i,1,93.3,53.6,2025-08-01T17:23:12.428,2025-08-03T10:29:14,1.0,"{""id"": 5816977615, ""qualifierId"": 154}",bwm57nbdfdkw0gzw7kbay8ufo,B 93 vs Hillerød,1_Division,2025-08-01,DNK,NaN,NaN,true,NaN,,true,true,NaN,,NaN,true,Center,NaN,,NaN,NaN,NaN,NaN,NaN,true,,NaN,,NaN,,NaN,51.4,5.7,NaN,NaN,true,true,NaN,98.8,51.1,NaN,0.32296520471572876,0.26609572768211365,NaN,,1,2,true,NaN,2025-08-01 18:23:11.981,20:12.972,NaN,,,,,,,,,,,NaN,,NaN,NaN,NaN,NaN,,NaN,,true,NaN,,,1.2,50.9,NaN,NaN,NaN,NaN,NaN,NaN,NaN,NaN,NaN,NaN,NaN,NaN,NaN,NaN,,
ajtb177oqwawkdwbqhldmq6mx,B 93,2830850019,196,14,1,18,38,C. Björk,x3ad9hfxts6jpfugy3kvq9d5,1,98.5,57.0,2025-08-01T17:21:37.217,2025-08-01T19:49:37,NaN,"{""id"": 4611686018471188199, ""qualifierId"": 322, ""value"": ""0.0""}",bwm57nbdfdkw0gzw7kbay8ufo,B 93 vs Hillerød,1_Division,2025-08-01,DNK,true,NaN,NaN,NaN,,NaN,true,NaN,,NaN,NaN,Center,true,,NaN,NaN,NaN,true,NaN,NaN,,NaN,,NaN,,NaN,55.2,4.4,NaN,NaN,NaN,true,NaN,95.4,53.1,NaN,0.43072760105133057,0.0,NaN,,2,0,true,NaN,NaN,NaN,true,,,,,,,,,,,NaN,,NaN,NaN,NaN,NaN,,NaN,,NaN,NaN,,,NaN,NaN,NaN,NaN,NaN,NaN,NaN,NaN,NaN,NaN,NaN,NaN,NaN,NaN,NaN,NaN,,
ajtb177oqwawkdwbqhldmq6mx,B 93,2830850065,198,15,1,18,45,O. Addo,kqj7nh6pqmqbt0abyyu0fcpg,1,81.9,68.1,2025-08-01T17:21:44.046,2025-08-03T10:29:14,NaN,"{""id"": 5816974033, ""qualifierId"": 22}",bwm57nbdfdkw0gzw7kbay8ufo,B 93 vs Hillerød,1_Division,2025-08-01,DNK,NaN,NaN,NaN,true,,true,true,NaN,,NaN,NaN,Center,NaN,,NaN,NaN,NaN,NaN,true,NaN,,NaN,,NaN,,NaN,53.2,7.0,98.1,53.3,NaN,NaN,NaN,NaN,NaN,174,0.03718150034546852,0.0684095099568367,NaN,,2,3,NaN,NaN,NaN,NaN,true,,,,,,,,,,,NaN,,NaN,NaN,NaN,NaN,,NaN,,NaN,NaN,,,NaN,NaN,NaN,NaN,NaN,NaN,NaN,NaN,NaN,NaN,NaN,NaN,NaN,NaN,NaN,NaN,,
aqtkb4mgrz8c6iqfufj6qjbv9,Hillerød,2830853501,262,13,1,31,4,M. Etim,1fjkjzsei9slx2t4zhsqdkve1,1,88.6,61.1,2025-08-01T17:34:03.672,2025-08-01T17:35:10,1.0,"{""id"": 5816994379, ""qualifierId"": 102, ""value"": ""53.1""}",bwm57nbdfdkw0gzw7kbay8ufo,B 93 vs Hillerød,1_Division,2025-08-01,DNK,NaN,NaN,true,NaN,,true,NaN,true,,NaN,true,Center,NaN,,NaN,NaN,NaN,NaN,NaN,NaN,,NaN,,NaN,,NaN,53.1,73.6,NaN,NaN,true,NaN,NaN,98.5,52.5,NaN,0.16902165114879608,0.0,NaN,,2,2,NaN,NaN,NaN,NaN,NaN,,,,,,,,,,,NaN,,NaN,NaN,NaN,NaN,,NaN,,NaN,NaN,,,NaN,NaN,true,NaN,NaN,NaN,NaN,NaN,NaN,NaN,NaN,NaN,NaN,NaN,NaN,NaN,,
aqtkb4mgrz8c6iqfufj6qjbv9,Hillerød,2830854375,287,16,1,33,24,M. Etim,1fjkjzsei9slx2t4zhsqdkve1,1,81.9,45.2,2025-08-01T17:36:23.080,2025-08-04T10:29:13,1.0,"{""id"": 5816999931, ""qualifierId"": 215}",bwm57nbdfdkw0gzw7kbay8ufo,B 93 vs Hillerød,1_Division,2025-08-01,DNK,NaN,NaN,NaN,true,,true,true,NaN,,NaN,true,Center,NaN,,NaN,NaN,NaN,NaN,true,NaN,,NaN,,NaN,,NaN,52.3,7.6,NaN,NaN,NaN,true,true,88.6,46.8,NaN,0.36724165081977844,0.40876609086990356,NaN,,1,1,NaN,NaN,2025-08-01 18:36:21.923,33:22.914,NaN,,,,,,,,,,,NaN,,NaN,NaN,NaN,NaN,,NaN,,NaN,NaN,,,12.7,52.0,NaN,NaN,NaN,NaN,NaN,NaN,true,NaN,NaN,NaN,NaN,NaN,NaN,NaN,,
aqtkb4mgrz8c6iqfufj6qjbv9,Hillerød,2830857527,349,13,1,43,56,M. Etim,1fjkjzsei9slx2t4zhsqdkve1,1,95.4,41.1,2025-08-01T17:46:55.726,2025-08-01T17:48:04,1.0,"{""id"": 5817017239, ""qualifierId"": 321, ""value"": ""0.1135508343577385""}",bwm57nbdfdkw0gzw7kbay8ufo,B 93 vs Hillerød,1_Division,2025-08-01,DNK,NaN,NaN,NaN,NaN,,true,NaN,NaN,,NaN,true,Center,NaN,,NaN,NaN,NaN,NaN,NaN,NaN,,NaN,,NaN,,NaN,42.0,30.6,NaN,NaN,true,NaN,NaN,99.4,46.6,NaN,0.1135508343577385,0.0,NaN,,3,2,true,NaN,NaN,NaN,NaN,,,,,,,,,,,NaN,,NaN,true,NaN,NaN,,NaN,,NaN,true,,,NaN,NaN,NaN,NaN,true,NaN,NaN,NaN,NaN,NaN,NaN,NaN,NaN,NaN,NaN,NaN,,
ajtb177oqwawkdwbqhldmq6mx,B 93,2830855757,377,13,1,38,43,V. Hammershøy-Mistrati,e3n8xatusmgu7ttqpfdjanp3p,1,71.8,49.1,2025-08-01T17:41:42.990,2025-08-01T17:42:51,1.0,"{""id"": 4611686018471186999, ""qualifierId"": 322, ""value"": ""0.0""}",bwm57nbdfdkw0gzw7kbay8ufo,B 93 vs Hillerød,1_Division,2025-08-01,DNK,NaN,NaN,NaN,true,,true,true,NaN,,NaN,true,Center,NaN,,NaN,NaN,NaN,NaN,NaN,NaN,,NaN,,NaN,,NaN,51.6,70.8,NaN,NaN,NaN,NaN,true,99.0,49.8,NaN,0.025530988350510597,0.0,NaN,,1,2,NaN,NaN,NaN,NaN,NaN,,,,,,,,,,,NaN,,NaN,NaN,NaN,NaN,,NaN,,NaN,NaN,,,NaN,NaN,true,NaN,NaN,NaN,NaN,NaN,NaN,NaN,NaN,NaN,NaN,NaN,NaN,NaN,,
ajtb177oqwawkdwbqhldmq6mx,B 93,2830856661,408,15,1,41,24,C. Björk,x3ad9hfxts6jpfugy3kvq9d5,1,98.0,57.4,2025-08-01T17:44:23.565,2025-08-04T10:44:26,NaN,"{""id"": 5823593015, ""qualifierId"": 76}",bwm57nbdfdkw0gzw7kbay8ufo,B 93 vs Hillerød,1_Division,2025-08-01,DNK,NaN,NaN,NaN,NaN,,true,NaN,NaN,,true,NaN,Center,true,,NaN,NaN,NaN,NaN,true,NaN,,NaN,,NaN,,NaN,54.0,5.1,99.4,55.1,NaN,true,NaN,NaN,NaN,330,0.31983476877212524,0.4635555148124695,NaN,,2,1,NaN,NaN,NaN,NaN,true,,,,,,,,,,,NaN,,NaN,NaN,NaN,NaN,,NaN,,NaN,NaN,,,NaN,NaN,NaN,NaN,NaN,NaN,NaN,NaN,NaN,NaN,NaN,NaN,NaN,NaN,NaN,NaN,,
aqtkb4mgrz8c6iqfufj6qjbv9,Hillerød,2830861965,418,15,2,48,50,M. Veltz,3avg1grraylzm6xjt5kt18is4,1,90.9,75.6,2025-08-01T18:09:52.417,2025-08-01T18:11:02,NaN,"{""id"": 5817041913, ""qualifierId"": 233, ""value"": ""555""}",bwm57nbdfdkw0gzw7kbay8ufo,B 93 vs Hillerød,1_Division,2025-08-01,DNK,NaN,NaN,NaN,NaN,,true,true,NaN,,NaN,NaN,Center,NaN,,NaN,true,NaN,NaN,true,NaN,,NaN,,true,,NaN,51.9,19,93.2,69.7,NaN,NaN,true,98.6,55.2,555,0.04076578840613365,0.0,NaN,,1,3,NaN,NaN,NaN,NaN,true,,,,,,,,,,,NaN,,NaN,NaN,NaN,NaN,,NaN,,NaN,NaN,,,NaN,NaN,NaN,NaN,NaN,NaN,NaN,NaN,NaN,NaN,NaN,NaN,NaN,NaN,NaN,NaN,,
ajtb177oqwawkdwbqhldmq6mx,B 93,2830857289,438,16,1,42,59,M. Wohlgemuth,e8vt8711wb40afht2v13omket,1,86.1,37.6,2025-08-01T17:45:58.769,2025-08-04T10:44:27,NaN,"{""id"": 5817015769, ""qualifierId"": 327, ""value"": ""1""}",bwm57nbdfdkw0gzw7kbay8ufo,B 93 vs Hillerød,1_Division,2025-08-01,DNK,NaN,NaN,true,NaN,,NaN,true,NaN,,NaN,NaN,Center,NaN,,NaN,NaN,true,NaN,true,NaN,,NaN,,NaN,,NaN,54.4,17.1,NaN,NaN,NaN,true,NaN,95.4,45.8,NaN,0.14533843100070953,0.83624267578125,NaN,,1,1,true,NaN,2025-08-01 18:45:57.758,42:58.749,true,,,,,,,,,,,NaN,,NaN,NaN,NaN,NaN,,NaN,,NaN,NaN,,,95.1,48.0,NaN,true,NaN,NaN,NaN,NaN,NaN,NaN,NaN,NaN,PASS_LOST,424535,2935,437,,
ajtb177oqwawkdwbqhldmq6mx,B 93,2830858663,480,13,1,47,37,C. Björk,x3ad9hfxts6jpfugy3kvq9d5,1,90.8,50.9,2025-08-01T17:50:36.772,2025-08-01T17:51:50,1.0,"{""id"": 5817023347, ""qualifierId"": 22}",bwm57nbdfdkw0gzw7kbay8ufo,B 93 vs Hillerød,1_Division,2025-08-01,DNK,true,NaN,true,NaN,,NaN,true,NaN,,NaN,true,Center,NaN,,NaN,NaN,NaN,NaN,NaN,NaN,,NaN,,NaN,,NaN,42.7,12.5,NaN,NaN,true,NaN,NaN,98.9,50.4,NaN,0.10882364213466644,0.0,NaN,,3,1,true,NaN,NaN,NaN,NaN,,,,,,,,,,,NaN,,NaN,true,NaN,NaN,,NaN,,NaN,NaN,,,NaN,NaN,NaN,NaN,NaN,NaN,NaN,NaN,NaN,NaN,NaN,NaN,NaN,NaN,NaN,NaN,,
aqtkb4mgrz8c6iqfufj6qjbv9,Hillerød,2830865821,518,15,2,63,50,A. Justinussen,uiyol728wan4mxco2foplknp,1,81.6,74.2,2025-08-01T18:24:52.764,2025-08-03T23:29:02,1.0,"{""id"": 5817063237, ""qualifierId"": 18}",bwm57nbdfdkw0gzw7kbay8ufo,B 93 vs Hillerød,1_Division,2025-08-01,DNK,NaN,NaN,NaN,true,,true,true,NaN,,NaN,true,Center,NaN,,NaN,NaN,NaN,NaN,NaN,NaN,,NaN,,NaN,,NaN,54.1,24.1,99.5,51.3,NaN,NaN,true,NaN,NaN,683,0.018977290019392967,0.23671655356884003,NaN,,2,2,NaN,NaN,NaN,NaN,NaN,,,,,,,,,,,NaN,,true,NaN,NaN,NaN,,NaN,,NaN,NaN,,,NaN,NaN,NaN,NaN,NaN,NaN,NaN,NaN,NaN,NaN,NaN,NaN,NaN,NaN,NaN,NaN,,
aqtkb4mgrz8c6iqfufj6qjbv9,Hillerød,2830866357,547,13,2,66,18,M. Veltz,3avg1grraylzm6xjt5kt18is4,1,86.1,42.3,2025-08-01T18:27:20.633,2025-08-01T18:28:29,1.0,"{""id"": 5817066333, ""qualifierId"": 103, ""value"": ""6.9""}",bwm57nbdfdkw0gzw7kbay8ufo,B 93 vs Hillerød,1_Division,2025-08-01,DNK,NaN,NaN,true,NaN,,true,true,NaN,,NaN,true,Center,NaN,,NaN,NaN,NaN,true,NaN,NaN,,NaN,,NaN,,NaN,60.3,6.9,NaN,NaN,true,NaN,NaN,98.4,48.6,NaN,0.11883144080638885,0.0,NaN,,2,2,NaN,NaN,NaN,NaN,NaN,,,,,,,,,,,NaN,,NaN,NaN,NaN,NaN,,NaN,,NaN,NaN,,,NaN,NaN,NaN,NaN,NaN,NaN,NaN,NaN,NaN,NaN,NaN,NaN,NaN,NaN,NaN,NaN,,
ajtb177oqwawkdwbqhldmq6mx,B 93,2830862123,564,13,2,49,16,N. Mouritsen,eyvv6b94feknnp1uew6n0ytat,1,77.8,67.5,2025-08-01T18:10:18.850,2025-08-01T18:11:25,1.0,"{""id"": 5817042259, ""qualifierId"": 56, ""value"": ""Center""}",bwm57nbdfdkw0gzw7kbay8ufo,B 93 vs Hillerød,1_Division,2025-08-01,DNK,NaN,NaN,NaN,true,,NaN,true,NaN,,NaN,true,Center,NaN,,NaN,NaN,true,NaN,NaN,NaN,,NaN,,NaN,,NaN,40.5,13.9,NaN,NaN,NaN,NaN,true,99.4,50.4,NaN,0.031299300491809845,0.0,NaN,,1,2,NaN,NaN,NaN,NaN,NaN,,,,,,,,,,,NaN,,NaN,NaN,NaN,NaN,,NaN,,NaN,NaN,,,NaN,NaN,NaN,NaN,NaN,NaN,NaN,true,NaN,NaN,NaN,NaN,NaN,NaN,NaN,NaN,,
ajtb177oqwawkdwbqhldmq6mx,B 93,2830863481,609,15,2,53,33,C. Björk,x3ad9hfxts6jpfugy3kvq9d5,1,77.8,51.1,2025-08-01T18:14:35.761,2025-08-01T18:15:47,1.0,"{""id"": 5817049855, ""qualifierId"": 321, ""value"": ""0.04850417748093605""}",bwm57nbdfdkw0gzw7kbay8ufo,B 93 vs Hillerød,1_Division,2025-08-01,DNK,NaN,NaN,NaN,true,,true,NaN,true,,NaN,true,Center,NaN,,NaN,NaN,NaN,NaN,NaN,true,,NaN,,true,,NaN,49.0,19,81.9,50.7,NaN,NaN,true,99.3,50.7,458,0.04850417748093605,0.0,NaN,,3,2,NaN,NaN,NaN,NaN,NaN,,,,,,,,,,,NaN,,NaN,NaN,NaN,NaN,,NaN,,NaN,NaN,,,NaN,NaN,NaN,NaN,NaN,NaN,NaN,NaN,NaN,NaN,NaN,NaN,NaN,NaN,NaN,NaN,,
aqtkb4mgrz8c6iqfufj6qjbv9,Hillerød,2830870385,614,13,2,77,52,M. Veltz,3avg1grraylzm6xjt5kt18is4,1,88.9,43.8,2025-08-01T18:38:54.991,2025-08-01T18:40:02,1.0,"{""id"": 5817089285, ""qualifierId"": 230, ""value"": ""97.8""}",bwm57nbdfdkw0gzw7kbay8ufo,B 93 vs Hillerød,1_Division,2025-08-01,DNK,true,NaN,true,NaN,,NaN,true,NaN,,NaN,true,Center,NaN,,NaN,NaN,NaN,true,NaN,NaN,,NaN,,NaN,,NaN,91.9,19.4,91.5,57.2,true,NaN,NaN,97.8,47.8,NaN,0.08205616474151611,0.0,NaN,,1,1,true,NaN,NaN,NaN,NaN,,,,,,,,,,,NaN,,NaN,NaN,NaN,NaN,,NaN,,NaN,NaN,,,NaN,NaN,NaN,NaN,NaN,NaN,NaN,NaN,NaN,NaN,NaN,true,NaN,NaN,NaN,NaN,,
ajtb177oqwawkdwbqhldmq6mx,B 93,2830863657,615,15,2,54,13,O. Søe,9213debwtuph6cjborx73sx78,1,92.3,56.6,2025-08-01T18:15:16.089,2025-08-01T20:00:48,1.0,"{""id"": 5817050767, ""qualifierId"": 56, ""value"": ""Center""}",bwm57nbdfdkw0gzw7kbay8ufo,B 93 vs Hillerød,1_Division,2025-08-01,DNK,true,NaN,true,NaN,,NaN,NaN,NaN,,true,true,Center,NaN,,NaN,NaN,NaN,NaN,NaN,true,,NaN,,true,,true,49.7,19,95.3,54.0,true,NaN,NaN,99.4,50.9,726,0.059128861874341965,0.0,NaN,,2,2,true,NaN,NaN,NaN,NaN,,,,,,,,,,,NaN,,NaN,NaN,NaN,NaN,,NaN,,NaN,NaN,,,NaN,NaN,NaN,NaN,NaN,NaN,NaN,NaN,NaN,NaN,NaN,NaN,NaN,NaN,NaN,NaN,,
ajtb177oqwawkdwbqhldmq6mx,B 93,2830863973,631,15,2,55,25,K. Grabovskis,3u184ybkonoa5ubxjzoy06ntg,1,87.8,28.2,2025-08-01T18:16:28.112,2025-08-01T18:21:05,1.0,"{""id"": 5817057973, ""qualifierId"": 82}",bwm57nbdfdkw0gzw7kbay8ufo,B 93 vs Hillerød,1_Division,2025-08-01,DNK,NaN,NaN,NaN,NaN,,NaN,true,NaN,,NaN,true,Center,NaN,,true,NaN,true,NaN,NaN,NaN,,true,,true,,NaN,48.2,19,91.7,34.7,NaN,NaN,NaN,99.3,48.2,464,0.030140595510601997,0.0,NaN,,2,3,NaN,NaN,NaN,NaN,NaN,,,,,,,,,,,NaN,,NaN,NaN,NaN,NaN,,NaN,,NaN,NaN,,,NaN,NaN,NaN,NaN,NaN,NaN,NaN,NaN,NaN,NaN,NaN,NaN,NaN,NaN,NaN,NaN,,
aqtkb4mgrz8c6iqfufj6qjbv9,Hillerød,2830872327,636,13,2,82,45,J. Witt,5z7y55t2o577r8ki3i5855as,1,73.8,63.8,2025-08-01T18:43:47.740,2025-08-01T18:44:56,NaN,"{""id"": 5817099857, ""qualifierId"": 327, ""value"": ""3""}",bwm57nbdfdkw0gzw7kbay8ufo,B 93 vs Hillerød,1_Division,2025-08-01,DNK,NaN,NaN,NaN,true,,true,NaN,NaN,,NaN,NaN,Center,NaN,,NaN,NaN,NaN,NaN,NaN,NaN,,NaN,,NaN,,NaN,63.4,72.2,NaN,NaN,NaN,NaN,NaN,97.2,50.9,NaN,0.03740529716014862,0.0,NaN,,1,3,NaN,NaN,NaN,NaN,true,,,,,,,,,,,true,,true,NaN,NaN,NaN,,NaN,,NaN,NaN,,,NaN,NaN,NaN,NaN,NaN,NaN,NaN,NaN,NaN,NaN,NaN,NaN,NaN,NaN,NaN,NaN,,
aqtkb4mgrz8c6iqfufj6qjbv9,Hillerød,2830875737,663,13,2,90,5,M. Veltz,3avg1grraylzm6xjt5kt18is4,1,92.4,31.9,2025-08-01T18:51:07.565,2025-08-01T18:52:15,1.0,"{""id"": 4611686018471187607, ""qualifierId"": 322, ""value"": ""0.0""}",bwm57nbdfdkw0gzw7kbay8ufo,B 93 vs Hillerød,1_Division,2025-08-01,DNK,NaN,NaN,NaN,NaN,,true,true,NaN,,NaN,true,Center,NaN,,true,NaN,NaN,NaN,NaN,NaN,,NaN,,NaN,,NaN,43.5,11.1,NaN,NaN,NaN,NaN,true,99.0,46.9,NaN,0.047621846199035645,0.0,NaN,,3,1,NaN,NaN,NaN,NaN,NaN,,,,,,,,,,,NaN,,NaN,true,NaN,NaN,,NaN,,NaN,NaN,,,NaN,NaN,NaN,NaN,NaN,NaN,NaN,NaN,NaN,NaN,NaN,NaN,NaN,NaN,NaN,NaN,,
ajtb177oqwawkdwbqhldmq6mx,B 93,2830864851,667,13,2,58,40,C. Björk,x3ad9hfxts6jpfugy3kvq9d5,1,83.4,66.7,2025-08-01T18:19:42.360,2025-08-01T18:20:54,1.0,"{""id"": 5823053721, ""qualifierId"": 64}",bwm57nbdfdkw0gzw7kbay8ufo,B 93 vs Hillerød,1_Division,2025-08-01,DNK,NaN,NaN,NaN,NaN,,true,true,NaN,,NaN,true,Center,NaN,,NaN,true,NaN,NaN,NaN,NaN,,NaN,,NaN,,NaN,44.9,63.9,NaN,NaN,NaN,NaN,true,98.2,50,NaN,0.06999973207712173,0.0,NaN,,1,2,NaN,NaN,NaN,NaN,NaN,,,,,,,,,,,NaN,,NaN,NaN,NaN,NaN,,NaN,,NaN,NaN,,,NaN,NaN,true,NaN,NaN,NaN,NaN,NaN,NaN,NaN,true,NaN,NaN,NaN,NaN,NaN,,
aqtkb4mgrz8c6iqfufj6qjbv9,Hillerød,2830878663,707,13,2,97,4,S. Jalaei,e0u730to91qqtvvx16uhajz10,1,72.3,61.7,2025-08-01T18:58:06.918,2025-08-01T18:59:14,NaN,"{""id"": 5817135693, ""qualifierId"": 326, ""value"": ""2""}",bwm57nbdfdkw0gzw7kbay8ufo,B 93 vs Hillerød,1_Division,2025-08-01,DNK,NaN,NaN,NaN,true,,NaN,true,NaN,,NaN,NaN,Center,NaN,,NaN,NaN,true,NaN,NaN,NaN,,NaN,,NaN,,NaN,62.5,87.5,NaN,NaN,NaN,NaN,true,98.5,50.2,NaN,0.01643473654985428,0.0,NaN,,2,2,NaN,NaN,NaN,NaN,true,,,,,,,,,,,NaN,,true,NaN,NaN,NaN,,NaN,,NaN,NaN,,,NaN,NaN,NaN,NaN,NaN,NaN,NaN,NaN,NaN,NaN,NaN,NaN,NaN,NaN,NaN,NaN,,
ajtb177oqwawkdwbqhldmq6mx,B 93,2830870935,863,13,2,79,5,L. Henriksen,6g671k5lvgoo2bgub2516q1w4,1,96.0,52.6,2025-08-01T18:40:07.946,2025-08-01T18:41:32,1.0,"{""id"": 4611686018471187427, ""qualifierId"": 322, ""value"": ""0.0""}",bwm57nbdfdkw0gzw7kbay8ufo,B 93 vs Hillerød,1_Division,2025-08-01,DNK,NaN,true,NaN,NaN,,true,true,NaN,,NaN,true,Center,NaN,,NaN,NaN,NaN,NaN,NaN,NaN,,NaN,,NaN,,NaN,49.9,61.1,NaN,NaN,true,true,NaN,99.4,50.5,NaN,0.6862596273422241,0.0,NaN,,1,1,true,NaN,NaN,NaN,NaN,,,,,,,,,,,NaN,,NaN,NaN,NaN,NaN,,NaN,,NaN,NaN,,,NaN,NaN,true,NaN,NaN,NaN,NaN,NaN,NaN,NaN,NaN,NaN,NaN,NaN,NaN,NaN,,
ajtb177oqwawkdwbqhldmq6mx,B 93,2830876561,964,15,2,91,50,M. Wohlgemuth,e8vt8711wb40afht2v13omket,1,90.8,52.8,2025-08-01T18:52:52.295,2025-08-01T18:54:01,1.0,"{""id"": 5823190717, ""qualifierId"": 76}",bwm57nbdfdkw0gzw7kbay8ufo,B 93 vs Hillerød,1_Division,2025-08-01,DNK,NaN,NaN,true,NaN,,NaN,true,NaN,,NaN,true,Center,NaN,,NaN,NaN,true,NaN,true,NaN,,NaN,,true,,NaN,52.5,19,93.7,52.7,true,NaN,NaN,98.9,50.2,671,0.12206395715475082,0.0,NaN,,3,3,NaN,NaN,NaN,NaN,NaN,,,,,,,,,,,NaN,,NaN,NaN,NaN,NaN,,NaN,,NaN,NaN,,,NaN,NaN,NaN,NaN,NaN,NaN,NaN,NaN,NaN,NaN,NaN,NaN,NaN,NaN,NaN,NaN,,
ajtb177oqwawkdwbqhldmq6mx,B 93,2832616833,14,15,1,0,36,C. Björk,x3ad9hfxts6jpfugy3kvq9d5,1,85.6,43.2,2025-08-08T17:00:30.407,2025-08-08T17:02:07,NaN,"{""id"": 5826879341, ""qualifierId"": 22}",byt0rdri3jylo021u4gswxb10,Hobro vs B 93,1_Division,2025-08-08,DNK,NaN,NaN,true,NaN,,NaN,true,NaN,NaN,NaN,NaN,Center,NaN,,NaN,NaN,true,NaN,NaN,true,,NaN,,true,,NaN,48.6,19,87.9,44.0,NaN,NaN,NaN,98.8,49.3,8,0.06068672984838486,0.0,NaN,NaN,3,2,NaN,NaN,NaN,NaN,true,NaN,,,,,,,,,,NaN,,NaN,,NaN,,,,,,,,,NaN,NaN,NaN,NaN,,NaN,,NaN,NaN,NaN,NaN,NaN,NaN,NaN,NaN,NaN,NaN,NaN
b2vft81kyjurzbmekvgrqwr64,Hobro,2832617263,21,15,1,1,56,S. Andreasen,4qyfoq5fjiochtj89w426lm21,1,86.7,62.6,2025-08-08T17:01:50.685,2025-08-11T02:29:16,NaN,"{""id"": 5826881649, ""qualifierId"": 22}",byt0rdri3jylo021u4gswxb10,Hobro vs B 93,1_Division,2025-08-08,DNK,NaN,NaN,true,NaN,,NaN,true,NaN,NaN,NaN,NaN,Center,NaN,,NaN,NaN,true,NaN,NaN,true,,NaN,,NaN,,NaN,49.0,0.6,98.5,51.4,NaN,true,true,NaN,NaN,28,0.11411429196596146,0.08833937346935272,NaN,NaN,2,1,NaN,NaN,NaN,NaN,true,NaN,,,,,,,,,,NaN,,NaN,,NaN,,,,,,,,,NaN,NaN,NaN,NaN,,NaN,,NaN,NaN,NaN,NaN,NaN,NaN,NaN,NaN,NaN,NaN,NaN
ajtb177oqwawkdwbqhldmq6mx,B 93,2832618291,67,16,1,7,56,A. Ahmad,4csz412vb3lquessbnf999ct0,1,93.1,43.2,2025-08-08T17:07:50.116,2025-08-11T05:29:18,1.0,"{""id"": 5826888873, ""qualifierId"": 231, ""value"": ""46.8""}",byt0rdri3jylo021u4gswxb10,Hobro vs B 93,1_Division,2025-08-08,DNK,NaN,NaN,true,NaN,,true,true,NaN,NaN,NaN,true,Center,NaN,,NaN,NaN,NaN,NaN,NaN,NaN,,true,,NaN,,NaN,45.8,16.5,NaN,NaN,true,true,NaN,99.1,46.8,NaN,0.2573472261428833,0.6756250262260437,NaN,NaN,2,2,NaN,NaN,2025-08-08 18:07:49.600,07:55.716,NaN,NaN,,,,,,,,,,NaN,,NaN,,NaN,,,,,,,,,98.9,47.1,NaN,NaN,,NaN,,NaN,NaN,NaN,NaN,NaN,NaN,NaN,NaN,NaN,NaN,NaN
b2vft81kyjurzbmekvgrqwr64,Hobro,2832618699,86,15,1,10,0,F. Dietz,ebd3uvtt54wkdsahc2127j02c,1,95.2,54.2,2025-08-08T17:09:54.046,2025-08-08T17:11:24,1.0,"{""id"": 5826890277, ""qualifierId"": 82}",byt0rdri3jylo021u4gswxb10,Hobro vs B 93,1_Division,2025-08-08,DNK,true,true,NaN,NaN,,NaN,NaN,NaN,NaN,true,true,Center,NaN,,NaN,NaN,NaN,NaN,NaN,NaN,,true,,true,,true,46.6,19,96.0,52.9,true,NaN,NaN,98.2,52.7,72,0.16879799962043762,0.0,NaN,NaN,3,2,true,NaN,NaN,NaN,NaN,NaN,,,,,,,,,,NaN,,NaN,,NaN,,,,,,,,,NaN,NaN,NaN,NaN,,NaN,,NaN,NaN,NaN,NaN,NaN,NaN,NaN,NaN,NaN,NaN,NaN
b2vft81kyjurzbmekvgrqwr64,Hobro,2832619437,108,15,1,13,3,L. Klitten,ea2x4o6ufsqoz2zz7tqcnvo16,1,88.4,55.4,2025-08-08T17:12:57.220,2025-08-11T05:29:16,NaN,"{""id"": 5826894485, ""qualifierId"": 22}",byt0rdri3jylo021u4gswxb10,Hobro vs B 93,1_Division,2025-08-08,DNK,NaN,NaN,true,NaN,,true,true,NaN,NaN,NaN,NaN,Center,NaN,,NaN,NaN,NaN,NaN,NaN,true,,NaN,,NaN,,NaN,51.8,17.7,98.8,48.7,NaN,NaN,NaN,NaN,NaN,87,0.09185411036014557,0.3672269582748413,NaN,NaN,3,3,NaN,NaN,NaN,NaN,true,NaN,,,,,,,,,,NaN,,NaN,,NaN,,,,,,,,,NaN,NaN,NaN,NaN,,NaN,,NaN,NaN,NaN,NaN,NaN,NaN,NaN,NaN,NaN,NaN,NaN
ajtb177oqwawkdwbqhldmq6mx,B 93,2832620017,115,15,1,15,24,M. Wohlgemuth,e8vt8711wb40afht2v13omket,1,81.2,31.5,2025-08-08T17:15:18.600,2025-08-11T05:29:19,1.0,"{""id"": 5826898025, ""qualifierId"": 29}",byt0rdri3jylo021u4gswxb10,Hobro vs B 93,1_Division,2025-08-08,DNK,NaN,NaN,NaN,true,,true,true,NaN,NaN,NaN,true,Center,NaN,,NaN,NaN,NaN,NaN,NaN,NaN,,true,,NaN,,NaN,48.1,10.1,98.6,47.8,NaN,NaN,true,NaN,NaN,130,0.03717484325170517,0.04058310389518738,NaN,NaN,1,2,true,NaN,NaN,NaN,NaN,NaN,,,,,,,,,,NaN,,NaN,,NaN,,,,,,,,,NaN,NaN,NaN,NaN,,NaN,,NaN,NaN,NaN,NaN,NaN,NaN,NaN,NaN,NaN,NaN,NaN
b2vft81kyjurzbmekvgrqwr64,Hobro,2832620517,172,13,1,18,3,S. Andreasen,4qyfoq5fjiochtj89w426lm21,1,87.5,57.0,2025-08-08T17:17:57.178,2025-08-08T17:19:12,NaN,"{""id"": 5835377561, ""qualifierId"": 328}",byt0rdri3jylo021u4gswxb10,Hobro vs B 93,1_Division,2025-08-08,DNK,NaN,NaN,true,NaN,,NaN,true,NaN,NaN,NaN,NaN,Center,NaN,,NaN,NaN,true,NaN,NaN,NaN,,NaN,,NaN,,NaN,54.6,65.3,NaN,NaN,NaN,NaN,NaN,98.6,50.5,NaN,0.11747518926858902,0.0,NaN,NaN,2,2,true,NaN,NaN,NaN,true,NaN,,,,,,,,,,NaN,,NaN,,NaN,,,,,,,,,NaN,NaN,true,NaN,,NaN,,NaN,NaN,NaN,NaN,NaN,NaN,NaN,NaN,NaN,NaN,NaN
b2vft81kyjurzbmekvgrqwr64,Hobro,2832620625,178,13,1,18,41,T. Hansen,e0rgqk3gxzs005m9ok9hvp1ck,1,74.1,27.8,2025-08-08T17:18:35.305,2025-08-08T17:19:43,1.0,"{""id"": 5826901781, ""qualifierId"": 103, ""value"": ""86.1""}",byt0rdri3jylo021u4gswxb10,Hobro vs B 93,1_Division,2025-08-08,DNK,NaN,NaN,NaN,true,,NaN,true,NaN,NaN,NaN,true,Center,NaN,,NaN,NaN,true,NaN,NaN,NaN,,NaN,,NaN,,NaN,54.3,86.1,NaN,NaN,NaN,NaN,true,98.1,48.0,NaN,0.018160361796617508,0.0,NaN,NaN,1,2,NaN,NaN,NaN,NaN,NaN,NaN,,,,,,,,,,NaN,,NaN,,NaN,,,,,,,,,NaN,NaN,true,NaN,,NaN,,NaN,NaN,NaN,NaN,NaN,NaN,NaN,NaN,NaN,NaN,NaN
b2vft81kyjurzbmekvgrqwr64,Hobro,2832622059,270,15,1,26,40,F. Dietz,ebd3uvtt54wkdsahc2127j02c,1,76.8,51.5,2025-08-08T17:26:34.866,2025-08-08T17:27:49,1.0,"{""id"": 5826910143, ""qualifierId"": 230, ""value"": ""98.4""}",byt0rdri3jylo021u4gswxb10,Hobro vs B 93,1_Division,2025-08-08,DNK,NaN,NaN,NaN,true,,NaN,true,NaN,NaN,NaN,true,Center,NaN,,NaN,NaN,true,NaN,NaN,true,,NaN,,true,,NaN,48.7,19,80.2,51.1,NaN,NaN,true,98.4,50.7,227,0.03587052598595619,0.0,NaN,NaN,2,3,NaN,NaN,NaN,NaN,NaN,NaN,,,,,,,,,,NaN,,NaN,,NaN,,,,,,,,,NaN,NaN,NaN,NaN,,NaN,,NaN,NaN,NaN,NaN,NaN,NaN,NaN,NaN,NaN,NaN,NaN
ajtb177oqwawkdwbqhldmq6mx,B 93,2832623401,290,14,1,34,8,N. Mouritsen,eyvv6b94feknnp1uew6n0ytat,1,74.7,41.9,2025-08-08T17:34:02.590,2025-08-08T17:35:28,NaN,"{""id"": 5826918267, ""qualifierId"": 230, ""value"": ""99.3""}",byt0rdri3jylo021u4gswxb10,Hobro vs B 93,1_Division,2025-08-08,DNK,NaN,NaN,NaN,true,,NaN,NaN,NaN,NaN,NaN,NaN,Center,NaN,,NaN,NaN,true,NaN,NaN,NaN,,NaN,,NaN,,NaN,45.1,21.5,NaN,NaN,NaN,NaN,NaN,99.3,48.7,NaN,0.0630694106221199,0.0,NaN,NaN,1,3,NaN,NaN,NaN,NaN,true,NaN,,,,,,,,,,true,,NaN,,NaN,,,,,,,,,NaN,NaN,NaN,true,,NaN,,true,NaN,NaN,NaN,NaN,NaN,NaN,NaN,NaN,NaN,NaN
ajtb177oqwawkdwbqhldmq6mx,B 93,2832623533,292,16,1,34,10,O. Søe,9213debwtuph6cjborx73sx78,1,92.9,59.3,2025-08-08T17:34:04.854,2025-08-11T07:29:23,NaN,"{""id"": 5826918371, ""qualifierId"": 56, ""value"": ""Center""}",byt0rdri3jylo021u4gswxb10,Hobro vs B 93,1_Division,2025-08-08,DNK,NaN,NaN,true,NaN,,NaN,NaN,NaN,true,NaN,NaN,Center,NaN,,NaN,NaN,true,NaN,true,NaN,,NaN,,NaN,,NaN,52.0,19.6,NaN,NaN,NaN,true,NaN,99.0,45.1,NaN,0.21565751731395721,0.9188839197158813,true,NaN,2,2,true,290,2025-08-08 18:34:04.267,34:10.383,true,NaN,,,,,,,,,,NaN,,NaN,,NaN,,,,,,,,,99.3,46.4,NaN,NaN,,NaN,,NaN,NaN,NaN,NaN,NaN,POST,132017,2935,290,NaN,NaN
b2vft81kyjurzbmekvgrqwr64,Hobro,2832623131,309,16,1,31,51,L. Klitten,ea2x4o6ufsqoz2zz7tqcnvo16,1,96.2,47.0,2025-08-08T17:31:45.201,2025-08-11T07:29:23,1.0,"{""id"": 5826915987, ""qualifierId"": 327, ""value"": ""1""}",byt0rdri3jylo021u4gswxb10,Hobro vs B 93,1_Division,2025-08-08,DNK,NaN,true,NaN,NaN,,NaN,true,NaN,NaN,NaN,true,Center,NaN,,NaN,NaN,true,NaN,NaN,true,,NaN,,NaN,,NaN,49.6,1.3,NaN,NaN,true,true,NaN,99.1,45.3,NaN,0.8064080476760864,0.9916915893554688,NaN,NaN,2,1,true,NaN,2025-08-08 18:31:44.932,31:51.048,NaN,NaN,,,,,,,,,,NaN,,NaN,,NaN,,,,,,,,,1.6,54.5,NaN,NaN,,NaN,,NaN,NaN,NaN,NaN,NaN,NaN,NaN,NaN,NaN,NaN,NaN
ajtb177oqwawkdwbqhldmq6mx,B 93,2832624477,325,15,1,3,1,O. Addo,kqj7nh6pqmqbt0abyyu0fcpg,1,91.7,39.4,2025-08-08T17:02:55.426,2025-08-08T17:40:25,1.0,"{""id"": 5826923743, ""qualifierId"": 327, ""value"": ""2""}",byt0rdri3jylo021u4gswxb10,Hobro vs B 93,1_Division,2025-08-08,DNK,NaN,NaN,true,NaN,,true,true,NaN,NaN,NaN,true,Center,NaN,,NaN,NaN,NaN,NaN,NaN,NaN,,true,,true,,true,46.7,19,95.1,42.4,true,NaN,NaN,99.1,46.9,346,0.16881965100765228,0.0,NaN,NaN,2,2,NaN,NaN,NaN,NaN,NaN,NaN,,,,,,,,,,NaN,,NaN,,NaN,,,,,,,,,NaN,NaN,NaN,NaN,,NaN,,NaN,NaN,NaN,NaN,NaN,NaN,NaN,NaN,NaN,NaN,NaN
ajtb177oqwawkdwbqhldmq6mx,B 93,2832625605,357,13,1,43,0,E. Christensen,8xe0fufxfgf5cuwgysz3r2j85,1,95.8,57.0,2025-08-08T17:42:54.475,2025-08-08T17:44:30,1.0,"{""id"": 5826930503, ""qualifierId"": 56, ""value"": ""Center""}",byt0rdri3jylo021u4gswxb10,Hobro vs B 93,1_Division,2025-08-08,DNK,NaN,NaN,NaN,NaN,,NaN,NaN,NaN,NaN,true,true,Center,true,,NaN,NaN,true,NaN,NaN,NaN,,NaN,,NaN,,NaN,26.4,27.8,97.1,5.4,true,true,NaN,99.0,53.4,NaN,0.2092244178056717,0.0,NaN,NaN,3,1,true,NaN,NaN,NaN,NaN,NaN,,,,,,,,,,NaN,,NaN,,NaN,,,,,,,,,NaN,NaN,NaN,NaN,,NaN,,true,NaN,NaN,NaN,true,NaN,NaN,NaN,NaN,NaN,NaN
b2vft81kyjurzbmekvgrqwr64,Hobro,2832627919,409,15,1,45,18,S. Andreasen,4qyfoq5fjiochtj89w426lm21,1,86.1,57.9,2025-08-08T17:45:12.605,2025-08-08T17:54:00,1.0,"{""id"": 5835396819, ""qualifierId"": 80}",byt0rdri3jylo021u4gswxb10,Hobro vs B 93,1_Division,2025-08-08,DNK,NaN,NaN,true,NaN,,NaN,true,NaN,NaN,NaN,true,Center,NaN,,NaN,NaN,true,NaN,NaN,NaN,,true,,true,,NaN,47.3,19,87.5,56.9,true,NaN,NaN,96.0,51.6,383,0.06619530916213989,0.0,NaN,NaN,3,2,true,NaN,NaN,NaN,NaN,NaN,,,,,,,,,,NaN,,NaN,,NaN,,,,,,,,,NaN,NaN,NaN,NaN,,NaN,,NaN,NaN,NaN,NaN,NaN,NaN,NaN,NaN,NaN,NaN,NaN
b2vft81kyjurzbmekvgrqwr64,Hobro,2832630871,441,15,2,47,5,S. Andreasen,4qyfoq5fjiochtj89w426lm21,1,79.4,47.0,2025-08-08T18:03:27.608,2025-08-11T08:29:26,1.0,"{""id"": 5826959359, ""qualifierId"": 18}",byt0rdri3jylo021u4gswxb10,Hobro vs B 93,1_Division,2025-08-08,DNK,NaN,NaN,NaN,true,,true,true,NaN,NaN,NaN,true,Center,NaN,,NaN,NaN,NaN,NaN,true,NaN,,NaN,,NaN,,NaN,54.1,13.3,98.9,50.7,NaN,NaN,true,NaN,NaN,425,0.059495292603969574,0.28963837027549744,NaN,NaN,2,2,NaN,NaN,NaN,NaN,NaN,NaN,,,,,,,,,,NaN,,NaN,,NaN,,,,,,,,,NaN,NaN,NaN,NaN,,NaN,,NaN,NaN,NaN,NaN,NaN,NaN,NaN,NaN,NaN,NaN,NaN
ajtb177oqwawkdwbqhldmq6mx,B 93,2832632803,463,15,2,49,52,N. Mouritsen,eyvv6b94feknnp1uew6n0ytat,1,74.9,70.1,2025-08-08T18:06:14.909,2025-08-08T18:08:46,NaN,"{""id"": 5826976273, ""qualifierId"": 147, ""value"": ""66.6""}",byt0rdri3jylo021u4gswxb10,Hobro vs B 93,1_Division,2025-08-08,DNK,NaN,NaN,NaN,true,,NaN,true,NaN,NaN,NaN,NaN,Center,NaN,,NaN,NaN,true,NaN,NaN,true,,NaN,,true,,NaN,51.8,19,79.7,66.6,NaN,NaN,true,99.0,51.4,467,0.021263983100652695,0.0,NaN,NaN,1,3,NaN,NaN,NaN,NaN,true,NaN,,,,,,,,,,NaN,,NaN,,NaN,,,,,,,,,NaN,NaN,NaN,NaN,,NaN,,NaN,NaN,NaN,NaN,NaN,NaN,NaN,NaN,NaN,NaN,NaN
ajtb177oqwawkdwbqhldmq6mx,B 93,2832633705,490,15,2,51,5,A. Ahmad,4csz412vb3lquessbnf999ct0,1,94.5,66.9,2025-08-08T18:07:27.948,2025-08-11T08:29:25,1.0,"{""id"": 5826974927, ""qualifierId"": 22}",byt0rdri3jylo021u4gswxb10,Hobro vs B 93,1_Division,2025-08-08,DNK,NaN,NaN,NaN,NaN,,NaN,true,NaN,NaN,NaN,true,Center,NaN,,NaN,NaN,true,NaN,true,NaN,,NaN,,NaN,,NaN,53.7,14.6,99.4,54.5,NaN,NaN,true,NaN,NaN,477,0.0892559215426445,0.1573757827281952,NaN,NaN,2,2,NaN,NaN,NaN,NaN,NaN,NaN,,,,,,,,,,NaN,,NaN,,NaN,,,,,,,,,NaN,NaN,NaN,NaN,,true,,NaN,NaN,NaN,NaN,NaN,NaN,NaN,NaN,NaN,NaN,NaN
ajtb177oqwawkdwbqhldmq6mx,B 93,2832637045,536,14,2,55,56,V. Hammershøy-Mistrati,e3n8xatusmgu7ttqpfdjanp3p,1,81.9,59.1,2025-08-08T18:12:18.264,2025-08-08T18:13:39,1.0,"{""id"": 5826994641, ""qualifierId"": 102, ""value"": ""55.5""}",byt0rdri3jylo021u4gswxb10,Hobro vs B 93,1_Division,2025-08-08,DNK,NaN,NaN,NaN,true,,true,true,NaN,NaN,NaN,true,Center,NaN,,NaN,NaN,NaN,true,NaN,NaN,,NaN,,NaN,,NaN,55.5,16.5,NaN,NaN,true,NaN,NaN,98.9,49.3,NaN,0.059012580662965775,0.0,NaN,NaN,2,2,true,NaN,NaN,NaN,NaN,NaN,,,,,,,,,,NaN,,NaN,,NaN,,,,,,,,,NaN,NaN,NaN,NaN,,NaN,,NaN,NaN,NaN,true,NaN,NaN,NaN,NaN,NaN,NaN,NaN
ajtb177oqwawkdwbqhldmq6mx,B 93,2832637635,545,13,2,56,46,C. Björk,x3ad9hfxts6jpfugy3kvq9d5,1,91.2,49.5,2025-08-08T18:13:09.112,2025-08-08T18:14:17,1.0,"{""id"": 4611686018471235859, ""qualifierId"": 322, ""value"": ""0.0""}",byt0rdri3jylo021u4gswxb10,Hobro vs B 93,1_Division,2025-08-08,DNK,true,NaN,true,NaN,,NaN,true,NaN,NaN,NaN,true,Center,NaN,,NaN,NaN,NaN,NaN,NaN,NaN,,NaN,,NaN,,NaN,55.5,59.7,NaN,NaN,true,NaN,NaN,98.6,49.5,NaN,0.0788983479142189,0.0,NaN,NaN,3,2,true,NaN,NaN,NaN,NaN,NaN,,,,,,,,,,NaN,,NaN,,true,,,,,,,,,NaN,NaN,NaN,NaN,,NaN,,NaN,NaN,NaN,NaN,NaN,NaN,NaN,NaN,NaN,NaN,NaN
ajtb177oqwawkdwbqhldmq6mx,B 93,2832639159,554,15,2,59,6,A. Ahmad,4csz412vb3lquessbnf999ct0,1,89.0,62.0,2025-08-08T18:15:28.233,2025-08-11T08:29:15,1.0,"{""id"": 5827004947, ""qualifierId"": 56, ""value"": ""Center""}",byt0rdri3jylo021u4gswxb10,Hobro vs B 93,1_Division,2025-08-08,DNK,NaN,NaN,true,NaN,,NaN,NaN,true,NaN,NaN,true,Center,NaN,,NaN,NaN,true,NaN,true,NaN,,NaN,,NaN,,NaN,52.6,8.2,98.1,53.6,true,NaN,NaN,NaN,NaN,537,0.2371843159198761,0.23866893351078033,NaN,NaN,1,2,NaN,NaN,NaN,NaN,NaN,NaN,,,,,,,,,,NaN,,NaN,,NaN,,,,,,,,,NaN,NaN,NaN,NaN,,NaN,,NaN,NaN,NaN,NaN,NaN,NaN,NaN,NaN,NaN,NaN,NaN
ajtb177oqwawkdwbqhldmq6mx,B 93,2832639383,557,13,2,59,27,C. Björk,x3ad9hfxts6jpfugy3kvq9d5,1,77.1,59.7,2025-08-08T18:15:49.897,2025-08-08T18:17:05,NaN,"{""id"": 5827007367, ""qualifierId"": 102, ""value"": ""46.4""}",byt0rdri3jylo021u4gswxb10,Hobro vs B 93,1_Division,2025-08-08,DNK,NaN,NaN,NaN,true,,true,true,NaN,NaN,NaN,NaN,Center,NaN,,NaN,NaN,NaN,NaN,NaN,NaN,,NaN,,NaN,,NaN,46.4,52.8,NaN,NaN,NaN,NaN,true,98.8,51.1,NaN,0.02189517579972744,0.0,NaN,NaN,3,2,NaN,NaN,NaN,NaN,true,NaN,,,,,,,,,,NaN,,NaN,,true,,,,,,,,,NaN,NaN,NaN,NaN,,NaN,,NaN,NaN,NaN,true,NaN,NaN,NaN,NaN,NaN,NaN,NaN
b2vft81kyjurzbmekvgrqwr64,Hobro,2832647411,640,13,2,71,22,O. Klitten,e19g5bz7s9wqcvj8mttztxi0a,1,77.7,45.0,2025-08-08T18:27:44.937,2025-08-08T18:28:54,1.0,"{""id"": 5827050387, ""qualifierId"": 22}",byt0rdri3jylo021u4gswxb10,Hobro vs B 93,1_Division,2025-08-08,DNK,NaN,NaN,NaN,true,,true,true,NaN,NaN,NaN,true,Center,NaN,,NaN,NaN,NaN,NaN,NaN,NaN,,NaN,,NaN,,NaN,56.6,63.9,NaN,NaN,NaN,NaN,true,97.5,51.1,NaN,0.0920080617070198,0.0,NaN,true,1,2,NaN,NaN,NaN,NaN,NaN,NaN,,,,,,,,,,NaN,,true,,NaN,,,,,,,,,NaN,NaN,NaN,NaN,,NaN,,NaN,NaN,NaN,true,NaN,NaN,NaN,NaN,NaN,NaN,NaN
ajtb177oqwawkdwbqhldmq6mx,B 93,2832645485,658,16,2,68,15,O. Addo,kqj7nh6pqmqbt0abyyu0fcpg,1,83.9,50.3,2025-08-08T18:24:37.256,2025-08-11T08:29:23,1.0,"{""id"": 5827040035, ""qualifierId"": 321, ""value"": ""0.33462581038475037""}",byt0rdri3jylo021u4gswxb10,Hobro vs B 93,1_Division,2025-08-08,DNK,NaN,NaN,true,NaN,,true,true,NaN,NaN,NaN,true,Center,NaN,,NaN,NaN,NaN,NaN,NaN,NaN,,true,,NaN,,NaN,48.1,8.9,NaN,NaN,true,true,NaN,93.0,50,NaN,0.33462581038475037,0.30977097153663635,NaN,NaN,1,1,NaN,NaN,2025-08-08 19:24:36.242,68:14.083,NaN,618,,,,,,,,,,NaN,,NaN,,NaN,,,,,,,,,6.6,50.4,NaN,NaN,,NaN,,NaN,NaN,NaN,NaN,NaN,NaN,NaN,NaN,NaN,NaN,NaN
ajtb177oqwawkdwbqhldmq6mx,B 93,2832646367,664,16,2,69,31,F. Isaki,86mx27krl6c613x6e3t9g3cic,1,91.1,63.2,2025-08-08T18:25:54.041,2025-08-11T08:29:18,1.0,"{""id"": 5835411577, ""qualifierId"": 396, ""value"": ""40.3""}",byt0rdri3jylo021u4gswxb10,Hobro vs B 93,1_Division,2025-08-08,DNK,NaN,NaN,NaN,NaN,,NaN,NaN,true,NaN,NaN,true,Center,NaN,,NaN,true,true,NaN,NaN,NaN,,true,,NaN,,NaN,46.1,15.2,NaN,NaN,NaN,true,true,95.1,57.6,NaN,0.4159717559814453,0.7353212833404541,NaN,NaN,1,1,NaN,NaN,2025-08-08 19:25:53.264,69:31.105,NaN,NaN,,,,,,,,,,NaN,,NaN,,NaN,,,,,,,,,4.8,40.3,NaN,NaN,,NaN,,NaN,true,NaN,NaN,NaN,NaN,NaN,NaN,NaN,true,true
b2vft81kyjurzbmekvgrqwr64,Hobro,2832654735,714,15,2,80,45,V. Rasmussen,dwuxps3jv2852642q000wep6,1,80.2,37.8,2025-08-08T18:37:07.789,2025-08-11T09:29:26,1.0,"{""id"": 5827091927, ""qualifierId"": 327, ""value"": ""2""}",byt0rdri3jylo021u4gswxb10,Hobro vs B 93,1_Division,2025-08-08,DNK,NaN,NaN,NaN,true,,true,true,NaN,NaN,NaN,true,Center,NaN,,NaN,NaN,NaN,NaN,true,NaN,,NaN,,NaN,,NaN,52.3,17.7,98.0,48.0,true,NaN,NaN,NaN,NaN,757,0.044246505945920944,0.09966418892145157,NaN,NaN,2,2,NaN,NaN,NaN,NaN,NaN,NaN,,,,,,,,,,NaN,,NaN,,NaN,,,,,,,,,NaN,NaN,NaN,NaN,,NaN,,NaN,NaN,NaN,NaN,NaN,NaN,NaN,NaN,NaN,NaN,NaN
ajtb177oqwawkdwbqhldmq6mx,B 93,2832651687,717,15,2,77,7,N. Mouritsen,eyvv6b94feknnp1uew6n0ytat,1,70.6,37.4,2025-08-08T18:33:30.059,2025-08-08T18:34:43,1.0,"{""id"": 5827075299, ""qualifierId"": 231, ""value"": ""50.2""}",byt0rdri3jylo021u4gswxb10,Hobro vs B 93,1_Division,2025-08-08,DNK,NaN,NaN,NaN,true,,NaN,NaN,NaN,NaN,true,true,Center,NaN,,NaN,NaN,true,NaN,true,NaN,,NaN,,true,,NaN,52.2,19,84.5,44.4,NaN,NaN,true,98.5,50.2,685,0.011023230850696564,0.0,NaN,NaN,2,3,NaN,NaN,NaN,NaN,NaN,NaN,,,,,,,,,,NaN,,NaN,,NaN,,,,,,,,,NaN,NaN,NaN,NaN,,NaN,,NaN,NaN,NaN,NaN,NaN,NaN,NaN,NaN,NaN,NaN,NaN
ajtb177oqwawkdwbqhldmq6mx,B 93,2832652455,725,15,2,78,2,R. Arabaci,7h02v4ymnko5fh01iylbh34es,1,88.4,32.7,2025-08-08T18:34:25.059,2025-08-08T19:06:55,1.0,"{""id"": 5827166453, ""qualifierId"": 100}",byt0rdri3jylo021u4gswxb10,Hobro vs B 93,1_Division,2025-08-08,DNK,NaN,NaN,NaN,NaN,,true,NaN,NaN,NaN,true,true,Center,NaN,,true,NaN,NaN,NaN,NaN,true,,NaN,,true,,true,49.6,19,99.0,48.4,true,NaN,NaN,98.9,45.3,687,0.01875639706850052,0.0,NaN,NaN,3,3,true,NaN,NaN,NaN,NaN,NaN,,,,,,,,,,NaN,,NaN,,NaN,,,,,,,,,NaN,NaN,NaN,NaN,,NaN,,NaN,NaN,true,true,NaN,NaN,NaN,NaN,NaN,NaN,NaN
ajtb177oqwawkdwbqhldmq6mx,B 93,2832652483,726,15,2,78,6,O. Søe,9213debwtuph6cjborx73sx78,1,91.1,40.9,2025-08-08T18:34:29.134,2025-08-08T18:36:04,NaN,"{""id"": 5827081499, ""qualifierId"": 230, ""value"": ""99.5""}",byt0rdri3jylo021u4gswxb10,Hobro vs B 93,1_Division,2025-08-08,DNK,NaN,NaN,true,NaN,,true,NaN,NaN,NaN,true,NaN,Center,NaN,,NaN,NaN,NaN,NaN,NaN,true,,NaN,,true,,NaN,50.6,19,92.7,42.6,NaN,NaN,NaN,99.5,48.9,817,0.04514244943857193,0.0,true,NaN,3,3,true,725,NaN,NaN,true,NaN,,,,,,,,,,NaN,,NaN,,NaN,,,,,,,,,NaN,NaN,NaN,NaN,,NaN,,NaN,NaN,NaN,NaN,NaN,NaN,NaN,NaN,NaN,NaN,NaN
ajtb177oqwawkdwbqhldmq6mx,B 93,2832652525,727,13,2,78,9,N. Thomsen,4a0jmv6qmwn01iuqp1mhnyzth,1,88.0,38.9,2025-08-08T18:34:31.598,2025-08-08T18:35:47,NaN,"{""id"": 5827080105, ""qualifierId"": 231, ""value"": ""46.2""}",byt0rdri3jylo021u4gswxb10,Hobro vs B 93,1_Division,2025-08-08,DNK,NaN,NaN,true,NaN,,NaN,NaN,NaN,NaN,true,NaN,Center,NaN,,NaN,NaN,true,NaN,NaN,NaN,,NaN,,NaN,,NaN,59.3,52.8,NaN,NaN,NaN,NaN,NaN,98.9,46.2,NaN,0.06021732836961746,0.0,NaN,NaN,2,3,true,NaN,NaN,NaN,true,NaN,,,,,,,,,,NaN,,true,,NaN,,,,,,,,,NaN,NaN,NaN,NaN,,NaN,,NaN,NaN,NaN,NaN,NaN,NaN,NaN,NaN,NaN,NaN,NaN
b2vft81kyjurzbmekvgrqwr64,Hobro,2832657343,741,13,2,83,58,M. Bruhn,8gqvlydur0v4cpmz1ozqkejh0,1,93.9,65.8,2025-08-08T18:40:20.381,2025-08-08T19:06:00,NaN,"{""id"": 5827196611, ""qualifierId"": 231, ""value"": ""54.9""}",byt0rdri3jylo021u4gswxb10,Hobro vs B 93,1_Division,2025-08-08,DNK,NaN,NaN,NaN,NaN,,NaN,true,NaN,NaN,NaN,NaN,Center,NaN,,NaN,true,true,NaN,NaN,NaN,,NaN,,NaN,,NaN,33.3,13.9,96.3,45.8,NaN,NaN,NaN,97.6,54.9,NaN,0.106312595307827,0.0,NaN,NaN,2,2,NaN,NaN,NaN,NaN,true,NaN,,,,,,,,,,NaN,,NaN,,NaN,,,,,,,,,NaN,NaN,NaN,NaN,,NaN,,true,NaN,NaN,NaN,true,NaN,NaN,NaN,NaN,NaN,NaN
b2vft81kyjurzbmekvgrqwr64,Hobro,2832665163,796,14,2,93,44,Z. Hyltoft,b0yv1pcxifawqx6r1cfqq3otm,1,71.2,50.3,2025-08-08T18:50:06.950,2025-08-08T18:51:20,1.0,"{""id"": 5827150585, ""qualifierId"": 56, ""value"": ""Center""}",byt0rdri3jylo021u4gswxb10,Hobro vs B 93,1_Division,2025-08-08,DNK,NaN,NaN,NaN,true,,true,true,NaN,NaN,NaN,true,Center,NaN,,NaN,NaN,NaN,NaN,NaN,NaN,,NaN,,NaN,,NaN,47.1,38.6,NaN,NaN,NaN,NaN,true,96.4,50,NaN,0.022667482495307922,0.0,NaN,NaN,1,2,NaN,NaN,NaN,NaN,NaN,NaN,,,,,,,,,,NaN,,NaN,,NaN,,,,,,,,,NaN,NaN,true,NaN,,NaN,,NaN,NaN,NaN,NaN,NaN,NaN,NaN,NaN,NaN,NaN,NaN
b2vft81kyjurzbmekvgrqwr64,Hobro,2832665861,810,15,2,95,1,M. Nielsen,8q8yol44e42o9hwttlopznvh0,1,85.6,39.7,2025-08-08T18:51:23.856,2025-08-08T18:52:13,NaN,"{""id"": 5827217583, ""qualifierId"": 72}",byt0rdri3jylo021u4gswxb10,Hobro vs B 93,1_Division,2025-08-08,DNK,NaN,NaN,true,NaN,,NaN,true,NaN,NaN,NaN,NaN,Center,NaN,,NaN,NaN,true,NaN,NaN,NaN,,true,,true,,NaN,47.8,19,92.7,43.7,NaN,NaN,true,98.4,48.6,896,0.08438677340745926,0.0,NaN,true,2,2,NaN,NaN,NaN,NaN,true,NaN,,,,,,,,,,NaN,,NaN,,NaN,,,,,,,,,NaN,NaN,NaN,NaN,,NaN,,NaN,NaN,NaN,NaN,NaN,NaN,NaN,NaN,NaN,NaN,NaN
ajtb177oqwawkdwbqhldmq6mx,B 93,2832661385,822,15,2,86,38,F. Isaki,86mx27krl6c613x6e3t9g3cic,1,79.6,32.9,2025-08-08T18:43:00.263,2025-08-11T09:29:26,1.0,"{""id"": 5827132519, ""qualifierId"": 103, ""value"": ""5.1""}",byt0rdri3jylo021u4gswxb10,Hobro vs B 93,1_Division,2025-08-08,DNK,NaN,NaN,NaN,true,,NaN,true,NaN,NaN,NaN,true,Center,NaN,,NaN,NaN,true,NaN,NaN,true,,NaN,,NaN,,NaN,51.8,5.1,98.4,49.5,NaN,NaN,true,NaN,NaN,754,0.02816084399819374,0.024444187059998512,NaN,NaN,2,3,NaN,NaN,NaN,NaN,NaN,NaN,,,,,,,,,,NaN,,NaN,,NaN,,,,,,,,,NaN,NaN,NaN,NaN,,NaN,,NaN,NaN,NaN,NaN,NaN,NaN,NaN,NaN,NaN,NaN,NaN
