contestantId,team_name,id,eventId,typeId,periodId,timeMin,timeSec,playerName,playerId,outcome,x,y,timeStamp,lastModified,qualifier,assist,match_id,label,league_name,date,country,15,16,17,18,20,22,24,25,29,56,61,62,64,72,73,76,77,78,79,80,81,82,83,84,85,100,102,103,108,113,114,133,136,146,147,154,160,214,215,216,217,230,231,233,321,322,324,326,327,328,374,375,395,396,458,sequenceId,possessionId,keyPass,140,141,318,210,23,6,9,26,107,19,60,63,74,75,87,120,121,153,323,338,391,468,89
ajtb177oqwawkdwbqhldmq6mx,B 93,2827646901,58,15,1,4,49,V. Hammershøy-Mistrati,e3n8xatusmgu7ttqpfdjanp3p,1,74.1,53.4,2025-07-18T17:05:09.093,2025-07-21T10:29:13,"{""id"": 5799124145, ""qualifierId"": 102, ""value"": ""48.2""}",NaN,bsnoje72zc76mcdjiutfqzthw,Hvidovre vs B 93,1_Division,2025-07-18,DNK,NaN,NaN,NaN,true,true,true,NaN,NaN,NaN,Center,NaN,NaN,NaN,NaN,NaN,NaN,NaN,true,NaN,NaN,NaN,NaN,NaN,NaN,NaN,NaN,48.2,8.2,NaN,NaN,NaN,NaN,NaN,99.3,50.4,NaN,NaN,NaN,true,NaN,NaN,NaN,NaN,47,0.027727583423256874,0.035054903477430344,NaN,1,2,true,NaN,NaN,NaN,NaN,true,,,,,,,,,,,,,,,,,,,,,,,,,,
ajtb177oqwawkdwbqhldmq6mx,B 93,2827647541,86,15,1,7,10,F. Isaki,86mx27krl6c613x6e3t9g3cic,1,91.5,41.3,2025-07-18T17:07:29.698,2025-07-18T17:38:05,"{""id"": 5799084937, ""qualifierId"": 56, ""value"": ""Center""}",1.0,bsnoje72zc76mcdjiutfqzthw,Hvidovre vs B 93,1_Division,2025-07-18,DNK,NaN,NaN,true,NaN,true,true,NaN,NaN,true,Center,NaN,NaN,NaN,NaN,NaN,true,NaN,NaN,NaN,NaN,NaN,true,NaN,NaN,NaN,true,54.8,9.7,NaN,NaN,NaN,NaN,NaN,96.2,47.5,true,NaN,NaN,NaN,NaN,NaN,98.5,47.7,67,0.15853506326675415,0.0,NaN,2,2,true,NaN,NaN,NaN,NaN,NaN,,,,,,,,,,,,,,,,,,,,,,,,,,
8gxd9ry2580pu1b1dd5ny9ymy,Hvidovre,2827648413,94,13,1,10,7,F. Høgh,9tt9eo9bsff7dp7aqjal1obo4,1,92.7,37.8,2025-07-18T17:10:27.181,2025-07-18T17:11:36,"{""id"": 5799090343, ""qualifierId"": 154}",1.0,bsnoje72zc76mcdjiutfqzthw,Hvidovre vs B 93,1_Division,2025-07-18,DNK,NaN,NaN,true,NaN,true,true,NaN,NaN,true,Center,NaN,NaN,NaN,NaN,NaN,NaN,NaN,NaN,NaN,NaN,NaN,NaN,NaN,true,NaN,NaN,42.9,8.3,NaN,NaN,NaN,NaN,NaN,NaN,NaN,true,NaN,NaN,NaN,NaN,NaN,99.5,46.6,NaN,0.07872506976127625,0.0,NaN,3,2,true,NaN,NaN,NaN,NaN,NaN,,,,,,,,,,,,,,,,,,,,,,,,,,
8gxd9ry2580pu1b1dd5ny9ymy,Hvidovre,2827650069,138,13,1,14,54,F. Høgh,9tt9eo9bsff7dp7aqjal1obo4,1,90.8,54.9,2025-07-18T17:15:14.116,2025-07-18T17:16:21,"{""id"": 5799099285, ""qualifierId"": 154}",1.0,bsnoje72zc76mcdjiutfqzthw,Hvidovre vs B 93,1_Division,2025-07-18,DNK,true,NaN,true,NaN,NaN,true,NaN,NaN,true,Center,NaN,NaN,NaN,NaN,NaN,NaN,NaN,NaN,NaN,NaN,NaN,NaN,NaN,true,NaN,NaN,41.5,19.4,NaN,NaN,NaN,NaN,NaN,NaN,NaN,true,NaN,true,NaN,NaN,NaN,99.4,51.4,NaN,0.11748413741588593,0.0,NaN,1,1,true,NaN,NaN,NaN,NaN,NaN,,,,,,,,,,,,,,,,,,,,,,,,,,
8gxd9ry2580pu1b1dd5ny9ymy,Hvidovre,2827655059,261,16,1,30,50,A. Okosun,a7eramyy1bd8msxmg84ctc8ut,1,98.3,50.3,2025-07-18T17:31:10.113,2025-07-18T20:25:29,"{""id"": 5804259153, ""qualifierId"": 396, ""value"": ""53.3""}",1.0,bsnoje72zc76mcdjiutfqzthw,Hvidovre vs B 93,1_Division,2025-07-18,DNK,true,true,NaN,NaN,NaN,NaN,true,NaN,true,Center,NaN,NaN,NaN,NaN,NaN,NaN,NaN,NaN,true,NaN,NaN,NaN,NaN,NaN,NaN,NaN,50.5,20.9,NaN,NaN,NaN,NaN,NaN,NaN,NaN,true,NaN,true,NaN,259,true,99.4,52.9,NaN,0.9767463207244873,0.9902980923652649,NaN,1,0,true,2025-07-18 18:31:10.005,30:50.741,99.1,53.3,NaN,,,,,,,,,,,,,,,,,,,,,,,,,,
ajtb177oqwawkdwbqhldmq6mx,B 93,2827653735,268,16,1,26,29,M. Wohlgemuth,e8vt8711wb40afht2v13omket,1,77.8,57.0,2025-07-18T17:26:48.513,2025-07-21T12:20:19,"{""id"": 5799119359, ""qualifierId"": 375, ""value"": ""26:27.822""}",1.0,bsnoje72zc76mcdjiutfqzthw,Hvidovre vs B 93,1_Division,2025-07-18,DNK,NaN,NaN,NaN,true,true,true,NaN,NaN,true,Center,NaN,NaN,NaN,NaN,NaN,NaN,NaN,NaN,NaN,NaN,true,NaN,NaN,NaN,NaN,NaN,46.3,25.9,NaN,NaN,NaN,NaN,true,NaN,NaN,NaN,NaN,NaN,true,NaN,NaN,98.6,50.5,NaN,0.06270795315504074,0.10715505480766296,NaN,1,2,NaN,2025-07-18 18:26:47.086,26:27.822,1.2,52.3,NaN,,,,,,,,,,,,,,,,,,,,,,,,,,
ajtb177oqwawkdwbqhldmq6mx,B 93,2827662729,448,15,2,47,31,K. Grabovskis,3u184ybkonoa5ubxjzoy06ntg,1,73.1,42.3,2025-07-18T18:04:47.162,2025-07-21T11:29:12,"{""id"": 5799178413, ""qualifierId"": 233, ""value"": ""467""}",1.0,bsnoje72zc76mcdjiutfqzthw,Hvidovre vs B 93,1_Division,2025-07-18,DNK,NaN,NaN,NaN,true,true,true,NaN,NaN,true,Center,NaN,NaN,NaN,NaN,NaN,NaN,true,NaN,NaN,NaN,NaN,NaN,NaN,NaN,NaN,NaN,54.4,20.9,NaN,NaN,NaN,NaN,NaN,97.7,48.4,NaN,NaN,NaN,true,NaN,NaN,NaN,NaN,467,0.01547430083155632,0.30767759680747986,NaN,3,2,NaN,NaN,NaN,NaN,NaN,NaN,,,,,,,,,,,,,,,,,,,,,,,,,,
ajtb177oqwawkdwbqhldmq6mx,B 93,2827662789,453,13,2,48,9,E. Christensen,8xe0fufxfgf5cuwgysz3r2j85,1,91.8,47.2,2025-07-18T18:05:24.658,2025-07-18T18:06:33,"{""id"": 5799170859, ""qualifierId"": 15}",1.0,bsnoje72zc76mcdjiutfqzthw,Hvidovre vs B 93,1_Division,2025-07-18,DNK,true,NaN,true,NaN,NaN,NaN,NaN,true,true,Center,NaN,NaN,NaN,NaN,NaN,NaN,NaN,NaN,NaN,NaN,NaN,NaN,NaN,NaN,true,NaN,51.1,58.3,NaN,NaN,NaN,NaN,NaN,NaN,NaN,true,NaN,NaN,NaN,NaN,NaN,99.5,49.1,NaN,0.06650397181510925,0.0,NaN,3,2,true,NaN,NaN,NaN,NaN,NaN,,,,,,,,,,,,,,,,,,,,,,,,,,
ajtb177oqwawkdwbqhldmq6mx,B 93,2827664769,507,15,2,59,24,A. Ahmad,4csz412vb3lquessbnf999ct0,1,83.8,53.9,2025-07-18T18:16:39.511,2025-07-18T18:19:58,"{""id"": 5799184201, ""qualifierId"": 29}",1.0,bsnoje72zc76mcdjiutfqzthw,Hvidovre vs B 93,1_Division,2025-07-18,DNK,NaN,NaN,true,NaN,true,true,NaN,NaN,true,Center,NaN,NaN,NaN,NaN,NaN,NaN,NaN,true,NaN,NaN,NaN,true,NaN,NaN,NaN,NaN,51.4,19,NaN,NaN,NaN,NaN,NaN,86.8,53.4,true,NaN,NaN,NaN,NaN,NaN,98.9,50.5,538,0.09430917352437973,0.0,NaN,2,2,NaN,NaN,NaN,NaN,NaN,NaN,,,,,,,,,,,,,,,,,,,,,,,,,,
ajtb177oqwawkdwbqhldmq6mx,B 93,2827664805,510,15,2,59,32,C. Björk,x3ad9hfxts6jpfugy3kvq9d5,1,90.1,50.5,2025-07-18T18:16:48.308,2025-07-21T12:20:21,"{""id"": 5799182149, ""qualifierId"": 326, ""value"": ""2""}",1.0,bsnoje72zc76mcdjiutfqzthw,Hvidovre vs B 93,1_Division,2025-07-18,DNK,true,NaN,true,NaN,NaN,true,NaN,NaN,true,Center,NaN,NaN,NaN,NaN,NaN,NaN,NaN,NaN,true,NaN,NaN,NaN,NaN,NaN,NaN,NaN,48.9,32.3,NaN,NaN,NaN,NaN,NaN,98.9,49.3,true,NaN,NaN,NaN,NaN,NaN,NaN,NaN,540,0.07834892719984055,0.10675905644893646,NaN,2,2,true,NaN,NaN,NaN,NaN,NaN,,,,,,,,,,,,,,,,,,,,,,,,,,
ajtb177oqwawkdwbqhldmq6mx,B 93,2827665299,530,15,2,62,25,A. Ahmad,4csz412vb3lquessbnf999ct0,1,98.2,35.2,2025-07-18T18:19:40.927,2025-07-21T12:29:28,"{""id"": 5804268319, ""qualifierId"": 324}",1.0,bsnoje72zc76mcdjiutfqzthw,Hvidovre vs B 93,1_Division,2025-07-18,DNK,NaN,NaN,NaN,NaN,true,true,NaN,NaN,true,Center,NaN,true,NaN,NaN,NaN,NaN,NaN,NaN,NaN,true,NaN,NaN,NaN,NaN,NaN,NaN,45.3,18.4,NaN,NaN,NaN,NaN,NaN,99.5,44.8,NaN,NaN,NaN,true,NaN,NaN,NaN,NaN,562,0.06028673052787781,0.22793832421302795,true,2,2,NaN,NaN,NaN,NaN,NaN,NaN,,,,,,,,,,,,,,,,,,,,,,,,,,
8gxd9ry2580pu1b1dd5ny9ymy,Hvidovre,2827665079,554,15,2,61,14,Z. Aliji,aajgld24isoem1ycoysyxxp1w,1,75.3,58.1,2025-07-18T18:18:30.361,2025-07-21T12:20:21,"{""id"": 5799183719, ""qualifierId"": 326, ""value"": ""1""}",NaN,bsnoje72zc76mcdjiutfqzthw,Hvidovre vs B 93,1_Division,2025-07-18,DNK,NaN,NaN,NaN,true,NaN,true,NaN,NaN,NaN,Center,NaN,NaN,NaN,true,NaN,NaN,NaN,NaN,NaN,true,NaN,NaN,NaN,NaN,NaN,NaN,46.6,7.6,true,NaN,true,NaN,NaN,98.2,51.3,NaN,NaN,NaN,NaN,NaN,NaN,NaN,NaN,516,0.01706995815038681,0.1262691766023636,NaN,1,3,true,NaN,NaN,NaN,NaN,true,,,,,,,,,,,,,,,,,,,,,,,,,,
8gxd9ry2580pu1b1dd5ny9ymy,Hvidovre,2827665813,588,15,2,65,2,F. Høgh,9tt9eo9bsff7dp7aqjal1obo4,1,90.8,43.0,2025-07-18T18:22:18.100,2025-07-21T12:29:25,"{""id"": 5804269173, ""qualifierId"": 17}",1.0,bsnoje72zc76mcdjiutfqzthw,Hvidovre vs B 93,1_Division,2025-07-18,DNK,true,NaN,true,NaN,NaN,true,NaN,NaN,true,Center,NaN,NaN,NaN,NaN,NaN,NaN,NaN,NaN,true,NaN,NaN,NaN,NaN,NaN,NaN,NaN,51.0,21.5,NaN,NaN,NaN,true,NaN,98.8,48.2,true,NaN,NaN,NaN,NaN,NaN,98.4,49.1,552,0.03792315348982811,0.15680502355098724,NaN,3,2,true,NaN,NaN,NaN,NaN,NaN,,,,,,,,,,,,,,,,,,,,,,,,,,
ajtb177oqwawkdwbqhldmq6mx,B 93,2827666537,601,15,2,71,5,N. Mouritsen,eyvv6b94feknnp1uew6n0ytat,1,89.9,68.3,2025-07-18T18:28:21.094,2025-07-21T13:19:00,"{""id"": 5799201513, ""qualifierId"": 29}",1.0,bsnoje72zc76mcdjiutfqzthw,Hvidovre vs B 93,1_Division,2025-07-18,DNK,NaN,NaN,NaN,NaN,NaN,true,NaN,NaN,true,Center,NaN,NaN,true,true,NaN,NaN,NaN,NaN,true,NaN,NaN,NaN,NaN,NaN,NaN,NaN,51.2,25.9,NaN,true,NaN,NaN,NaN,98.5,54.0,true,NaN,NaN,NaN,NaN,NaN,NaN,NaN,623,0.08571875095367432,0.10159469395875931,NaN,1,2,NaN,NaN,NaN,NaN,NaN,NaN,,,,,,,,,,,,,,,,,,,,,,,,,,
ajtb177oqwawkdwbqhldmq6mx,B 93,2827667275,652,15,2,77,38,M. Wohlgemuth,e8vt8711wb40afht2v13omket,1,81.2,55.2,2025-07-18T18:34:53.805,2025-07-18T18:50:29,"{""id"": 4611686018471100957, ""qualifierId"": 322, ""value"": ""0.0""}",1.0,bsnoje72zc76mcdjiutfqzthw,Hvidovre vs B 93,1_Division,2025-07-18,DNK,NaN,NaN,NaN,true,NaN,true,NaN,NaN,true,Center,NaN,NaN,NaN,true,NaN,NaN,NaN,true,NaN,NaN,NaN,true,NaN,NaN,NaN,NaN,50.9,19,NaN,NaN,NaN,NaN,NaN,85.0,54.3,true,NaN,NaN,NaN,NaN,NaN,98.4,50.2,666,0.06121066212654114,0.0,NaN,2,3,NaN,NaN,NaN,NaN,NaN,NaN,,,,,,,,,,,,,,,,,,,,,,,,,,
8gxd9ry2580pu1b1dd5ny9ymy,Hvidovre,2827666947,654,15,2,74,56,M. Egho,4m9sp9mxlsjk6fv7v218yqfv9,1,87.7,43.6,2025-07-18T18:32:11.959,2025-07-18T18:33:18,"{""id"": 4611686018471100889, ""qualifierId"": 322, ""value"": ""0.0""}",1.0,bsnoje72zc76mcdjiutfqzthw,Hvidovre vs B 93,1_Division,2025-07-18,DNK,NaN,NaN,true,NaN,true,true,NaN,NaN,true,Center,NaN,NaN,NaN,NaN,NaN,NaN,NaN,true,NaN,NaN,NaN,true,NaN,NaN,NaN,NaN,50.2,19,NaN,NaN,NaN,NaN,NaN,91.2,45.5,NaN,NaN,true,true,NaN,NaN,96.2,47.8,639,0.17644469439983368,0.0,NaN,2,2,NaN,NaN,NaN,NaN,NaN,NaN,,,,,,,,,,,,,,,,,,,,,,,,,,
8gxd9ry2580pu1b1dd5ny9ymy,Hvidovre,2827667703,696,15,2,81,1,A. Smed,dncrhma6gwcn6pxiu7hfc6qz8,1,77.2,36.0,2025-07-18T18:38:16.510,2025-07-21T13:18:59,"{""id"": 5799199063, ""qualifierId"": 147, ""value"": ""47.5""}",NaN,bsnoje72zc76mcdjiutfqzthw,Hvidovre vs B 93,1_Division,2025-07-18,DNK,NaN,NaN,NaN,true,true,NaN,NaN,NaN,NaN,Center,NaN,NaN,NaN,NaN,NaN,NaN,NaN,NaN,true,NaN,NaN,NaN,NaN,NaN,NaN,NaN,51.0,31.0,NaN,NaN,NaN,NaN,NaN,95.9,47.5,NaN,true,NaN,true,NaN,NaN,NaN,NaN,690,0.03019922785460949,0.06146598979830742,NaN,1,3,true,NaN,NaN,NaN,NaN,true,,,,,,,,,,,,,,,,,,,,,,,,,,
ajtb177oqwawkdwbqhldmq6mx,B 93,2827668119,723,13,2,83,34,M. Wohlgemuth,e8vt8711wb40afht2v13omket,1,77.7,48.9,2025-07-18T18:40:50.067,2025-07-18T18:43:44,"{""id"": 5799209077, ""qualifierId"": 230, ""value"": ""98.6""}",1.0,bsnoje72zc76mcdjiutfqzthw,Hvidovre vs B 93,1_Division,2025-07-18,DNK,NaN,NaN,NaN,true,true,true,NaN,NaN,true,Center,NaN,NaN,NaN,NaN,NaN,NaN,NaN,NaN,NaN,NaN,NaN,NaN,NaN,true,NaN,NaN,41.3,8.3,NaN,NaN,NaN,NaN,NaN,NaN,NaN,true,NaN,NaN,NaN,NaN,NaN,98.6,50.5,NaN,0.05906030163168907,0.0,NaN,1,3,true,NaN,NaN,NaN,NaN,NaN,,,,,,,,,,,,,,,,,,,,,,,,,,
8gxd9ry2580pu1b1dd5ny9ymy,Hvidovre,2827668893,745,13,2,88,11,F. Krogstad,dm6xpphbyyooqriwaambi7njd,1,73.5,41.9,2025-07-18T18:45:26.971,2025-07-18T18:46:35,"{""id"": 5804277513, ""qualifierId"": 215}",NaN,bsnoje72zc76mcdjiutfqzthw,Hvidovre vs B 93,1_Division,2025-07-18,DNK,NaN,NaN,NaN,true,NaN,NaN,true,NaN,NaN,Center,NaN,NaN,NaN,true,true,NaN,NaN,NaN,NaN,NaN,NaN,NaN,NaN,NaN,NaN,NaN,70.8,8.3,true,NaN,NaN,NaN,NaN,NaN,NaN,NaN,NaN,NaN,true,NaN,NaN,98.9,48.2,NaN,0.012222574092447758,0.0,NaN,1,3,true,NaN,NaN,NaN,NaN,true,,,,,,,,,,,,,,,,,,,,,,,,,,
8gxd9ry2580pu1b1dd5ny9ymy,Hvidovre,2827669177,761,15,2,89,46,M. Egho,4m9sp9mxlsjk6fv7v218yqfv9,1,78.4,62.2,2025-07-18T18:47:02.115,2025-07-18T18:48:20,"{""id"": 5799207667, ""qualifierId"": 103, ""value"": ""19""}",1.0,bsnoje72zc76mcdjiutfqzthw,Hvidovre vs B 93,1_Division,2025-07-18,DNK,NaN,NaN,NaN,true,NaN,true,NaN,NaN,true,Center,NaN,NaN,NaN,true,NaN,NaN,NaN,true,NaN,NaN,NaN,true,NaN,NaN,NaN,NaN,49.4,19,NaN,NaN,NaN,NaN,NaN,81.6,60.3,NaN,NaN,NaN,true,NaN,NaN,97.8,51.6,766,0.03389573097229004,0.0,NaN,2,2,NaN,NaN,NaN,NaN,NaN,NaN,,,,,,,,,,,,,,,,,,,,,,,,,,
8gxd9ry2580pu1b1dd5ny9ymy,Hvidovre,2827669687,782,13,2,92,17,A. Johansen,7ymn0ytcqi6l43nqraxt9s1zo,1,85.2,59.5,2025-07-18T18:49:32.963,2025-07-18T18:50:52,"{""id"": 4611686018471100961, ""qualifierId"": 322, ""value"": ""0.0""}",1.0,bsnoje72zc76mcdjiutfqzthw,Hvidovre vs B 93,1_Division,2025-07-18,DNK,NaN,NaN,true,NaN,NaN,true,NaN,NaN,true,Center,NaN,NaN,NaN,true,NaN,NaN,NaN,NaN,NaN,NaN,NaN,NaN,true,NaN,NaN,NaN,56.1,33.3,NaN,NaN,NaN,NaN,NaN,NaN,NaN,true,NaN,NaN,NaN,NaN,NaN,98.6,51.4,NaN,0.06832501292228699,0.0,NaN,2,2,true,NaN,NaN,NaN,NaN,NaN,,,,,,,,,,,,,,,,,,,,,,,,,,
8gxd9ry2580pu1b1dd5ny9ymy,Hvidovre,2827669905,793,13,2,93,25,M. Egho,4m9sp9mxlsjk6fv7v218yqfv9,1,95.4,56.6,2025-07-18T18:50:40.691,2025-07-18T18:52:06,"{""id"": 5804281407, ""qualifierId"": 77}",1.0,bsnoje72zc76mcdjiutfqzthw,Hvidovre vs B 93,1_Division,2025-07-18,DNK,true,NaN,NaN,NaN,NaN,true,NaN,NaN,true,Center,true,NaN,NaN,NaN,NaN,NaN,true,NaN,NaN,NaN,NaN,NaN,NaN,NaN,NaN,NaN,61.3,66.7,NaN,NaN,NaN,NaN,NaN,NaN,NaN,true,NaN,true,NaN,NaN,NaN,99.8,52.3,NaN,0.13376043736934662,0.0,NaN,3,2,true,NaN,NaN,NaN,NaN,NaN,,,,,,,,,,,,,,,,,,,,,,,,,,
8gxd9ry2580pu1b1dd5ny9ymy,Hvidovre,2828710655,848,15,2,52,9,J. Singh,2cup1vjw8n43kbzzxfflnmplg,1,80.9,49.6,2025-07-18T18:09:25.350,2025-07-22T14:24:50,"{""id"": 5805025407, ""qualifierId"": 18}",1.0,bsnoje72zc76mcdjiutfqzthw,Hvidovre vs B 93,1_Division,2025-07-18,DNK,NaN,NaN,NaN,true,true,NaN,NaN,NaN,true,Center,NaN,NaN,NaN,NaN,NaN,NaN,NaN,NaN,NaN,true,NaN,NaN,NaN,NaN,NaN,NaN,48.1,18.4,true,NaN,NaN,NaN,NaN,98.5,49.5,NaN,true,NaN,NaN,NaN,NaN,NaN,NaN,848,0.05689822882413864,0.061089158058166504,NaN,1,3,true,NaN,NaN,NaN,NaN,NaN,,,,,,,,,,,,,,,,,,,,,,,,,,
f1h34qp5zbfl489q8vnkhiq9s,Esbjerg,2829364629,28,15,1,2,18,P. Bjur,6m4anciafmzc24s44xszymbc9,1,86.1,36.6,2025-07-26T12:05:20.967,2025-07-26T12:06:40,"{""id"": 5808676281, ""qualifierId"": 63}",1.0,bvvrtxnqrk97bjs1us04z7axg,Esbjerg vs Hvidovre,1_Division,2025-07-26,DNK,NaN,NaN,NaN,NaN,NaN,NaN,NaN,NaN,true,Center,NaN,,,true,NaN,NaN,,NaN,NaN,true,NaN,true,NaN,NaN,NaN,,46.1,12.5,NaN,NaN,,,,92.3,40.6,NaN,NaN,NaN,true,NaN,NaN,98.5,47.8,21,0.08710755407810211,0.0,,2,2,NaN,NaN,NaN,NaN,NaN,NaN,,,,,,,,true,,,,,NaN,NaN,true,NaN,NaN,NaN,NaN,NaN,NaN,NaN,NaN,NaN,NaN,
f1h34qp5zbfl489q8vnkhiq9s,Esbjerg,2829365313,49,13,1,4,28,J. Lucena,5sha6xhovfmuzd7rolx1om39w,1,87.0,59.7,2025-07-26T12:07:30.524,2025-07-26T12:08:37,"{""id"": 5808680295, ""qualifierId"": 103, ""value"": ""1.4""}",1.0,bvvrtxnqrk97bjs1us04z7axg,Esbjerg vs Hvidovre,1_Division,2025-07-26,DNK,NaN,NaN,true,NaN,true,NaN,NaN,NaN,true,Center,NaN,,,NaN,NaN,NaN,,NaN,NaN,NaN,NaN,NaN,true,NaN,NaN,,56.8,1.4,NaN,NaN,,,,NaN,NaN,true,NaN,NaN,NaN,NaN,NaN,97.5,52.3,NaN,0.09775052964687347,0.0,,3,2,NaN,NaN,NaN,NaN,NaN,NaN,,,,,,,,true,,,,,NaN,NaN,NaN,NaN,NaN,NaN,NaN,NaN,NaN,NaN,NaN,NaN,NaN,
8gxd9ry2580pu1b1dd5ny9ymy,Hvidovre,2829366399,76,16,1,7,17,N. Clausen,6dzg820946z4848whaa6ny2nd,1,75.2,61.5,2025-07-26T12:10:19.691,2025-07-29T07:29:23,"{""id"": 5813321547, ""qualifierId"": 395, ""value"": ""98.6""}",1.0,bvvrtxnqrk97bjs1us04z7axg,Esbjerg vs Hvidovre,1_Division,2025-07-26,DNK,NaN,NaN,NaN,true,NaN,true,NaN,NaN,true,Center,NaN,,,true,NaN,true,,NaN,NaN,NaN,NaN,NaN,NaN,NaN,NaN,,52.9,7.6,NaN,NaN,,,,NaN,NaN,NaN,NaN,NaN,true,NaN,NaN,98.1,51.1,NaN,0.03527381271123886,0.06811482459306717,,1,2,NaN,2025-07-26 13:10:18.060,07:15.842,98.6,52.5,NaN,,,,,,,,NaN,,,,,NaN,NaN,NaN,NaN,NaN,NaN,NaN,NaN,NaN,NaN,NaN,NaN,NaN,
f1h34qp5zbfl489q8vnkhiq9s,Esbjerg,2829366995,80,16,1,9,35,L. From,6hmsrr08cllpl4iumu92zskbt,1,85.9,58.3,2025-07-26T12:12:38.161,2025-07-29T07:29:24,"{""id"": 5813323143, ""qualifierId"": 396, ""value"": ""47.3""}",1.0,bvvrtxnqrk97bjs1us04z7axg,Esbjerg vs Hvidovre,1_Division,2025-07-26,DNK,NaN,NaN,true,NaN,true,true,NaN,NaN,true,Center,NaN,,,NaN,NaN,NaN,,NaN,NaN,true,NaN,NaN,NaN,NaN,NaN,,46.1,18.4,NaN,NaN,,,,NaN,NaN,NaN,NaN,true,NaN,NaN,NaN,94.6,53.3,NaN,0.32778939604759216,0.8212955594062805,,1,1,NaN,2025-07-26 13:12:37.210,09:34.992,6.4,47.3,NaN,,,,,,,,NaN,,,,,NaN,NaN,NaN,NaN,NaN,NaN,true,NaN,NaN,NaN,NaN,NaN,NaN,
f1h34qp5zbfl489q8vnkhiq9s,Esbjerg,2829368269,115,15,1,13,48,L. From,6hmsrr08cllpl4iumu92zskbt,1,88.6,42.1,2025-07-26T12:16:50.514,2025-07-29T07:29:23,"{""id"": 5809000239, ""qualifierId"": 17}",1.0,bvvrtxnqrk97bjs1us04z7axg,Esbjerg vs Hvidovre,1_Division,2025-07-26,DNK,true,NaN,true,NaN,NaN,true,NaN,NaN,true,Center,NaN,,,NaN,NaN,true,,NaN,NaN,NaN,NaN,NaN,NaN,NaN,NaN,,52.9,17.1,NaN,NaN,,,,98.0,47.5,true,NaN,NaN,NaN,NaN,NaN,NaN,NaN,121,0.04645371064543724,0.17801983654499054,,2,1,true,NaN,NaN,NaN,NaN,NaN,,,,,,,,NaN,,,,,NaN,NaN,NaN,NaN,NaN,NaN,NaN,NaN,NaN,NaN,NaN,NaN,NaN,
f1h34qp5zbfl489q8vnkhiq9s,Esbjerg,2829368599,124,13,1,14,46,L. Vigen,8k4wwchytdstpn0yhrxd5nbv9,1,59.4,43.8,2025-07-26T12:17:49.200,2025-07-26T12:18:59,"{""id"": 5808698827, ""qualifierId"": 56, ""value"": ""Center""}",NaN,bvvrtxnqrk97bjs1us04z7axg,Esbjerg vs Hvidovre,1_Division,2025-07-26,DNK,NaN,NaN,NaN,NaN,true,true,NaN,NaN,NaN,Center,NaN,,,NaN,NaN,NaN,,NaN,NaN,NaN,NaN,NaN,NaN,NaN,true,,51.1,50,NaN,NaN,,,,NaN,NaN,NaN,NaN,NaN,true,NaN,NaN,85.1,45.5,NaN,0.018937578424811363,0.0,,1,2,NaN,NaN,NaN,NaN,NaN,true,,,,,,,,NaN,,,,,true,NaN,NaN,NaN,NaN,NaN,NaN,NaN,NaN,NaN,NaN,NaN,819,
8gxd9ry2580pu1b1dd5ny9ymy,Hvidovre,2829369319,152,13,1,16,58,A. Iljazovski,bfvdr7ckiersz26ya2kq9f1g4,1,90.1,31.1,2025-07-26T12:20:00.964,2025-07-26T12:21:09,"{""id"": 4611686018471146585, ""qualifierId"": 322, ""value"": ""0.0""}",1.0,bvvrtxnqrk97bjs1us04z7axg,Esbjerg vs Hvidovre,1_Division,2025-07-26,DNK,NaN,NaN,NaN,NaN,true,true,NaN,NaN,true,Center,NaN,,,NaN,NaN,NaN,,NaN,NaN,NaN,NaN,NaN,NaN,true,NaN,,42.7,15.3,NaN,NaN,,,,NaN,NaN,true,NaN,NaN,NaN,NaN,NaN,99.3,46.8,NaN,0.07560969889163971,0.0,,1,2,NaN,NaN,NaN,NaN,NaN,NaN,,,,,,,,NaN,,,,,NaN,NaN,true,NaN,NaN,NaN,NaN,true,NaN,NaN,NaN,NaN,NaN,
8gxd9ry2580pu1b1dd5ny9ymy,Hvidovre,2829369737,163,13,1,18,8,A. Smed,dncrhma6gwcn6pxiu7hfc6qz8,1,84.0,53.4,2025-07-26T12:21:10.950,2025-07-26T12:22:22,"{""id"": 5808705695, ""qualifierId"": 103, ""value"": ""30.6""}",1.0,bvvrtxnqrk97bjs1us04z7axg,Esbjerg vs Hvidovre,1_Division,2025-07-26,DNK,NaN,NaN,true,NaN,true,true,NaN,NaN,true,Center,NaN,,,NaN,NaN,NaN,,NaN,NaN,NaN,NaN,NaN,NaN,true,NaN,,42.4,30.6,NaN,NaN,,,,NaN,NaN,true,NaN,true,true,NaN,NaN,92.9,52.2,NaN,0.28928688168525696,0.0,,3,1,NaN,NaN,NaN,NaN,NaN,NaN,,,,,,,,NaN,,,,,NaN,NaN,NaN,NaN,NaN,NaN,NaN,NaN,NaN,NaN,NaN,NaN,NaN,
f1h34qp5zbfl489q8vnkhiq9s,Esbjerg,2829370705,176,15,1,22,31,A. Lausen,ate1ymumg2iwzn8uyyf3ts222,1,81.2,49.9,2025-07-26T12:25:34.102,2025-07-29T08:07:07,"{""id"": 5808718461, ""qualifierId"": 103, ""value"": ""7.0""}",1.0,bvvrtxnqrk97bjs1us04z7axg,Esbjerg vs Hvidovre,1_Division,2025-07-26,DNK,NaN,NaN,NaN,true,true,true,NaN,NaN,true,Center,NaN,,,NaN,NaN,true,,NaN,NaN,NaN,NaN,NaN,NaN,NaN,NaN,,51.9,7.0,true,NaN,,,,99.3,48.9,true,NaN,NaN,NaN,NaN,NaN,NaN,NaN,191,0.04319687932729721,0.13479556143283844,,2,3,true,NaN,NaN,NaN,NaN,NaN,,,,,,,,NaN,,,,,NaN,NaN,NaN,NaN,NaN,NaN,NaN,NaN,NaN,NaN,NaN,NaN,NaN,
f1h34qp5zbfl489q8vnkhiq9s,Esbjerg,2829373191,268,15,1,33,9,A. Lausen,ate1ymumg2iwzn8uyyf3ts222,1,80.8,57.3,2025-07-26T12:36:12.127,2025-07-29T08:07:07,"{""id"": 5808725019, ""qualifierId"": 22}",NaN,bvvrtxnqrk97bjs1us04z7axg,Esbjerg vs Hvidovre,1_Division,2025-07-26,DNK,NaN,NaN,NaN,true,NaN,true,NaN,NaN,NaN,Center,NaN,,,true,NaN,true,,NaN,NaN,NaN,NaN,NaN,NaN,NaN,NaN,,53.5,3.2,NaN,NaN,,,,99.5,49.8,NaN,NaN,NaN,true,NaN,NaN,NaN,NaN,301,0.08895023912191391,0.44948065280914307,,1,2,NaN,NaN,NaN,NaN,NaN,true,,,,,,,,NaN,,,,,NaN,NaN,NaN,NaN,NaN,NaN,NaN,true,NaN,NaN,NaN,NaN,NaN,
8gxd9ry2580pu1b1dd5ny9ymy,Hvidovre,2829374433,332,13,1,36,45,N. Jungvig,3pk6hii2s8tbv2zux8mvbapec,1,91.8,40.7,2025-07-26T12:39:47.455,2025-07-26T12:40:57,"{""id"": 5808732213, ""qualifierId"": 103, ""value"": ""40.3""}",1.0,bvvrtxnqrk97bjs1us04z7axg,Esbjerg vs Hvidovre,1_Division,2025-07-26,DNK,true,NaN,true,NaN,NaN,NaN,true,NaN,true,Center,NaN,,,NaN,NaN,NaN,,NaN,NaN,NaN,NaN,NaN,NaN,NaN,NaN,,42.2,40.3,NaN,NaN,,,,NaN,NaN,true,NaN,NaN,NaN,NaN,NaN,99.1,49.3,NaN,0.04905751720070839,0.0,,2,1,true,NaN,NaN,NaN,NaN,NaN,,,,,,,,NaN,,,,,NaN,NaN,NaN,NaN,NaN,true,NaN,NaN,NaN,NaN,NaN,NaN,NaN,
f1h34qp5zbfl489q8vnkhiq9s,Esbjerg,2829377683,346,13,1,46,45,J. Buus,s8c0oxnoqt6zi7pi88rwawvd,1,93.0,48.7,2025-07-26T12:49:48.079,2025-07-26T12:50:58,"{""id"": 4611686018471146821, ""qualifierId"": 322, ""value"": ""0.0""}",1.0,bvvrtxnqrk97bjs1us04z7axg,Esbjerg vs Hvidovre,1_Division,2025-07-26,DNK,true,NaN,true,NaN,NaN,NaN,NaN,true,true,Center,NaN,,,NaN,NaN,NaN,,NaN,NaN,NaN,NaN,NaN,NaN,NaN,true,,55.0,56.9,NaN,NaN,,,,NaN,NaN,true,NaN,NaN,NaN,NaN,NaN,99.4,48.2,NaN,0.12561921775341034,0.0,,2,3,true,NaN,NaN,NaN,NaN,NaN,,,,,,,,NaN,,,,,NaN,NaN,NaN,NaN,NaN,NaN,NaN,NaN,NaN,NaN,NaN,NaN,NaN,
8gxd9ry2580pu1b1dd5ny9ymy,Hvidovre,2829375135,349,15,1,38,30,M. Egho,4m9sp9mxlsjk6fv7v218yqfv9,1,91.5,38.7,2025-07-26T12:41:32.793,2025-07-26T12:42:44,"{""id"": 5808736181, ""qualifierId"": 154}",1.0,bvvrtxnqrk97bjs1us04z7axg,Esbjerg vs Hvidovre,1_Division,2025-07-26,DNK,NaN,NaN,true,NaN,true,NaN,NaN,NaN,true,Center,NaN,,,NaN,NaN,true,,NaN,NaN,NaN,NaN,true,NaN,NaN,NaN,,54.1,18.1,NaN,NaN,,,,92.0,39.7,true,NaN,NaN,NaN,NaN,NaN,98.4,48.2,299,0.1573408991098404,0.0,,3,2,true,NaN,NaN,NaN,NaN,NaN,,,,,,,,true,,,,,NaN,NaN,NaN,NaN,NaN,NaN,NaN,NaN,NaN,NaN,NaN,NaN,NaN,
f1h34qp5zbfl489q8vnkhiq9s,Esbjerg,2829383221,378,15,2,47,27,L. From,6hmsrr08cllpl4iumu92zskbt,1,88.4,56.6,2025-07-26T13:07:52.330,2025-07-29T08:30:15,"{""id"": 5813399141, ""qualifierId"": 113}",1.0,bvvrtxnqrk97bjs1us04z7axg,Esbjerg vs Hvidovre,1_Division,2025-07-26,DNK,NaN,NaN,true,NaN,true,true,NaN,NaN,true,Center,NaN,,,NaN,NaN,NaN,,true,NaN,NaN,NaN,NaN,NaN,NaN,NaN,,48.9,4.4,true,true,,,,98.8,50.4,NaN,NaN,NaN,NaN,NaN,NaN,NaN,NaN,420,0.05949247255921364,0.07379048317670822,,3,2,true,NaN,NaN,NaN,NaN,NaN,,,,,,,,NaN,,,,,NaN,NaN,NaN,NaN,NaN,NaN,NaN,NaN,NaN,NaN,NaN,NaN,NaN,
f1h34qp5zbfl489q8vnkhiq9s,Esbjerg,2829383247,379,14,2,47,28,P. Bjur,6m4anciafmzc24s44xszymbc9,1,94.0,41.7,2025-07-26T13:07:53.887,2025-07-26T13:09:27,"{""id"": 5808782287, ""qualifierId"": 56, ""value"": ""Center""}",NaN,bvvrtxnqrk97bjs1us04z7axg,Esbjerg vs Hvidovre,1_Division,2025-07-26,DNK,NaN,NaN,true,NaN,true,true,NaN,NaN,NaN,Center,NaN,,,NaN,NaN,NaN,,NaN,NaN,NaN,NaN,NaN,NaN,NaN,NaN,,44.4,10.1,NaN,NaN,,,,NaN,NaN,NaN,NaN,true,NaN,NaN,NaN,99.0,47.5,NaN,0.2879394590854645,0.0,,1,2,true,NaN,NaN,NaN,NaN,true,,,,,,,,NaN,,,,,NaN,NaN,NaN,NaN,true,NaN,NaN,NaN,NaN,true,378,NaN,NaN,
8gxd9ry2580pu1b1dd5ny9ymy,Hvidovre,2829376289,381,13,1,42,35,J. Singh,2cup1vjw8n43kbzzxfflnmplg,1,89.9,45.0,2025-07-26T12:45:38.114,2025-07-26T12:46:48,"{""id"": 5808742491, ""qualifierId"": 17}",1.0,bvvrtxnqrk97bjs1us04z7axg,Esbjerg vs Hvidovre,1_Division,2025-07-26,DNK,true,NaN,true,NaN,NaN,true,NaN,NaN,true,Center,NaN,,,NaN,NaN,NaN,,NaN,NaN,NaN,NaN,NaN,NaN,NaN,true,,52.1,56.9,NaN,NaN,,,,NaN,NaN,true,NaN,NaN,NaN,NaN,NaN,98.9,49.3,NaN,0.053722869604825974,0.0,,3,1,true,NaN,NaN,NaN,NaN,NaN,,,,,,,,NaN,,,,,NaN,NaN,NaN,NaN,NaN,NaN,NaN,NaN,NaN,NaN,NaN,NaN,NaN,
f1h34qp5zbfl489q8vnkhiq9s,Esbjerg,2829383565,383,13,2,48,6,L. From,6hmsrr08cllpl4iumu92zskbt,1,92.1,43.6,2025-07-26T13:08:31.937,2025-07-26T13:09:42,"{""id"": 5808784023, ""qualifierId"": 326, ""value"": ""1""}",1.0,bvvrtxnqrk97bjs1us04z7axg,Esbjerg vs Hvidovre,1_Division,2025-07-26,DNK,true,NaN,true,NaN,NaN,true,NaN,NaN,true,Center,NaN,,,NaN,NaN,NaN,,NaN,NaN,NaN,NaN,NaN,NaN,true,NaN,,42.5,36.1,NaN,NaN,,,,NaN,NaN,true,NaN,NaN,NaN,NaN,NaN,99.4,47.3,NaN,0.22844216227531433,0.0,,1,1,true,NaN,NaN,NaN,NaN,NaN,,,,,,,,NaN,,,,,NaN,NaN,NaN,NaN,NaN,NaN,NaN,NaN,NaN,NaN,NaN,NaN,NaN,
f1h34qp5zbfl489q8vnkhiq9s,Esbjerg,2829385265,422,15,2,51,44,A. Lausen,ate1ymumg2iwzn8uyyf3ts222,1,76.8,47.7,2025-07-26T13:12:09.169,2025-07-26T13:13:58,"{""id"": 5808795595, ""qualifierId"": 215}",1.0,bvvrtxnqrk97bjs1us04z7axg,Esbjerg vs Hvidovre,1_Division,2025-07-26,DNK,NaN,NaN,NaN,true,NaN,true,NaN,NaN,true,Center,NaN,,,true,NaN,NaN,,NaN,NaN,true,NaN,true,NaN,NaN,NaN,,46.1,19,NaN,NaN,,,,80.2,47.5,NaN,NaN,NaN,true,NaN,NaN,98.4,50,451,0.03587052598595619,0.0,,2,3,NaN,NaN,NaN,NaN,NaN,NaN,,,,,,,,NaN,,,,,NaN,NaN,NaN,NaN,NaN,NaN,NaN,NaN,NaN,NaN,NaN,NaN,NaN,
f1h34qp5zbfl489q8vnkhiq9s,Esbjerg,2829385465,432,13,2,52,10,M. Maden,15yli690oxmbr4dl1ksti2p9m,1,77.5,69.3,2025-07-26T13:12:35.883,2025-07-26T13:13:41,"{""id"": 5808794657, ""qualifierId"": 327, ""value"": ""2""}",1.0,bvvrtxnqrk97bjs1us04z7axg,Esbjerg vs Hvidovre,1_Division,2025-07-26,DNK,NaN,NaN,NaN,true,true,true,NaN,NaN,true,Center,NaN,,,NaN,NaN,NaN,,NaN,NaN,NaN,NaN,NaN,NaN,NaN,NaN,,47.9,79.2,NaN,NaN,,,,NaN,NaN,NaN,NaN,NaN,true,NaN,NaN,97.6,52.5,NaN,0.02067273110151291,0.0,,2,2,NaN,NaN,NaN,NaN,NaN,NaN,,,,,,,,NaN,,,,,NaN,NaN,NaN,true,NaN,NaN,NaN,NaN,NaN,NaN,NaN,NaN,NaN,
8gxd9ry2580pu1b1dd5ny9ymy,Hvidovre,2829384997,444,13,2,51,1,F. Krogstad,dm6xpphbyyooqriwaambi7njd,1,84.7,36.2,2025-07-26T13:11:27.103,2025-07-26T13:12:38,"{""id"": 5808791993, ""qualifierId"": 22}",1.0,bvvrtxnqrk97bjs1us04z7axg,Esbjerg vs Hvidovre,1_Division,2025-07-26,DNK,NaN,NaN,NaN,NaN,true,true,NaN,NaN,true,Center,NaN,,,NaN,NaN,NaN,,NaN,NaN,NaN,true,NaN,NaN,NaN,NaN,,41.2,80.6,true,NaN,,,,NaN,NaN,true,NaN,NaN,NaN,NaN,NaN,99.0,47.3,NaN,0.05748928710818291,0.0,,1,2,true,NaN,NaN,NaN,NaN,NaN,,,,,,,,NaN,,,,,NaN,NaN,true,NaN,NaN,NaN,NaN,NaN,NaN,NaN,NaN,NaN,NaN,
f1h34qp5zbfl489q8vnkhiq9s,Esbjerg,2829388169,465,16,2,57,52,T. Freriks,4jve632xnmqujh4ioaxpaovai,1,95.4,44.4,2025-07-26T13:18:18.070,2025-07-29T09:29:03,"{""id"": 5808811019, ""qualifierId"": 154}",1.0,bvvrtxnqrk97bjs1us04z7axg,Esbjerg vs Hvidovre,1_Division,2025-07-26,DNK,NaN,NaN,NaN,NaN,NaN,NaN,NaN,true,true,Center,NaN,,,true,NaN,true,,NaN,NaN,NaN,NaN,NaN,NaN,NaN,NaN,,52.9,3.8,true,NaN,,,,NaN,NaN,true,NaN,NaN,NaN,463,true,99.4,48.0,NaN,0.14348717033863068,0.7622661590576172,,3,2,true,2025-07-26 14:18:17.701,57:52.538,99.4,48.2,NaN,,,,,,,,NaN,,,,,NaN,true,NaN,NaN,NaN,NaN,NaN,NaN,NaN,NaN,NaN,NaN,NaN,
f1h34qp5zbfl489q8vnkhiq9s,Esbjerg,2829389839,503,13,2,62,23,J. Ankersen,4mxciw9jsj9l437fd7bv78p91,1,86.7,43.6,2025-07-26T13:22:48.228,2025-07-26T13:26:04,"{""id"": 5808819813, ""qualifierId"": 22}",1.0,bvvrtxnqrk97bjs1us04z7axg,Esbjerg vs Hvidovre,1_Division,2025-07-26,DNK,NaN,NaN,true,NaN,true,true,NaN,NaN,true,Center,NaN,,,NaN,true,NaN,,NaN,NaN,NaN,NaN,NaN,NaN,NaN,NaN,,60.8,2.8,NaN,NaN,,,,96.2,57.0,true,NaN,NaN,NaN,NaN,NaN,98.4,49.8,NaN,0.13642679154872894,0.0,,2,3,NaN,NaN,NaN,NaN,NaN,NaN,,,,,,,,NaN,,,,,NaN,NaN,NaN,NaN,NaN,NaN,NaN,NaN,true,NaN,NaN,NaN,NaN,
f1h34qp5zbfl489q8vnkhiq9s,Esbjerg,2829392773,553,15,2,69,38,A. Troelsen,bmkwmf5f2ssnw2cq7uga7yd5g,1,96.5,48.7,2025-07-26T13:30:03.571,2025-07-29T09:29:03,"{""id"": 5808957525, ""qualifierId"": 233, ""value"": ""579""}",1.0,bvvrtxnqrk97bjs1us04z7axg,Esbjerg vs Hvidovre,1_Division,2025-07-26,DNK,true,true,NaN,NaN,NaN,NaN,NaN,NaN,true,Center,NaN,,,NaN,NaN,NaN,,NaN,true,NaN,NaN,NaN,NaN,NaN,NaN,,50.0,31.6,NaN,NaN,,,,99.3,49.5,true,true,NaN,NaN,NaN,NaN,NaN,NaN,579,0.31486067175865173,0.20179004967212677,,3,2,true,NaN,NaN,NaN,NaN,NaN,,,,,,,,NaN,,,,,NaN,NaN,NaN,NaN,NaN,NaN,NaN,NaN,NaN,NaN,NaN,NaN,NaN,
8gxd9ry2580pu1b1dd5ny9ymy,Hvidovre,2829393255,594,15,2,70,43,A. Iljazovski,bfvdr7ckiersz26ya2kq9f1g4,1,87.4,34.9,2025-07-26T13:31:08.322,2025-07-26T13:32:25,"{""id"": 5808839235, ""qualifierId"": 82}",NaN,bvvrtxnqrk97bjs1us04z7axg,Esbjerg vs Hvidovre,1_Division,2025-07-26,DNK,NaN,NaN,NaN,NaN,true,true,NaN,NaN,NaN,Center,NaN,,,NaN,NaN,true,,NaN,NaN,NaN,NaN,true,NaN,NaN,NaN,,54.6,19,true,NaN,,,,90.7,40.1,NaN,NaN,NaN,true,NaN,NaN,98.5,47.1,559,0.02385077252984047,0.0,,3,3,true,NaN,NaN,NaN,NaN,true,,,,,,,,NaN,,,,,NaN,NaN,true,NaN,NaN,NaN,NaN,NaN,NaN,NaN,NaN,NaN,NaN,
8gxd9ry2580pu1b1dd5ny9ymy,Hvidovre,2829394303,617,13,2,73,39,M. Knudsen,1basznqpux0hkrrd06eaxodsl,1,95.1,59.9,2025-07-26T13:34:04.572,2025-07-26T13:35:11,"{""id"": 5808844701, ""qualifierId"": 22}",NaN,bvvrtxnqrk97bjs1us04z7axg,Esbjerg vs Hvidovre,1_Division,2025-07-26,DNK,NaN,NaN,NaN,NaN,NaN,true,NaN,NaN,NaN,Center,true,,,true,true,NaN,,NaN,NaN,NaN,NaN,NaN,NaN,NaN,NaN,,60.5,25,true,NaN,,,,NaN,NaN,NaN,NaN,NaN,NaN,NaN,NaN,99.1,52.7,NaN,0.1136278286576271,0.0,,2,2,true,NaN,NaN,NaN,NaN,true,,,,,,,,NaN,,,,,NaN,NaN,NaN,NaN,NaN,NaN,NaN,NaN,NaN,NaN,NaN,true,NaN,
8gxd9ry2580pu1b1dd5ny9ymy,Hvidovre,2829394775,627,13,2,68,14,O. Kjærgaard,cl4xl80n4gew1ox03r3ooshrd,1,89.9,57.5,2025-07-26T13:28:39.349,2025-07-26T13:36:44,"{""id"": 5808847535, ""qualifierId"": 153}",1.0,bvvrtxnqrk97bjs1us04z7axg,Esbjerg vs Hvidovre,1_Division,2025-07-26,DNK,true,NaN,true,NaN,NaN,NaN,NaN,NaN,true,Center,NaN,,,NaN,NaN,NaN,,NaN,NaN,NaN,NaN,NaN,NaN,NaN,NaN,,34.8,18.1,NaN,NaN,,,,92.4,50.0,true,true,NaN,NaN,NaN,NaN,98.6,51.3,NaN,0.05142126604914665,0.0,,2,1,true,NaN,NaN,NaN,NaN,NaN,,,,,,,,NaN,,,,,NaN,NaN,NaN,NaN,true,NaN,NaN,NaN,true,NaN,NaN,NaN,NaN,
8gxd9ry2580pu1b1dd5ny9ymy,Hvidovre,2829399973,785,13,2,94,52,O. Kjærgaard,cl4xl80n4gew1ox03r3ooshrd,1,86.8,33.1,2025-07-26T13:55:17.411,2025-07-26T13:56:27,"{""id"": 5809086121, ""qualifierId"": 20}",1.0,bvvrtxnqrk97bjs1us04z7axg,Esbjerg vs Hvidovre,1_Division,2025-07-26,DNK,NaN,NaN,NaN,NaN,true,true,NaN,NaN,true,Center,NaN,,,NaN,NaN,NaN,,NaN,NaN,NaN,NaN,NaN,NaN,NaN,NaN,,53.8,62.5,NaN,NaN,,,,NaN,NaN,true,NaN,NaN,NaN,NaN,NaN,98.6,46.9,NaN,0.04746473953127861,0.0,,2,2,NaN,NaN,NaN,NaN,NaN,NaN,,,,,,,,NaN,,,,,NaN,NaN,true,true,NaN,NaN,NaN,NaN,NaN,NaN,NaN,NaN,NaN,
a9vw7ikerpr4cuweeeka5aneg,Horsens,2832063061,88,15,1,6,37,A. Saine,7353ysa16qgg30b9z5qiagys4,1,91.9,29.5,2025-08-04T17:07:31.611,2025-08-04T17:08:59,"{""id"": 5823728027, ""qualifierId"": 63}",1.0,byfv298dz7mcx3c3svchnciz8,Hvidovre vs Horsens,1_Division,2025-08-04,DNK,NaN,,NaN,NaN,true,NaN,,NaN,true,Center,,,NaN,NaN,NaN,,,NaN,,true,,NaN,NaN,NaN,,NaN,47.7,10.8,NaN,,,,,99.5,46.4,true,NaN,NaN,NaN,,,NaN,NaN,48,0.03595743700861931,0.045702170580625534,NaN,2,2,NaN,,,,,NaN,,,,,,,,true,,,,,NaN,,true,NaN,NaN,,,,NaN,,,,,NaN
8gxd9ry2580pu1b1dd5ny9ymy,Hvidovre,2832066399,131,13,1,17,15,A. Smed,dncrhma6gwcn6pxiu7hfc6qz8,1,76.8,43.8,2025-08-04T17:18:09.212,2025-08-04T17:19:23,"{""id"": 5823747035, ""qualifierId"": 18}",NaN,byfv298dz7mcx3c3svchnciz8,Hvidovre vs Horsens,1_Division,2025-08-04,DNK,NaN,,NaN,true,NaN,NaN,,NaN,NaN,Center,,,NaN,true,NaN,,,NaN,,NaN,,NaN,NaN,NaN,,NaN,44.5,72.2,true,,,,,NaN,NaN,NaN,true,NaN,true,,,97.8,51.3,NaN,0.036427997052669525,0.0,NaN,1,3,true,,,,,true,,,,,,,,NaN,,,,,NaN,,NaN,true,NaN,,,,NaN,,,,,NaN
8gxd9ry2580pu1b1dd5ny9ymy,Hvidovre,2832070021,252,15,1,29,39,N. Clausen,6dzg820946z4848whaa6ny2nd,1,70.0,67.3,2025-08-04T17:30:32.946,2025-08-04T17:32:23,"{""id"": 4611686018471221231, ""qualifierId"": 322, ""value"": ""0.0""}",1.0,byfv298dz7mcx3c3svchnciz8,Hvidovre vs Horsens,1_Division,2025-08-04,DNK,NaN,,NaN,true,NaN,true,,NaN,true,Center,,,NaN,true,NaN,,,true,,NaN,,true,NaN,NaN,,NaN,51.3,19,NaN,,,,,77.7,63.2,NaN,NaN,NaN,true,,,98.0,48.7,287,0.018569184467196465,0.0,NaN,1,3,NaN,,,,,NaN,,,,,,,,NaN,,,,,NaN,,NaN,NaN,NaN,,,,NaN,,,,,NaN
a9vw7ikerpr4cuweeeka5aneg,Horsens,2832071263,320,13,1,33,18,I. Miličević,9cg2dx19fx5be3zewtmx97e95,1,89.5,68.6,2025-08-04T17:34:12.128,2025-08-04T17:35:40,"{""id"": 5823775555, ""qualifierId"": 75}",1.0,byfv298dz7mcx3c3svchnciz8,Hvidovre vs Horsens,1_Division,2025-08-04,DNK,NaN,,NaN,NaN,NaN,true,,NaN,true,Center,,,true,true,NaN,,,NaN,,NaN,,NaN,NaN,NaN,,NaN,29.2,19,true,,,,,93.3,50.4,true,NaN,NaN,NaN,,,99.4,53.3,NaN,0.033050354570150375,0.0,NaN,2,2,true,,,,,NaN,,,,,,,,NaN,,,,,NaN,,NaN,NaN,true,,,,true,,,,,NaN
a9vw7ikerpr4cuweeeka5aneg,Horsens,2832071519,325,13,1,34,6,P. Olsen,8jotzm26md7pzdy2gn474chqt,1,71.6,51.7,2025-08-04T17:35:00.390,2025-08-04T17:36:07,"{""id"": 4611686018471221259, ""qualifierId"": 322, ""value"": ""0.0""}",NaN,byfv298dz7mcx3c3svchnciz8,Hvidovre vs Horsens,1_Division,2025-08-04,DNK,NaN,,NaN,true,true,NaN,,NaN,NaN,Center,,,NaN,NaN,NaN,,,NaN,,NaN,,NaN,true,NaN,,NaN,58.3,18.1,NaN,,,,,NaN,NaN,NaN,true,NaN,true,,,96.5,49.5,NaN,0.017494847998023033,0.0,NaN,1,3,true,,,,,true,,,,,,,,NaN,,,,,NaN,,NaN,NaN,NaN,,,,NaN,,,,,NaN
a9vw7ikerpr4cuweeeka5aneg,Horsens,2832073511,405,15,1,40,26,S. Pingel,3epwf56ozg73hueacwmckk0r9,1,86.7,43.6,2025-08-04T17:41:20.147,2025-08-04T17:42:28,"{""id"": 5823787275, ""qualifierId"": 327, ""value"": ""2""}",1.0,byfv298dz7mcx3c3svchnciz8,Hvidovre vs Horsens,1_Division,2025-08-04,DNK,NaN,,true,NaN,NaN,true,,NaN,true,Center,,,NaN,true,NaN,,,true,,NaN,,NaN,NaN,NaN,,NaN,50.3,7.0,NaN,,,,,95.3,47.1,true,NaN,NaN,NaN,,,NaN,NaN,351,0.12037239968776703,0.10679683089256287,NaN,2,2,true,,,,,NaN,,,,,,,,NaN,,,,,NaN,,NaN,NaN,NaN,,,,NaN,,,,,NaN
8gxd9ry2580pu1b1dd5ny9ymy,Hvidovre,2832078167,477,15,2,52,30,E. Aby,907vtkod58b7986k7u1619gr8,1,84.3,33.9,2025-08-04T18:08:40.179,2025-08-04T18:10:13,"{""id"": 5823815067, ""qualifierId"": 82}",1.0,byfv298dz7mcx3c3svchnciz8,Hvidovre vs Horsens,1_Division,2025-08-04,DNK,NaN,,NaN,NaN,NaN,NaN,,NaN,true,Center,,,NaN,true,NaN,,,true,,NaN,,true,NaN,NaN,,NaN,48.2,19,NaN,,,,,89.3,38.4,NaN,NaN,NaN,true,,,98.2,46.0,545,0.08317845314741135,0.0,true,2,2,NaN,,,,,NaN,,,,,,,,true,,,,,NaN,,true,NaN,NaN,,,,NaN,,,,,NaN
a9vw7ikerpr4cuweeeka5aneg,Horsens,2832077241,498,13,2,49,4,I. Miličević,9cg2dx19fx5be3zewtmx97e95,1,78.1,66.2,2025-08-04T18:05:14.314,2025-08-04T18:06:35,"{""id"": 4611686018471221451, ""qualifierId"": 322, ""value"": ""0.0""}",1.0,byfv298dz7mcx3c3svchnciz8,Hvidovre vs Horsens,1_Division,2025-08-04,DNK,NaN,,NaN,true,NaN,true,,NaN,true,Center,,,NaN,true,NaN,,,NaN,,NaN,,NaN,true,NaN,,NaN,58.7,19.4,NaN,,,,,NaN,NaN,NaN,NaN,NaN,true,,,98.9,51.8,NaN,0.023105397820472717,0.0,NaN,2,2,NaN,,,,,NaN,,,,,,,,NaN,,,,,NaN,,NaN,NaN,NaN,,,,NaN,,,,,NaN
a9vw7ikerpr4cuweeeka5aneg,Horsens,2832077479,504,15,2,50,14,S. Pingel,3epwf56ozg73hueacwmckk0r9,1,89.4,59.3,2025-08-04T18:06:24.379,2025-08-04T18:07:32,"{""id"": 5823810817, ""qualifierId"": 233, ""value"": ""463""}",1.0,byfv298dz7mcx3c3svchnciz8,Hvidovre vs Horsens,1_Division,2025-08-04,DNK,NaN,,true,NaN,true,NaN,,NaN,true,Center,,,NaN,NaN,NaN,,,true,,NaN,,NaN,NaN,NaN,,NaN,49.0,10.8,NaN,,,,,98.4,51.8,true,NaN,true,NaN,,,NaN,NaN,463,0.19759118556976318,0.17641380429267883,NaN,2,2,NaN,,,,,NaN,,,,,,,,true,,,,,NaN,,NaN,NaN,NaN,,,,NaN,,,,,true
8gxd9ry2580pu1b1dd5ny9ymy,Hvidovre,2832079307,505,13,2,55,34,O. Kjærgaard,cl4xl80n4gew1ox03r3ooshrd,1,87.0,38.0,2025-08-04T18:11:44.107,2025-08-04T18:13:23,"{""id"": 5823946053, ""qualifierId"": 73}",1.0,byfv298dz7mcx3c3svchnciz8,Hvidovre vs Horsens,1_Division,2025-08-04,DNK,true,,true,NaN,NaN,true,,NaN,true,Center,,,NaN,NaN,true,,,NaN,,NaN,,NaN,NaN,NaN,,NaN,62.2,15.3,NaN,,,,,89.3,54.9,true,NaN,NaN,NaN,,,98.6,48.9,NaN,0.018697671592235565,0.0,NaN,2,2,true,,,,,NaN,,,,,,,,NaN,,,,,NaN,,NaN,NaN,NaN,,,,true,,,,,NaN
a9vw7ikerpr4cuweeeka5aneg,Horsens,2832078459,559,15,2,53,20,K. Kirkegaard,3ylgelxr6ssp42hidfnchqp2i,1,89.8,61.2,2025-08-04T18:09:29.702,2025-08-04T18:10:35,"{""id"": 5823936643, ""qualifierId"": 458}",NaN,byfv298dz7mcx3c3svchnciz8,Hvidovre vs Horsens,1_Division,2025-08-04,DNK,NaN,,true,NaN,NaN,true,,NaN,NaN,Center,,,NaN,true,NaN,,,true,,NaN,,NaN,NaN,NaN,,NaN,51.2,4.4,NaN,,,,,97.8,52.3,NaN,NaN,NaN,NaN,,,NaN,NaN,483,0.13696299493312836,0.17206260561943054,NaN,2,2,NaN,,,,,true,,,,,,,,NaN,,,,,NaN,,NaN,NaN,NaN,,,,NaN,,,,,NaN
a9vw7ikerpr4cuweeeka5aneg,Horsens,2832080351,589,13,2,58,28,S. Pingel,3epwf56ozg73hueacwmckk0r9,1,86.0,46.0,2025-08-04T18:14:37.949,2025-08-04T18:15:49,"{""id"": 4611686018471221539, ""qualifierId"": 322, ""value"": ""0.0""}",1.0,byfv298dz7mcx3c3svchnciz8,Hvidovre vs Horsens,1_Division,2025-08-04,DNK,true,,true,NaN,NaN,true,,NaN,true,Center,,,NaN,NaN,NaN,,,NaN,,NaN,,NaN,NaN,true,,NaN,41.2,16.7,NaN,,,,,NaN,NaN,true,NaN,NaN,NaN,,,96.8,48.6,NaN,0.02713649533689022,0.0,NaN,2,2,true,,,,,NaN,,,,,,,,NaN,,,,,NaN,,NaN,NaN,NaN,,,,NaN,,,,,NaN
8gxd9ry2580pu1b1dd5ny9ymy,Hvidovre,2832083657,623,13,2,69,8,F. Krogstad,dm6xpphbyyooqriwaambi7njd,1,78.0,39.7,2025-08-04T18:25:18.072,2025-08-04T18:26:33,"{""id"": 5823846451, ""qualifierId"": 231, ""value"": ""48.0""}",NaN,byfv298dz7mcx3c3svchnciz8,Hvidovre vs Horsens,1_Division,2025-08-04,DNK,NaN,,NaN,true,true,true,,NaN,NaN,Center,,,NaN,NaN,NaN,,,NaN,,NaN,,NaN,NaN,true,,NaN,42.9,9.7,NaN,,,,,NaN,NaN,NaN,NaN,NaN,true,,,97.8,48.0,NaN,0.036600593477487564,0.0,NaN,2,3,NaN,,,,,true,,,,,,,,NaN,,,,,NaN,,NaN,NaN,NaN,,,,NaN,,,,,NaN
a9vw7ikerpr4cuweeeka5aneg,Horsens,2832084767,696,13,2,72,22,A. Saine,7353ysa16qgg30b9z5qiagys4,1,60.3,37.1,2025-08-04T18:28:32.316,2025-08-04T18:29:41,"{""id"": 5823852443, ""qualifierId"": 74}",1.0,byfv298dz7mcx3c3svchnciz8,Hvidovre vs Horsens,1_Division,2025-08-04,DNK,NaN,,NaN,NaN,true,true,,NaN,true,Center,,,NaN,NaN,NaN,,,NaN,,NaN,,NaN,NaN,NaN,,NaN,54.6,76.4,NaN,,,,,NaN,NaN,NaN,NaN,NaN,true,,,97.7,48.4,NaN,0.011809363961219788,0.0,NaN,2,2,NaN,,,,,NaN,,,,,,,,NaN,,,,,true,,NaN,true,NaN,,,,NaN,,,,,NaN
8gxd9ry2580pu1b1dd5ny9ymy,Hvidovre,2832090999,802,15,2,90,33,D. Stenderup,a30gduuv9d1s4pkthgu2jhyol,1,91.9,41.0,2025-08-04T18:46:43.390,2025-08-04T18:48:21,"{""id"": 5823889595, ""qualifierId"": 233, ""value"": ""842""}",1.0,byfv298dz7mcx3c3svchnciz8,Hvidovre vs Horsens,1_Division,2025-08-04,DNK,true,,true,NaN,NaN,NaN,,true,true,Center,,,NaN,NaN,NaN,,,NaN,,true,,true,NaN,NaN,,true,46.9,19,NaN,,,,,94.3,42.8,true,NaN,NaN,NaN,,,99.0,48.2,842,0.03112841211259365,0.0,NaN,2,2,true,,,,,NaN,,,,,,,,NaN,,,,,NaN,,NaN,NaN,NaN,,,,NaN,,,,,NaN
8gxd9ry2580pu1b1dd5ny9ymy,Hvidovre,2832091033,803,13,2,90,39,O. Kjærgaard,cl4xl80n4gew1ox03r3ooshrd,1,88.3,46.4,2025-08-04T18:46:48.605,2025-08-04T18:47:56,"{""id"": 5823889107, ""qualifierId"": 103, ""value"": ""36.1""}",NaN,byfv298dz7mcx3c3svchnciz8,Hvidovre vs Horsens,1_Division,2025-08-04,DNK,NaN,,true,NaN,NaN,NaN,,true,NaN,Center,,,NaN,true,true,,,NaN,,NaN,,NaN,NaN,NaN,,NaN,65.4,36.1,NaN,,,,,NaN,NaN,NaN,NaN,NaN,NaN,,,98.6,50.4,NaN,0.08697279542684555,0.0,NaN,2,2,true,,,,,true,,,,,,,,NaN,,,,,NaN,,NaN,NaN,NaN,,,,NaN,,,,,NaN
a9vw7ikerpr4cuweeeka5aneg,Horsens,2832089207,813,15,2,85,32,Y. Ouorou,7hso2bszmf4qal560jhrg2904,1,81.2,29.0,2025-08-04T18:41:42.309,2025-08-04T18:42:47,"{""id"": 4611686018471221775, ""qualifierId"": 322, ""value"": ""0.0""}",1.0,byfv298dz7mcx3c3svchnciz8,Hvidovre vs Horsens,1_Division,2025-08-04,DNK,NaN,,NaN,true,NaN,true,,NaN,true,Center,,,NaN,true,NaN,,,true,,NaN,,true,NaN,NaN,,true,49.4,19,NaN,,,,,96.0,45.1,NaN,NaN,NaN,NaN,,,98.9,48.6,747,0.022904355078935623,0.0,NaN,2,2,NaN,,,,,NaN,,,,,,,,NaN,,,,,NaN,,NaN,NaN,NaN,,,,NaN,,,,,NaN
a9vw7ikerpr4cuweeeka5aneg,Horsens,2832089519,821,15,2,86,33,F. Brandhof,ca1b5707pdpx0ucug40ggnahh,1,74.8,34.4,2025-08-04T18:42:42.548,2025-08-04T18:43:57,"{""id"": 5823881761, ""qualifierId"": 103, ""value"": ""19""}",1.0,byfv298dz7mcx3c3svchnciz8,Hvidovre vs Horsens,1_Division,2025-08-04,DNK,NaN,,NaN,true,NaN,true,,NaN,true,Center,,,NaN,true,NaN,,,true,,NaN,,true,NaN,NaN,,NaN,49.1,19,NaN,,,,,80.2,37.5,NaN,NaN,NaN,true,,,98.1,47.7,763,0.013065342791378498,0.0,NaN,3,2,NaN,,,,,NaN,,,,,,,,NaN,,,,,NaN,,NaN,NaN,NaN,,,,NaN,,,,,NaN
a9vw7ikerpr4cuweeeka5aneg,Horsens,2832091571,853,13,2,92,26,A. Moro,51ymbnikkta369rn3exb1g7bo,1,75.5,39.4,2025-08-04T18:48:36.064,2025-08-04T18:49:23,"{""id"": 5823892125, ""qualifierId"": 102, ""value"": ""58.0""}",NaN,byfv298dz7mcx3c3svchnciz8,Hvidovre vs Horsens,1_Division,2025-08-04,DNK,NaN,,NaN,true,true,NaN,,true,NaN,Center,,,NaN,NaN,NaN,,,NaN,,NaN,,NaN,true,NaN,,NaN,58.0,11.1,NaN,,,,,NaN,NaN,NaN,NaN,NaN,true,,,98.8,49.5,NaN,0.020092513412237167,0.0,NaN,2,2,NaN,,,,,true,,,,,,,,NaN,,,,,NaN,,NaN,NaN,NaN,,,,NaN,,,,,NaN
