contestantId,team_name,id,eventId,typeId,periodId,timeMin,timeSec,playerName,playerId,outcome,x,y,timeStamp,lastModified,assist,qualifier,match_id,label,league_name,date,country,15,17,18,20,22,24,25,26,29,56,63,64,72,73,74,75,76,77,78,81,82,84,85,102,103,108,139,146,147,153,154,160,215,230,231,233,276,321,322,324,326,327,328,458,sequenceId,possessionId,keyPass,140,141,318,210,23,6,9,107,16,61,79,80,83,87,100,101,120,121,138,192,214,275,280,281,282,323,338,353,374,375,390,391,395,396,468,472,89,19
bfwi3pjyg3whbn0tpsz19e8hq,Aarhus Fremad,2827883801,31,15,1,2,17,K. Lunding,6zxcmzp7w6esj54g05tvk7ai1,1,93.3,60.1,2025-07-19T14:04:19.924,2025-07-19T14:05:33,1.0,"{""id"": 5800386897, ""qualifierId"": 17}",btk54zcps9pizk65pevt2pzis,Horsens vs Aarhus Fremad,1_Division,2025-07-19,DNK,NaN,true,NaN,NaN,NaN,NaN,NaN,NaN,true,Center,NaN,NaN,true,NaN,NaN,NaN,NaN,NaN,true,NaN,NaN,NaN,NaN,50.6,2.5,NaN,NaN,98.2,53.6,NaN,true,true,NaN,NaN,NaN,23,NaN,0.17107057571411133,0.18911603093147278,NaN,3,2,true,NaN,,,,,,,,,,,,,,,,,,,,,,,,,,,,,,,,,,,,,,,,,
a9vw7ikerpr4cuweeeka5aneg,Horsens,2827885391,40,15,1,5,31,S. Doua,6qko3f8w2ap9ynbuq2g55i5n8,1,73.4,39.5,2025-07-19T14:07:33.711,2025-07-19T14:09:04,1.0,"{""id"": 4611686018471106701, ""qualifierId"": 322, ""value"": ""0.0""}",btk54zcps9pizk65pevt2pzis,Horsens vs Aarhus Fremad,1_Division,2025-07-19,DNK,NaN,NaN,true,true,true,NaN,NaN,NaN,true,Center,NaN,NaN,NaN,NaN,NaN,NaN,true,NaN,NaN,NaN,true,NaN,NaN,51.9,19,NaN,NaN,79.7,42.4,NaN,NaN,NaN,true,96.8,48.6,67,NaN,0.019023770466446877,0.0,NaN,1,2,NaN,NaN,,,,,,,,,,,,,,,,,,,,,,,,,,,,,,,,,,,,,,,,,
a9vw7ikerpr4cuweeeka5aneg,Horsens,2827888683,112,15,1,11,28,S. Pingel,3epwf56ozg73hueacwmckk0r9,1,87.2,37.9,2025-07-19T14:13:31.389,2025-07-19T14:14:38,1.0,"{""id"": 5800413305, ""qualifierId"": 322, ""value"": ""0.04221625626087189""}",btk54zcps9pizk65pevt2pzis,Horsens vs Aarhus Fremad,1_Division,2025-07-19,DNK,NaN,true,NaN,NaN,true,NaN,NaN,NaN,true,Center,NaN,NaN,true,NaN,NaN,NaN,NaN,NaN,true,NaN,NaN,NaN,NaN,50.8,10.1,NaN,NaN,98.2,49.5,NaN,true,NaN,NaN,NaN,NaN,122,NaN,0.09174033254384995,0.04221625626087189,NaN,3,2,NaN,NaN,,,,,,,,,,,,,,,,,,,,,,,,,,,,,,,,,,,,,,,,,
bfwi3pjyg3whbn0tpsz19e8hq,Aarhus Fremad,2827893451,210,13,1,20,48,K. Lunding,6zxcmzp7w6esj54g05tvk7ai1,1,72.8,43.7,2025-07-19T14:22:51.119,2025-07-19T14:24:00,NaN,"{""id"": 5800439753, ""qualifierId"": 321, ""value"": ""0.039314154535532""}",btk54zcps9pizk65pevt2pzis,Horsens vs Aarhus Fremad,1_Division,2025-07-19,DNK,NaN,NaN,true,NaN,NaN,NaN,NaN,true,NaN,Center,NaN,NaN,true,NaN,true,NaN,NaN,NaN,NaN,NaN,NaN,NaN,NaN,51.3,75,NaN,NaN,NaN,NaN,NaN,NaN,NaN,NaN,98.9,49.1,NaN,NaN,0.039314154535532,0.0,NaN,1,3,NaN,true,,,,,,,,,,,,,,,,,,,,,,,,,,,,,,,,,,,,,,,,,
a9vw7ikerpr4cuweeeka5aneg,Horsens,2827898101,250,13,1,29,41,S. Hausner,5lu7bn7uec3zjqpoi1x81gbu1,1,84.5,33.6,2025-07-19T14:31:43.984,2025-07-19T14:32:51,NaN,"{""id"": 5800465673, ""qualifierId"": 231, ""value"": ""49.8""}",btk54zcps9pizk65pevt2pzis,Horsens vs Aarhus Fremad,1_Division,2025-07-19,DNK,NaN,NaN,NaN,true,true,NaN,NaN,NaN,NaN,Center,true,NaN,NaN,true,NaN,NaN,NaN,NaN,NaN,NaN,NaN,NaN,NaN,59.8,11.1,NaN,NaN,NaN,NaN,NaN,NaN,NaN,true,98.4,49.8,NaN,NaN,0.04581945016980171,0.0,NaN,2,2,NaN,true,,,,,,,,,,,,,,,,,,,,,,,,,,,,,,,,,,,,,,,,,
a9vw7ikerpr4cuweeeka5aneg,Horsens,2827898737,268,13,1,30,44,S. Pingel,3epwf56ozg73hueacwmckk0r9,1,89.9,50.6,2025-07-19T14:32:47.071,2025-07-19T14:34:08,1.0,"{""id"": 5800469465, ""qualifierId"": 15}",btk54zcps9pizk65pevt2pzis,Horsens vs Aarhus Fremad,1_Division,2025-07-19,DNK,true,true,NaN,NaN,true,NaN,NaN,NaN,true,Center,NaN,NaN,NaN,NaN,NaN,true,NaN,NaN,NaN,NaN,NaN,NaN,NaN,0.3,34.7,NaN,NaN,89.3,0.0,true,true,NaN,NaN,98.6,51.1,NaN,true,0.08062977343797684,0.0,NaN,3,2,true,NaN,,,,,,,,,,,,,,,,,,,,,,,,,,,,,,,,,,,,,,,,,
a9vw7ikerpr4cuweeeka5aneg,Horsens,2827900973,313,15,1,35,24,I. Miličević,9cg2dx19fx5be3zewtmx97e95,1,71.8,65.4,2025-07-19T14:37:27.505,2025-07-19T14:38:35,1.0,"{""id"": 5800480971, ""qualifierId"": 72}",btk54zcps9pizk65pevt2pzis,Horsens vs Aarhus Fremad,1_Division,2025-07-19,DNK,NaN,NaN,true,NaN,true,NaN,NaN,NaN,true,Center,NaN,NaN,true,NaN,NaN,NaN,NaN,NaN,true,NaN,NaN,NaN,NaN,48.7,7.0,NaN,NaN,98.8,50.9,NaN,NaN,NaN,true,NaN,NaN,308,NaN,0.02732330746948719,0.02702214941382408,NaN,1,2,NaN,NaN,,,,,,,,,,,,,,,,,,,,,,,,,,,,,,,,,,,,,,,,,
a9vw7ikerpr4cuweeeka5aneg,Horsens,2827904573,377,13,1,43,13,K. Kirkegaard,3ylgelxr6ssp42hidfnchqp2i,1,88.2,56.1,2025-07-19T14:45:16.366,2025-07-19T14:46:28,1.0,"{""id"": 5800501591, ""qualifierId"": 231, ""value"": ""50.9""}",btk54zcps9pizk65pevt2pzis,Horsens vs Aarhus Fremad,1_Division,2025-07-19,DNK,true,true,NaN,NaN,true,NaN,NaN,NaN,true,Center,NaN,NaN,NaN,NaN,true,NaN,NaN,NaN,NaN,NaN,NaN,NaN,NaN,52.3,72.2,NaN,NaN,NaN,NaN,NaN,true,NaN,NaN,99.4,50.9,NaN,NaN,0.03977321833372116,0.0,NaN,2,1,true,NaN,,,,,,,,,,,,,,,,,,,,,,,,,,,,,,,,,,,,,,,,,
a9vw7ikerpr4cuweeeka5aneg,Horsens,2827905847,410,15,1,45,58,K. Kirkegaard,3ylgelxr6ssp42hidfnchqp2i,1,88.8,55.8,2025-07-19T14:48:01.107,2025-07-19T14:49:08,1.0,"{""id"": 5800508321, ""qualifierId"": 147, ""value"": ""50.9""}",btk54zcps9pizk65pevt2pzis,Horsens vs Aarhus Fremad,1_Division,2025-07-19,DNK,NaN,true,NaN,true,true,NaN,NaN,NaN,true,Center,NaN,NaN,NaN,NaN,NaN,NaN,NaN,NaN,true,NaN,NaN,NaN,NaN,51.8,5.7,true,NaN,98.1,50.9,NaN,true,NaN,NaN,NaN,NaN,396,NaN,0.17144237458705902,0.25823211669921875,NaN,2,1,true,NaN,,,,,,,,,,,,,,,,,,,,,,,,,,,,,,,,,,,,,,,,,
bfwi3pjyg3whbn0tpsz19e8hq,Aarhus Fremad,2827910227,431,15,2,47,47,J. Beluli,29y19vqfjkvlc8s9gr5v5atqs,1,79.4,50.7,2025-07-19T15:07:25.784,2025-07-19T15:08:34,1.0,"{""id"": 5800531771, ""qualifierId"": 78}",btk54zcps9pizk65pevt2pzis,Horsens vs Aarhus Fremad,1_Division,2025-07-19,DNK,NaN,NaN,true,NaN,true,NaN,NaN,NaN,true,Center,NaN,NaN,true,NaN,NaN,NaN,NaN,NaN,true,NaN,NaN,NaN,NaN,51.3,5.1,NaN,NaN,98.6,50.0,NaN,NaN,NaN,true,NaN,NaN,440,NaN,0.05792661011219025,0.04617768153548241,NaN,2,2,NaN,NaN,,,,,,,,,,,,,,,,,,,,,,,,,,,,,,,,,,,,,,,,,
a9vw7ikerpr4cuweeeka5aneg,Horsens,2827911289,459,15,2,49,47,K. Kirkegaard,3ylgelxr6ssp42hidfnchqp2i,1,87.5,50.7,2025-07-19T15:09:25.747,2025-07-19T15:10:52,1.0,"{""id"": 5800542393, ""qualifierId"": 147, ""value"": ""50.5""}",btk54zcps9pizk65pevt2pzis,Horsens vs Aarhus Fremad,1_Division,2025-07-19,DNK,NaN,true,NaN,true,true,NaN,NaN,NaN,true,Center,NaN,NaN,NaN,NaN,NaN,NaN,NaN,NaN,true,NaN,true,NaN,NaN,49.8,19,NaN,NaN,89.7,50.5,NaN,true,NaN,NaN,98.9,50,454,NaN,0.18473945558071136,0.0,NaN,3,2,NaN,NaN,,,,,,,,,,,,,,,,,,,,,,,,,,,,,,,,,,,,,,,,,
a9vw7ikerpr4cuweeeka5aneg,Horsens,2827913655,492,15,2,54,29,P. Olsen,8jotzm26md7pzdy2gn474chqt,1,81.8,49.1,2025-07-19T15:14:07.002,2025-07-19T15:15:15,1.0,"{""id"": 5800550643, ""qualifierId"": 103, ""value"": ""10.8""}",btk54zcps9pizk65pevt2pzis,Horsens vs Aarhus Fremad,1_Division,2025-07-19,DNK,NaN,NaN,true,true,true,NaN,NaN,NaN,true,Center,NaN,NaN,NaN,NaN,NaN,NaN,NaN,NaN,true,NaN,NaN,NaN,NaN,49.6,10.8,NaN,NaN,98.5,49.6,NaN,true,NaN,NaN,NaN,NaN,496,NaN,0.1267714947462082,0.035469233989715576,NaN,1,2,true,NaN,,,,,,,,,,,,,,,,,,,,,,,,,,,,,,,,,,,,,,,,,
a9vw7ikerpr4cuweeeka5aneg,Horsens,2827913883,498,13,2,54,56,S. Pingel,3epwf56ozg73hueacwmckk0r9,1,92.0,43.8,2025-07-19T15:14:34.810,2025-07-19T15:15:43,1.0,"{""id"": 5800551681, ""qualifierId"": 22}",btk54zcps9pizk65pevt2pzis,Horsens vs Aarhus Fremad,1_Division,2025-07-19,DNK,true,true,NaN,NaN,true,NaN,NaN,NaN,true,Center,NaN,NaN,NaN,NaN,true,NaN,NaN,NaN,NaN,NaN,NaN,NaN,NaN,47.1,75,NaN,NaN,NaN,NaN,NaN,true,NaN,NaN,99.1,47.8,NaN,NaN,0.05131543055176735,0.0,NaN,3,2,true,NaN,,,,,,,,,,,,,,,,,,,,,,,,,,,,,,,,,,,,,,,,,
bfwi3pjyg3whbn0tpsz19e8hq,Aarhus Fremad,2827915413,535,15,2,57,59,J. Beluli,29y19vqfjkvlc8s9gr5v5atqs,1,71.0,47.9,2025-07-19T15:17:37.516,2025-07-19T15:18:45,1.0,"{""id"": 5800560183, ""qualifierId"": 72}",btk54zcps9pizk65pevt2pzis,Horsens vs Aarhus Fremad,1_Division,2025-07-19,DNK,NaN,NaN,true,NaN,true,NaN,NaN,NaN,true,Center,NaN,NaN,true,NaN,NaN,NaN,NaN,NaN,true,NaN,NaN,NaN,NaN,51.2,4.4,NaN,NaN,97.7,49.8,NaN,NaN,NaN,true,NaN,NaN,542,NaN,0.012370780110359192,0.018555963411927223,NaN,2,2,NaN,NaN,,,,,,,,,,,,,,,,,,,,,,,,,,,,,,,,,,,,,,,,,
a9vw7ikerpr4cuweeeka5aneg,Horsens,2827916101,565,13,2,59,32,S. Doua,6qko3f8w2ap9ynbuq2g55i5n8,1,86.1,35.2,2025-07-19T15:19:10.927,2025-07-19T15:20:18,NaN,"{""id"": 5800564185, ""qualifierId"": 103, ""value"": ""62.5""}",btk54zcps9pizk65pevt2pzis,Horsens vs Aarhus Fremad,1_Division,2025-07-19,DNK,NaN,NaN,NaN,true,true,NaN,NaN,NaN,NaN,Center,true,NaN,NaN,NaN,true,NaN,NaN,NaN,NaN,NaN,NaN,NaN,NaN,46.1,62.5,NaN,NaN,NaN,NaN,NaN,NaN,NaN,true,99.5,46.4,NaN,NaN,0.11355254799127579,0.0,NaN,1,2,NaN,true,,,,,,,,,,,,,,,,,,,,,,,,,,,,,,,,,,,,,,,,,
bfwi3pjyg3whbn0tpsz19e8hq,Aarhus Fremad,2827922261,659,15,2,72,32,M. Kaastrup,9nafz0c0x2qvmo5ldm0djmcq1,1,91.2,52.7,2025-07-19T15:32:10.345,2025-07-19T15:33:16,1.0,"{""id"": 5800597201, ""qualifierId"": 22}",btk54zcps9pizk65pevt2pzis,Horsens vs Aarhus Fremad,1_Division,2025-07-19,DNK,NaN,true,NaN,true,true,NaN,NaN,NaN,true,Center,NaN,NaN,NaN,NaN,NaN,NaN,NaN,NaN,true,NaN,NaN,NaN,NaN,51.0,7.6,NaN,NaN,98.1,51.8,NaN,true,NaN,NaN,NaN,NaN,653,NaN,0.2970629632472992,0.22445231676101685,NaN,2,2,true,NaN,,,,,,,,,,,,,,,,,,,,,,,,,,,,,,,,,,,,,,,,,
bfwi3pjyg3whbn0tpsz19e8hq,Aarhus Fremad,2827923009,668,13,2,73,54,M. Kaastrup,9nafz0c0x2qvmo5ldm0djmcq1,1,84.8,46.7,2025-07-19T15:33:32.121,2025-07-19T15:34:39,1.0,"{""id"": 5800601483, ""qualifierId"": 22}",btk54zcps9pizk65pevt2pzis,Horsens vs Aarhus Fremad,1_Division,2025-07-19,DNK,NaN,true,NaN,true,true,NaN,NaN,NaN,true,Center,NaN,NaN,NaN,NaN,NaN,NaN,NaN,NaN,NaN,NaN,NaN,NaN,true,49.2,59.7,NaN,NaN,NaN,NaN,NaN,true,NaN,NaN,99.1,49.1,NaN,NaN,0.09704726189374924,0.0,NaN,2,2,true,NaN,,,,,,,,,,,,,,,,,,,,,,,,,,,,,,,,,,,,,,,,,
bfwi3pjyg3whbn0tpsz19e8hq,Aarhus Fremad,2827924085,680,13,2,75,52,M. Berthelsen,6yh22sf7jss7huppjtromrkes,1,70.5,28.9,2025-07-19T15:35:30.898,2025-07-19T15:36:42,NaN,"{""id"": 5800607533, ""qualifierId"": 327, ""value"": ""3""}",btk54zcps9pizk65pevt2pzis,Horsens vs Aarhus Fremad,1_Division,2025-07-19,DNK,NaN,NaN,true,true,NaN,NaN,NaN,true,NaN,Center,NaN,NaN,NaN,NaN,NaN,true,NaN,NaN,NaN,NaN,NaN,NaN,NaN,40.5,25,NaN,NaN,NaN,NaN,NaN,NaN,NaN,NaN,98.4,46.8,NaN,NaN,0.026332279667258263,0.0,NaN,1,3,NaN,true,,,,,,,,,,,,,,,,,,,,,,,,,,,,,,,,,,,,,,,,,
a9vw7ikerpr4cuweeeka5aneg,Horsens,2827925025,690,13,2,77,46,A. Saine,7353ysa16qgg30b9z5qiagys4,1,91.0,39.5,2025-07-19T15:37:24.499,2025-07-19T15:38:33,1.0,"{""id"": 5800613575, ""qualifierId"": 102, ""value"": ""41.5""}",btk54zcps9pizk65pevt2pzis,Horsens vs Aarhus Fremad,1_Division,2025-07-19,DNK,true,true,NaN,NaN,NaN,true,NaN,NaN,true,Center,NaN,NaN,NaN,NaN,NaN,NaN,NaN,NaN,NaN,NaN,NaN,true,NaN,41.5,38.9,NaN,NaN,NaN,NaN,NaN,true,NaN,NaN,99.5,48.2,NaN,NaN,0.02199326641857624,0.0,NaN,3,2,true,NaN,,,,,,,,,,,,,,,,,,,,,,,,,,,,,,,,,,,,,,,,,
bfwi3pjyg3whbn0tpsz19e8hq,Aarhus Fremad,2827928585,747,13,2,83,53,S. Bækgård,5o1k2hd9rdooxpjgbnabuh94a,1,84.2,71.7,2025-07-19T15:43:31.680,2025-07-19T15:44:40,1.0,"{""id"": 5800633003, ""qualifierId"": 230, ""value"": ""98.2""}",btk54zcps9pizk65pevt2pzis,Horsens vs Aarhus Fremad,1_Division,2025-07-19,DNK,NaN,NaN,NaN,true,NaN,NaN,true,NaN,true,Center,NaN,true,NaN,NaN,NaN,NaN,NaN,NaN,NaN,true,NaN,NaN,NaN,40.3,75,NaN,NaN,NaN,NaN,NaN,true,NaN,NaN,98.2,51.6,NaN,NaN,0.02424974925816059,0.0,NaN,2,2,NaN,NaN,,,,,,,,,,,,,,,,,,,,,,,,,,,,,,,,,,,,,,,,,
a9vw7ikerpr4cuweeeka5aneg,Horsens,2827933015,772,13,2,91,59,F. Brandhof,ca1b5707pdpx0ucug40ggnahh,1,93.4,49.3,2025-07-19T15:51:37.101,2025-07-19T15:52:47,1.0,"{""id"": 4611686018471107829, ""qualifierId"": 322, ""value"": ""0.0""}",btk54zcps9pizk65pevt2pzis,Horsens vs Aarhus Fremad,1_Division,2025-07-19,DNK,NaN,true,NaN,NaN,true,NaN,NaN,NaN,true,Center,NaN,NaN,true,NaN,NaN,NaN,NaN,true,NaN,NaN,NaN,NaN,NaN,56.0,69.4,NaN,NaN,NaN,NaN,NaN,true,NaN,NaN,99.0,50.4,NaN,NaN,0.23920747637748718,0.0,NaN,3,2,true,NaN,,,,,,,,,,,,,,,,,,,,,,,,,,,,,,,,,,,,,,,,,
a9vw7ikerpr4cuweeeka5aneg,Horsens,2827933981,788,15,2,95,7,A. Saine,7353ysa16qgg30b9z5qiagys4,1,89.1,66.4,2025-07-19T15:54:45.521,2025-07-19T15:56:38,1.0,"{""id"": 5800666581, ""qualifierId"": 102, ""value"": ""48.7""}",btk54zcps9pizk65pevt2pzis,Horsens vs Aarhus Fremad,1_Division,2025-07-19,DNK,NaN,NaN,NaN,true,NaN,NaN,NaN,NaN,true,Center,NaN,true,NaN,NaN,NaN,NaN,NaN,NaN,true,NaN,true,NaN,NaN,48.7,19,NaN,true,92.5,60.8,NaN,true,true,NaN,97.6,54.3,NaN,NaN,0.041252296417951584,0.0,true,3,2,NaN,NaN,,,,,,,,,,,,,,,,,,,,,,,,,,,,,,,,,,,,,,,,,
8cfkisxf1fkxdqtt6tx1tup48,HB Køge,2829140407,49,16,1,3,43,N. Jakobsen,4ti8pdx03j8dh4mdb626ltmvo,1,93.1,55.2,2025-07-25T16:34:15.422,2025-07-28T12:29:10,NaN,"{""id"": 5807438161, ""qualifierId"": 22}",budoafznnaffvp9oyzt6abcic,HB Køge vs Aarhus Fremad,1_Division,2025-07-25,DNK,NaN,true,NaN,NaN,true,NaN,NaN,NaN,NaN,Center,NaN,NaN,true,NaN,NaN,NaN,NaN,NaN,true,NaN,NaN,NaN,NaN,49.7,5.7,true,,NaN,NaN,NaN,NaN,,NaN,98.0,45.3,NaN,,0.15486864745616913,0.8513801693916321,,3,2,true,true,,,,,,,,,,NaN,,NaN,NaN,NaN,NaN,NaN,NaN,NaN,NaN,NaN,NaN,NaN,NaN,true,NaN,PASS_LOST,547731,4042,NaN,NaN,NaN,2025-07-25 17:34:14.938,03:43.444,NaN,NaN,1.4,52.9,1006,48,,
bfwi3pjyg3whbn0tpsz19e8hq,Aarhus Fremad,2829141227,83,15,1,8,23,M. Kaastrup,9nafz0c0x2qvmo5ldm0djmcq1,1,75.7,73.0,2025-07-25T16:38:55.058,2025-07-25T16:40:05,1.0,"{""id"": 5807443205, ""qualifierId"": 147, ""value"": ""69.5""}",budoafznnaffvp9oyzt6abcic,HB Køge vs Aarhus Fremad,1_Division,2025-07-25,DNK,NaN,NaN,true,true,true,NaN,NaN,NaN,true,Center,NaN,NaN,NaN,NaN,NaN,NaN,NaN,NaN,NaN,true,true,NaN,NaN,46.2,25,NaN,,78.6,69.5,NaN,NaN,,true,98.1,52.7,72,,0.014403609558939934,0.0,,2,3,NaN,NaN,,,,,,,,,,NaN,,NaN,NaN,NaN,NaN,NaN,NaN,NaN,NaN,NaN,NaN,NaN,NaN,NaN,NaN,NaN,NaN,NaN,NaN,NaN,NaN,NaN,NaN,NaN,NaN,NaN,NaN,NaN,NaN,,
bfwi3pjyg3whbn0tpsz19e8hq,Aarhus Fremad,2829141823,118,13,1,11,19,M. Berthelsen,6yh22sf7jss7huppjtromrkes,1,74.4,47.2,2025-07-25T16:41:50.520,2025-07-25T16:42:58,NaN,"{""id"": 4611686018471140003, ""qualifierId"": 322, ""value"": ""0.0""}",budoafznnaffvp9oyzt6abcic,HB Køge vs Aarhus Fremad,1_Division,2025-07-25,DNK,NaN,NaN,true,true,NaN,NaN,NaN,true,NaN,Center,NaN,NaN,NaN,NaN,NaN,NaN,NaN,NaN,NaN,NaN,NaN,NaN,NaN,42.2,59.7,NaN,,NaN,NaN,NaN,NaN,,NaN,98.9,49.8,NaN,,0.06642036885023117,0.0,,1,3,NaN,true,,,,,,,,,,NaN,,NaN,NaN,NaN,NaN,NaN,true,NaN,NaN,NaN,true,NaN,NaN,NaN,NaN,NaN,NaN,NaN,NaN,NaN,NaN,NaN,NaN,NaN,NaN,NaN,NaN,NaN,NaN,,
bfwi3pjyg3whbn0tpsz19e8hq,Aarhus Fremad,2829143951,229,15,1,22,16,K. Andersen,f1mn7hl9ythw3bblz9lguqtjo,1,92.7,45.8,2025-07-25T16:52:48.202,2025-07-29T12:29:25,1.0,"{""id"": 5807458043, ""qualifierId"": 103, ""value"": ""14.6""}",budoafznnaffvp9oyzt6abcic,HB Køge vs Aarhus Fremad,1_Division,2025-07-25,DNK,true,true,NaN,NaN,true,NaN,NaN,NaN,true,Center,NaN,NaN,NaN,NaN,NaN,NaN,NaN,NaN,true,NaN,NaN,NaN,NaN,50.8,14.6,NaN,,99.0,47.6,NaN,true,,NaN,NaN,NaN,176,,0.24676519632339478,0.3174354135990143,,2,1,true,NaN,,,,,,,,,,NaN,,NaN,NaN,NaN,NaN,NaN,NaN,NaN,NaN,NaN,NaN,NaN,NaN,true,NaN,NaN,NaN,NaN,NaN,NaN,NaN,NaN,NaN,NaN,NaN,NaN,NaN,714,NaN,,
8cfkisxf1fkxdqtt6tx1tup48,HB Køge,2829146969,303,13,1,38,5,L. Bust,6gmm4awyvlf9p7jr9dvnmp0tm,1,76.2,58.7,2025-07-25T17:08:37.180,2025-07-25T17:09:48,1.0,"{""id"": 5807474295, ""qualifierId"": 56, ""value"": ""Center""}",budoafznnaffvp9oyzt6abcic,HB Køge vs Aarhus Fremad,1_Division,2025-07-25,DNK,NaN,NaN,true,NaN,true,NaN,NaN,NaN,true,Center,NaN,NaN,true,NaN,NaN,NaN,NaN,true,NaN,NaN,NaN,NaN,NaN,56.3,69.4,NaN,,NaN,NaN,NaN,NaN,,true,98.5,49.5,NaN,,0.02164912037551403,0.0,,2,3,true,NaN,,,,,,,,,,NaN,,NaN,NaN,NaN,NaN,NaN,NaN,NaN,NaN,NaN,NaN,NaN,NaN,NaN,NaN,NaN,NaN,NaN,NaN,NaN,NaN,NaN,NaN,NaN,NaN,NaN,NaN,NaN,NaN,,
bfwi3pjyg3whbn0tpsz19e8hq,Aarhus Fremad,2829144583,309,13,1,27,45,M. Agnarsson,9w1wpf3tocn27ed1oaaoe5zsa,1,90.8,58.7,2025-07-25T16:58:17.025,2025-07-25T16:59:27,1.0,"{""id"": 5807461663, ""qualifierId"": 17}",budoafznnaffvp9oyzt6abcic,HB Køge vs Aarhus Fremad,1_Division,2025-07-25,DNK,NaN,true,NaN,NaN,true,NaN,NaN,NaN,true,Center,NaN,NaN,true,NaN,NaN,NaN,NaN,true,NaN,NaN,NaN,NaN,NaN,57.0,73.6,NaN,,NaN,NaN,NaN,true,,NaN,99.3,51.4,NaN,,0.28497228026390076,0.0,,1,1,true,NaN,,,,,,,,,,NaN,,NaN,NaN,NaN,NaN,NaN,NaN,NaN,NaN,true,NaN,NaN,NaN,true,NaN,NaN,NaN,NaN,NaN,NaN,NaN,NaN,NaN,NaN,NaN,NaN,NaN,NaN,NaN,,
bfwi3pjyg3whbn0tpsz19e8hq,Aarhus Fremad,2829144719,327,13,1,29,17,M. Berthelsen,6yh22sf7jss7huppjtromrkes,1,76.0,48.9,2025-07-25T16:59:48.768,2025-07-25T17:00:54,1.0,"{""id"": 5807462481, ""qualifierId"": 327, ""value"": ""2""}",budoafznnaffvp9oyzt6abcic,HB Køge vs Aarhus Fremad,1_Division,2025-07-25,DNK,NaN,NaN,true,true,true,NaN,NaN,NaN,true,Center,NaN,NaN,NaN,NaN,true,NaN,NaN,NaN,NaN,NaN,NaN,NaN,NaN,51.4,63.9,NaN,,NaN,NaN,NaN,NaN,,true,98.9,51.3,NaN,,0.02675478160381317,0.0,,2,2,true,NaN,,,,,,,,,,NaN,,NaN,NaN,NaN,NaN,NaN,NaN,NaN,NaN,NaN,NaN,NaN,NaN,NaN,NaN,NaN,NaN,NaN,NaN,NaN,NaN,NaN,NaN,NaN,NaN,NaN,NaN,NaN,NaN,,
8cfkisxf1fkxdqtt6tx1tup48,HB Køge,2829148209,337,13,1,42,13,S. Larsen,4m7gr5z6b40dj02yrmlwgeluc,1,75.4,40.3,2025-07-25T17:12:45.110,2025-07-25T17:13:54,1.0,"{""id"": 5807481381, ""qualifierId"": 327, ""value"": ""2""}",budoafznnaffvp9oyzt6abcic,HB Køge vs Aarhus Fremad,1_Division,2025-07-25,DNK,NaN,NaN,true,true,true,NaN,NaN,NaN,true,Center,NaN,NaN,NaN,NaN,NaN,NaN,NaN,NaN,NaN,NaN,NaN,true,NaN,42.4,37.5,NaN,,NaN,NaN,NaN,NaN,,true,98.5,49.3,NaN,,0.024907348677515984,0.0,,2,2,NaN,NaN,,,,,,,,,,NaN,,NaN,NaN,NaN,NaN,NaN,NaN,NaN,NaN,NaN,NaN,NaN,NaN,NaN,NaN,NaN,NaN,NaN,NaN,NaN,NaN,NaN,NaN,NaN,NaN,NaN,NaN,NaN,NaN,,
8cfkisxf1fkxdqtt6tx1tup48,HB Køge,2829148459,346,13,1,42,58,A. Gøthler,d2ukggo2v5jsw4pctznmaijo4,1,92.0,63.8,2025-07-25T17:13:29.975,2025-07-25T17:14:39,1.0,"{""id"": 5807482767, ""qualifierId"": 56, ""value"": ""Center""}",budoafznnaffvp9oyzt6abcic,HB Køge vs Aarhus Fremad,1_Division,2025-07-25,DNK,NaN,NaN,NaN,NaN,true,NaN,NaN,NaN,true,Center,NaN,true,true,NaN,NaN,true,NaN,NaN,NaN,NaN,NaN,NaN,NaN,27.7,1.4,NaN,,NaN,NaN,NaN,true,,NaN,98.6,54.3,NaN,,0.2916295826435089,0.0,,1,1,NaN,NaN,,,,,,,,,,NaN,,NaN,NaN,NaN,NaN,NaN,NaN,NaN,NaN,NaN,true,NaN,NaN,true,NaN,NaN,NaN,NaN,NaN,NaN,NaN,NaN,NaN,NaN,true,NaN,NaN,NaN,NaN,,
8cfkisxf1fkxdqtt6tx1tup48,HB Køge,2829155833,412,13,2,47,59,M. Jensen,619s1phj5bkgkug3aszc1y9cl,1,78.2,42.1,2025-07-25T17:36:40.372,2025-07-25T17:37:50,1.0,"{""id"": 5807525697, ""qualifierId"": 321, ""value"": ""0.03851189836859703""}",budoafznnaffvp9oyzt6abcic,HB Køge vs Aarhus Fremad,1_Division,2025-07-25,DNK,NaN,NaN,true,true,true,NaN,NaN,NaN,true,Center,NaN,NaN,NaN,NaN,NaN,NaN,NaN,NaN,NaN,NaN,NaN,NaN,NaN,56.8,11.1,NaN,,NaN,NaN,NaN,NaN,,true,98.6,49.6,NaN,,0.03851189836859703,0.0,,3,1,NaN,NaN,,,,,,,,,,NaN,,NaN,NaN,NaN,NaN,true,NaN,NaN,NaN,NaN,NaN,NaN,NaN,NaN,NaN,NaN,NaN,NaN,NaN,NaN,NaN,NaN,NaN,NaN,NaN,NaN,NaN,NaN,NaN,,
bfwi3pjyg3whbn0tpsz19e8hq,Aarhus Fremad,2829149031,467,13,1,44,57,E. Egerton,8rqctff92ui8fanzbk6skyyac,1,87.8,54.2,2025-07-25T17:15:28.703,2025-07-25T17:16:43,1.0,"{""id"": 5807486175, ""qualifierId"": 327, ""value"": ""1""}",budoafznnaffvp9oyzt6abcic,HB Køge vs Aarhus Fremad,1_Division,2025-07-25,DNK,NaN,true,NaN,true,NaN,true,NaN,NaN,true,Center,NaN,NaN,NaN,NaN,NaN,NaN,NaN,NaN,NaN,NaN,NaN,true,NaN,41.0,11.1,true,,NaN,NaN,NaN,true,,NaN,98.4,49.6,NaN,,0.18263891339302063,0.0,,1,1,true,NaN,,,,,,,,,,NaN,,NaN,NaN,NaN,NaN,NaN,NaN,NaN,NaN,NaN,true,NaN,NaN,NaN,NaN,NaN,NaN,NaN,NaN,NaN,NaN,NaN,NaN,NaN,NaN,NaN,NaN,NaN,NaN,,
bfwi3pjyg3whbn0tpsz19e8hq,Aarhus Fremad,2829160079,641,15,2,58,23,M. Kaastrup,9nafz0c0x2qvmo5ldm0djmcq1,1,73.5,58.9,2025-07-25T17:47:04.680,2025-07-29T14:29:10,1.0,"{""id"": 5807549601, ""qualifierId"": 102, ""value"": ""47.6""}",budoafznnaffvp9oyzt6abcic,HB Køge vs Aarhus Fremad,1_Division,2025-07-25,DNK,NaN,NaN,true,true,true,NaN,NaN,NaN,true,Center,NaN,NaN,NaN,NaN,NaN,NaN,NaN,NaN,NaN,true,NaN,NaN,NaN,47.6,31.6,NaN,,98.8,49.8,NaN,NaN,,true,NaN,NaN,504,,0.018594389781355858,0.15388667583465576,,2,3,NaN,NaN,,,,,,,,,,NaN,,NaN,NaN,NaN,NaN,NaN,NaN,NaN,NaN,NaN,NaN,true,NaN,NaN,true,NaN,NaN,NaN,NaN,NaN,NaN,NaN,NaN,NaN,NaN,NaN,NaN,NaN,NaN,,
bfwi3pjyg3whbn0tpsz19e8hq,Aarhus Fremad,2829160637,659,15,2,59,30,K. Andersen,f1mn7hl9ythw3bblz9lguqtjo,1,97.7,52.8,2025-07-25T17:48:11.460,2025-07-25T18:00:45,1.0,"{""id"": 5807565539, ""qualifierId"": 326, ""value"": ""3""}",budoafznnaffvp9oyzt6abcic,HB Køge vs Aarhus Fremad,1_Division,2025-07-25,DNK,NaN,NaN,NaN,true,true,NaN,NaN,NaN,true,Center,NaN,NaN,NaN,NaN,NaN,NaN,true,NaN,NaN,NaN,true,NaN,NaN,51.9,19,true,,99.7,52.3,NaN,true,,NaN,98.8,59.8,NaN,,0.9371440410614014,0.0,,3,0,true,NaN,,,,,,,,,,NaN,,true,NaN,NaN,NaN,NaN,NaN,true,true,NaN,NaN,NaN,true,true,NaN,NaN,NaN,NaN,NaN,NaN,NaN,NaN,NaN,NaN,NaN,NaN,NaN,NaN,NaN,,
bfwi3pjyg3whbn0tpsz19e8hq,Aarhus Fremad,2829160763,660,16,2,60,45,M. Berthelsen,6yh22sf7jss7huppjtromrkes,1,88.5,50.0,2025-07-25T17:49:26.038,2025-07-29T14:29:08,NaN,"{""id"": 5807553587, ""qualifierId"": 17}",budoafznnaffvp9oyzt6abcic,HB Køge vs Aarhus Fremad,1_Division,2025-07-25,DNK,NaN,true,NaN,true,NaN,NaN,NaN,NaN,NaN,Center,NaN,NaN,NaN,NaN,NaN,NaN,NaN,true,NaN,NaN,NaN,NaN,NaN,53.9,20.3,NaN,,NaN,NaN,NaN,NaN,,NaN,99.3,50,NaN,,0.7884,0.944624662399292,,1,1,NaN,true,,,,,,,,,,true,,NaN,NaN,NaN,NaN,NaN,NaN,NaN,NaN,NaN,NaN,NaN,NaN,true,NaN,HANDBALL_WON,552221,2290,NaN,NaN,513,2025-07-25 18:49:25.314,60:44.403,620035,NaN,0.7,46.2,NaN,659,,
bfwi3pjyg3whbn0tpsz19e8hq,Aarhus Fremad,2829161145,674,13,2,62,22,E. Egerton,8rqctff92ui8fanzbk6skyyac,1,81.6,49.5,2025-07-25T17:51:03.404,2025-07-25T17:52:10,1.0,"{""id"": 5808587545, ""qualifierId"": 85}",budoafznnaffvp9oyzt6abcic,HB Køge vs Aarhus Fremad,1_Division,2025-07-25,DNK,NaN,NaN,true,true,true,NaN,NaN,NaN,true,Center,NaN,NaN,NaN,NaN,NaN,NaN,NaN,NaN,NaN,NaN,NaN,NaN,true,47.6,59.7,NaN,,NaN,NaN,NaN,true,,true,99.1,47.8,NaN,,0.0835283175110817,0.0,,2,2,true,NaN,,,,,,,,,,NaN,,NaN,NaN,NaN,NaN,NaN,NaN,NaN,NaN,NaN,NaN,NaN,NaN,NaN,NaN,NaN,NaN,NaN,NaN,NaN,NaN,NaN,NaN,NaN,NaN,NaN,NaN,NaN,NaN,,
bfwi3pjyg3whbn0tpsz19e8hq,Aarhus Fremad,2829161449,686,13,2,63,31,M. Kubel,az9olsp7tglzt73awei9a4cgk,1,74.7,59.1,2025-07-25T17:52:11.964,2025-07-25T17:53:20,1.0,"{""id"": 5807557727, ""qualifierId"": 231, ""value"": ""50.5""}",budoafznnaffvp9oyzt6abcic,HB Køge vs Aarhus Fremad,1_Division,2025-07-25,DNK,NaN,NaN,true,true,true,NaN,NaN,NaN,true,Center,NaN,NaN,NaN,NaN,NaN,NaN,NaN,NaN,NaN,NaN,NaN,true,NaN,43.0,23.6,NaN,,NaN,NaN,NaN,NaN,,true,98.4,50.5,NaN,,0.024139614775776863,0.0,,2,2,NaN,NaN,,,,,,,,,,NaN,,NaN,NaN,NaN,NaN,NaN,NaN,NaN,NaN,NaN,NaN,NaN,NaN,NaN,NaN,NaN,NaN,NaN,NaN,NaN,NaN,NaN,NaN,NaN,NaN,NaN,NaN,NaN,NaN,,
bfwi3pjyg3whbn0tpsz19e8hq,Aarhus Fremad,2829161749,698,15,2,65,21,M. Berthelsen,6yh22sf7jss7huppjtromrkes,1,87.7,29.9,2025-07-25T17:54:02.076,2025-07-25T17:55:54,1.0,"{""id"": 5807559455, ""qualifierId"": 63}",budoafznnaffvp9oyzt6abcic,HB Køge vs Aarhus Fremad,1_Division,2025-07-25,DNK,NaN,NaN,NaN,true,true,NaN,NaN,NaN,true,Center,true,NaN,NaN,NaN,NaN,NaN,NaN,NaN,true,NaN,true,NaN,NaN,48.4,19,NaN,,91.2,33.6,NaN,NaN,,true,98.8,47.1,536,,0.03701072186231613,0.0,,2,2,NaN,NaN,,,,,,,,,,NaN,,NaN,NaN,NaN,NaN,NaN,NaN,NaN,NaN,NaN,NaN,NaN,NaN,NaN,NaN,NaN,NaN,NaN,NaN,NaN,NaN,NaN,NaN,NaN,NaN,NaN,NaN,NaN,NaN,,
8cfkisxf1fkxdqtt6tx1tup48,HB Køge,2829169625,699,16,2,94,31,I. Dorgu,bmvcofmie6om4muxij4kdkro4,1,92.1,50.1,2025-07-25T18:23:12.665,2025-07-28T11:29:18,1.0,"{""id"": 5814235281, ""qualifierId"": 154}",budoafznnaffvp9oyzt6abcic,HB Køge vs Aarhus Fremad,1_Division,2025-07-25,DNK,NaN,true,NaN,true,NaN,true,NaN,NaN,true,Center,NaN,NaN,NaN,NaN,NaN,NaN,NaN,NaN,NaN,NaN,NaN,NaN,NaN,48.7,29.1,NaN,,NaN,NaN,NaN,true,,NaN,98.8,47.8,NaN,,0.19993926584720612,0.46622005105018616,,1,2,true,NaN,,,,,,,,,,NaN,,NaN,NaN,true,NaN,NaN,NaN,NaN,NaN,NaN,NaN,NaN,NaN,true,NaN,NaN,NaN,NaN,NaN,NaN,NaN,2025-07-25 19:23:12.167,94:31.256,NaN,NaN,98.8,50,NaN,NaN,,
bfwi3pjyg3whbn0tpsz19e8hq,Aarhus Fremad,2829161787,705,15,2,65,40,Marcus Kirchheiner,7zb57r5m7lmvj3xlf9y1ldez8,1,85.6,37.2,2025-07-25T17:54:21.266,2025-07-25T17:55:50,1.0,"{""id"": 5807560181, ""qualifierId"": 231, ""value"": ""47.3""}",budoafznnaffvp9oyzt6abcic,HB Køge vs Aarhus Fremad,1_Division,2025-07-25,DNK,NaN,true,NaN,NaN,NaN,NaN,true,NaN,true,Center,NaN,NaN,true,NaN,NaN,NaN,NaN,NaN,true,NaN,true,NaN,NaN,49.2,19,NaN,,89.7,39.2,NaN,true,,NaN,98.8,47.3,538,,0.05381089448928833,0.0,,2,2,NaN,NaN,,,,,,,,,,NaN,,NaN,NaN,NaN,NaN,NaN,NaN,NaN,NaN,NaN,NaN,NaN,NaN,NaN,NaN,NaN,NaN,NaN,NaN,NaN,NaN,NaN,NaN,NaN,NaN,NaN,NaN,NaN,NaN,,
bfwi3pjyg3whbn0tpsz19e8hq,Aarhus Fremad,2829161813,706,13,2,65,47,K. Lunding,6zxcmzp7w6esj54g05tvk7ai1,1,80.9,26.2,2025-07-25T17:54:28.674,2025-07-25T17:55:35,NaN,"{""id"": 5807560017, ""qualifierId"": 215}",budoafznnaffvp9oyzt6abcic,HB Køge vs Aarhus Fremad,1_Division,2025-07-25,DNK,NaN,NaN,true,NaN,NaN,NaN,true,NaN,NaN,Center,NaN,NaN,true,NaN,NaN,NaN,NaN,true,NaN,NaN,NaN,NaN,NaN,57.0,63.9,NaN,,NaN,NaN,NaN,NaN,,true,99.1,46.8,NaN,,0.016714513301849365,0.0,,2,3,NaN,true,,,,,,,,,,NaN,,NaN,NaN,NaN,NaN,NaN,NaN,NaN,NaN,NaN,NaN,NaN,NaN,NaN,NaN,NaN,NaN,NaN,NaN,NaN,NaN,NaN,NaN,NaN,NaN,NaN,NaN,NaN,NaN,,
bfwi3pjyg3whbn0tpsz19e8hq,Aarhus Fremad,2829162031,714,15,2,66,50,J. Beluli,29y19vqfjkvlc8s9gr5v5atqs,1,83.3,44.6,2025-07-25T17:55:31.570,2025-07-25T17:58:00,1.0,"{""id"": 4611686018471140595, ""qualifierId"": 322, ""value"": ""0.0""}",budoafznnaffvp9oyzt6abcic,HB Køge vs Aarhus Fremad,1_Division,2025-07-25,DNK,NaN,true,NaN,NaN,true,NaN,NaN,NaN,true,Center,NaN,NaN,true,NaN,NaN,NaN,NaN,NaN,true,NaN,true,NaN,NaN,51.1,19,NaN,,85.1,45.3,NaN,true,,NaN,98.0,49.1,544,,0.050264179706573486,0.0,,3,2,NaN,NaN,,,,,,,,,,NaN,,NaN,NaN,NaN,NaN,NaN,NaN,NaN,NaN,NaN,NaN,NaN,NaN,NaN,NaN,NaN,NaN,NaN,NaN,NaN,NaN,NaN,NaN,NaN,NaN,NaN,NaN,NaN,NaN,,
bfwi3pjyg3whbn0tpsz19e8hq,Aarhus Fremad,2829162799,752,15,2,69,58,Ó. Hjaltason,a5alop4wg4qwwu812pfskfjtg,1,78.1,53.8,2025-07-25T17:58:39.352,2025-07-25T17:59:49,1.0,"{""id"": 5807565405, ""qualifierId"": 146, ""value"": ""90.1""}",budoafznnaffvp9oyzt6abcic,HB Køge vs Aarhus Fremad,1_Division,2025-07-25,DNK,NaN,NaN,true,true,true,NaN,NaN,NaN,true,Center,NaN,NaN,NaN,NaN,NaN,NaN,NaN,NaN,true,NaN,true,NaN,NaN,50.8,19,NaN,,90.1,52.2,NaN,NaN,,true,99.0,49.8,558,,0.04694095626473427,0.0,,2,3,NaN,NaN,,,,,,,,,,NaN,,NaN,NaN,NaN,NaN,NaN,NaN,NaN,NaN,NaN,NaN,NaN,NaN,NaN,NaN,NaN,NaN,NaN,NaN,NaN,NaN,NaN,NaN,NaN,NaN,NaN,NaN,NaN,NaN,,
bfwi3pjyg3whbn0tpsz19e8hq,Aarhus Fremad,2829164225,796,13,2,76,12,Ó. Hjaltason,a5alop4wg4qwwu812pfskfjtg,1,81.8,50.5,2025-07-25T18:04:52.990,2025-07-25T18:06:00,NaN,"{""id"": 5807572999, ""qualifierId"": 103, ""value"": ""69.4""}",budoafznnaffvp9oyzt6abcic,HB Køge vs Aarhus Fremad,1_Division,2025-07-25,DNK,NaN,NaN,true,true,true,NaN,NaN,NaN,NaN,Center,NaN,NaN,NaN,NaN,NaN,NaN,NaN,NaN,NaN,true,NaN,NaN,NaN,42.7,69.4,NaN,,NaN,NaN,NaN,NaN,,true,98.0,50.5,NaN,,0.05915559455752373,0.0,,2,3,true,true,,,,,,,,,,NaN,,NaN,NaN,NaN,NaN,NaN,NaN,NaN,NaN,NaN,NaN,NaN,NaN,NaN,NaN,NaN,NaN,NaN,NaN,NaN,NaN,NaN,NaN,NaN,NaN,NaN,NaN,NaN,NaN,,
bfwi3pjyg3whbn0tpsz19e8hq,Aarhus Fremad,2829164631,812,15,2,77,33,M. Agnarsson,9w1wpf3tocn27ed1oaaoe5zsa,1,91.1,66.4,2025-07-25T18:06:13.980,2025-07-25T18:07:21,1.0,"{""id"": 5807575223, ""qualifierId"": 146, ""value"": ""92.2""}",budoafznnaffvp9oyzt6abcic,HB Køge vs Aarhus Fremad,1_Division,2025-07-25,DNK,NaN,NaN,NaN,NaN,NaN,NaN,true,NaN,true,Center,NaN,true,true,NaN,NaN,NaN,NaN,NaN,NaN,NaN,true,NaN,NaN,47.6,19,NaN,,92.2,64.1,NaN,true,,NaN,98.9,53.8,605,,0.026460204273462296,0.0,,3,2,NaN,NaN,,,,,,,,,,NaN,,NaN,NaN,NaN,true,NaN,NaN,NaN,NaN,NaN,NaN,NaN,NaN,NaN,NaN,NaN,NaN,NaN,NaN,NaN,NaN,NaN,NaN,NaN,NaN,NaN,NaN,NaN,NaN,,
bfwi3pjyg3whbn0tpsz19e8hq,Aarhus Fremad,2829164741,815,14,2,78,4,K. Lunding,6zxcmzp7w6esj54g05tvk7ai1,1,81.6,33.8,2025-07-25T18:06:45.334,2025-07-25T18:14:24,1.0,"{""id"": 4611686018471140727, ""qualifierId"": 322, ""value"": ""0.0""}",budoafznnaffvp9oyzt6abcic,HB Køge vs Aarhus Fremad,1_Division,2025-07-25,DNK,NaN,NaN,true,NaN,NaN,NaN,true,NaN,true,Center,NaN,NaN,true,true,NaN,NaN,NaN,NaN,NaN,NaN,NaN,NaN,NaN,55.3,1.9,NaN,,NaN,NaN,NaN,NaN,,true,98.2,46.9,NaN,,0.019828451797366142,0.0,,3,3,NaN,NaN,,,,,,,,,,NaN,,NaN,NaN,NaN,NaN,NaN,NaN,NaN,NaN,NaN,NaN,NaN,NaN,NaN,NaN,NaN,NaN,NaN,NaN,NaN,NaN,NaN,NaN,NaN,NaN,NaN,NaN,NaN,NaN,,
bfwi3pjyg3whbn0tpsz19e8hq,Aarhus Fremad,2829164759,816,15,2,78,7,S. Bækgård,5o1k2hd9rdooxpjgbnabuh94a,1,91.5,69.9,2025-07-25T18:06:48.397,2025-07-28T10:29:27,NaN,"{""id"": 5807576091, ""qualifierId"": 458}",budoafznnaffvp9oyzt6abcic,HB Køge vs Aarhus Fremad,1_Division,2025-07-25,DNK,NaN,NaN,NaN,true,NaN,NaN,true,NaN,NaN,Center,NaN,true,NaN,NaN,NaN,NaN,NaN,NaN,NaN,NaN,NaN,NaN,NaN,51.0,29.7,NaN,,98.6,54.0,NaN,NaN,,NaN,NaN,NaN,607,,0.020816532894968987,0.075473852455616,,2,2,true,true,,,,,,,,,,NaN,,NaN,NaN,true,NaN,NaN,NaN,NaN,NaN,NaN,NaN,NaN,NaN,NaN,NaN,NaN,NaN,NaN,true,815,NaN,NaN,NaN,NaN,NaN,NaN,NaN,NaN,NaN,,
bfwi3pjyg3whbn0tpsz19e8hq,Aarhus Fremad,2829166497,879,15,2,83,35,E. Egerton,8rqctff92ui8fanzbk6skyyac,1,84.6,65.4,2025-07-25T18:12:16.409,2025-07-28T11:29:18,NaN,"{""id"": 5814232373, ""qualifierId"": 120}",budoafznnaffvp9oyzt6abcic,HB Køge vs Aarhus Fremad,1_Division,2025-07-25,DNK,NaN,NaN,NaN,true,true,NaN,NaN,NaN,NaN,Center,NaN,true,NaN,NaN,NaN,NaN,NaN,NaN,NaN,NaN,NaN,NaN,NaN,45.9,8.9,NaN,,99.0,51.6,NaN,NaN,,NaN,NaN,NaN,638,,0.04458366334438324,0.7304133176803589,,3,3,NaN,true,,,,,,,,,,NaN,,NaN,NaN,NaN,true,NaN,NaN,NaN,NaN,true,NaN,NaN,NaN,NaN,NaN,NaN,NaN,NaN,NaN,NaN,NaN,NaN,NaN,NaN,NaN,NaN,NaN,NaN,NaN,,
bfwi3pjyg3whbn0tpsz19e8hq,Aarhus Fremad,2829167709,925,13,2,87,31,J. Beluli,29y19vqfjkvlc8s9gr5v5atqs,1,80.2,52.8,2025-07-25T18:16:12.855,2025-07-25T18:17:21,1.0,"{""id"": 4611686018471140751, ""qualifierId"": 322, ""value"": ""0.0""}",budoafznnaffvp9oyzt6abcic,HB Køge vs Aarhus Fremad,1_Division,2025-07-25,DNK,NaN,NaN,true,NaN,true,NaN,NaN,NaN,true,Center,NaN,NaN,true,NaN,NaN,NaN,NaN,NaN,NaN,NaN,NaN,true,NaN,43.0,8.3,NaN,,NaN,NaN,NaN,NaN,,true,99.4,50.5,NaN,,0.057369936257600784,0.0,,2,3,NaN,NaN,,,,,,,,,,NaN,,NaN,NaN,NaN,NaN,NaN,NaN,NaN,NaN,NaN,NaN,NaN,NaN,NaN,NaN,NaN,NaN,NaN,NaN,NaN,NaN,NaN,NaN,NaN,NaN,NaN,NaN,NaN,NaN,,
bfwi3pjyg3whbn0tpsz19e8hq,Aarhus Fremad,2829168531,946,13,2,90,11,M. Kubel,az9olsp7tglzt73awei9a4cgk,1,75.7,64.6,2025-07-25T18:18:52.638,2025-07-25T18:19:59,1.0,"{""id"": 4611686018471140783, ""qualifierId"": 322, ""value"": ""0.0""}",budoafznnaffvp9oyzt6abcic,HB Køge vs Aarhus Fremad,1_Division,2025-07-25,DNK,NaN,NaN,true,true,true,NaN,NaN,NaN,true,Center,NaN,NaN,NaN,NaN,NaN,NaN,NaN,NaN,NaN,NaN,NaN,NaN,NaN,57.3,12.5,NaN,,NaN,NaN,NaN,NaN,,true,98.1,52.2,NaN,,0.013095997273921967,0.0,,2,3,NaN,NaN,,,,,,,,,,NaN,,NaN,NaN,NaN,NaN,true,NaN,NaN,NaN,NaN,NaN,NaN,NaN,NaN,NaN,NaN,NaN,NaN,NaN,NaN,NaN,NaN,NaN,NaN,NaN,NaN,NaN,NaN,NaN,,
bfwi3pjyg3whbn0tpsz19e8hq,Aarhus Fremad,2829169063,976,15,2,92,23,O. Andreasen,99518av3ju5u5wooeimy4x5hw,1,84.2,57.9,2025-07-25T18:21:04.852,2025-07-25T18:22:14,1.0,"{""id"": 4611686018471140799, ""qualifierId"": 322, ""value"": ""0.0""}",budoafznnaffvp9oyzt6abcic,HB Køge vs Aarhus Fremad,1_Division,2025-07-25,DNK,NaN,true,NaN,true,true,NaN,NaN,NaN,true,Center,NaN,NaN,NaN,NaN,NaN,NaN,NaN,NaN,NaN,NaN,true,NaN,NaN,48.0,19,NaN,,86.1,56.7,NaN,NaN,,NaN,98.2,52.5,689,,0.05251380801200867,0.0,,3,2,true,NaN,,,,,,,,,,NaN,,NaN,NaN,NaN,true,NaN,NaN,NaN,NaN,NaN,NaN,NaN,NaN,NaN,NaN,NaN,NaN,NaN,NaN,NaN,NaN,NaN,NaN,NaN,NaN,NaN,NaN,NaN,NaN,,
bfwi3pjyg3whbn0tpsz19e8hq,Aarhus Fremad,2829169185,980,13,2,92,48,A. Pisani,2lvlyvfvdoz7kyqtib6jm9btg,1,93.1,44.0,2025-07-25T18:21:29.158,2025-07-25T18:24:45,1.0,"{""id"": 5807603751, ""qualifierId"": 154}",budoafznnaffvp9oyzt6abcic,HB Køge vs Aarhus Fremad,1_Division,2025-07-25,DNK,true,true,NaN,NaN,NaN,NaN,true,NaN,true,Center,NaN,NaN,NaN,true,NaN,NaN,NaN,NaN,NaN,NaN,NaN,NaN,NaN,63.0,16.7,NaN,,95.3,54.2,true,true,,NaN,99.1,49.6,NaN,,0.016996929422020912,0.0,,3,3,true,NaN,,,,,,,,,,NaN,,NaN,NaN,NaN,NaN,NaN,NaN,NaN,NaN,NaN,NaN,NaN,NaN,NaN,NaN,NaN,NaN,NaN,NaN,NaN,NaN,NaN,NaN,NaN,NaN,NaN,NaN,NaN,NaN,,
bfwi3pjyg3whbn0tpsz19e8hq,Aarhus Fremad,2829169223,981,15,2,92,49,E. Egerton,8rqctff92ui8fanzbk6skyyac,1,95.7,58.1,2025-07-25T18:21:30.429,2025-07-25T18:24:08,1.0,"{""id"": 5807603181, ""qualifierId"": 146, ""value"": ""96.8""}",budoafznnaffvp9oyzt6abcic,HB Køge vs Aarhus Fremad,1_Division,2025-07-25,DNK,NaN,NaN,NaN,true,NaN,NaN,true,NaN,true,Center,NaN,NaN,NaN,NaN,NaN,NaN,NaN,NaN,true,NaN,true,NaN,NaN,49.8,19,NaN,,96.8,56.0,NaN,NaN,,NaN,99.3,53.4,692,,0.11145196855068207,0.0,,3,2,true,NaN,,,,,,,,,,NaN,,NaN,true,NaN,NaN,NaN,NaN,true,NaN,NaN,NaN,NaN,NaN,true,NaN,NaN,NaN,NaN,NaN,NaN,NaN,NaN,NaN,NaN,NaN,NaN,NaN,NaN,NaN,,
bfwi3pjyg3whbn0tpsz19e8hq,Aarhus Fremad,2829169331,984,15,2,93,26,A. Holvad,f5do9kh6590dwx2732iak0edx,1,95.7,60.5,2025-07-25T18:22:07.348,2025-07-28T11:29:20,1.0,"{""id"": 5807607113, ""qualifierId"": 103, ""value"": ""33.5""}",budoafznnaffvp9oyzt6abcic,HB Køge vs Aarhus Fremad,1_Division,2025-07-25,DNK,NaN,NaN,NaN,true,NaN,NaN,true,NaN,true,Center,NaN,NaN,NaN,NaN,NaN,NaN,NaN,NaN,NaN,NaN,NaN,NaN,NaN,48.2,33.5,NaN,,99.1,52.7,NaN,true,,NaN,NaN,NaN,694,,0.05276499688625336,0.3187200725078583,,3,3,true,NaN,,,,,,,,,,NaN,,NaN,true,true,NaN,NaN,NaN,NaN,NaN,NaN,NaN,NaN,NaN,NaN,NaN,NaN,NaN,NaN,NaN,NaN,NaN,NaN,NaN,NaN,NaN,NaN,NaN,NaN,NaN,,
bfwi3pjyg3whbn0tpsz19e8hq,Aarhus Fremad,2832877141,78,16,1,7,15,K. Andersen,f1mn7hl9ythw3bblz9lguqtjo,1,88.7,57.3,2025-08-09T12:08:31.392,2025-08-11T23:29:11,1.0,"{""id"": 5828300209, ""qualifierId"": 22}",bz643lzprqlrae9a4u3bkwydw,Aarhus Fremad vs Hillerød,1_Division,2025-08-09,DNK,NaN,true,NaN,true,true,NaN,NaN,NaN,true,Center,NaN,NaN,NaN,,NaN,NaN,true,NaN,NaN,NaN,NaN,NaN,,53.3,2.5,NaN,NaN,NaN,NaN,NaN,true,,NaN,95.9,52.7,NaN,,0.18893103301525116,0.6614528894424438,,2,2,NaN,NaN,,,,,,,,NaN,,,,NaN,,NaN,NaN,NaN,,NaN,,,,,,true,,,,,,,,2025-08-09 13:08:30.620,07:14.377,,,95.8,51.1,,,NaN,
bfwi3pjyg3whbn0tpsz19e8hq,Aarhus Fremad,2832878265,89,15,1,9,6,K. Andersen,f1mn7hl9ythw3bblz9lguqtjo,1,80.2,61.7,2025-08-09T12:10:22.615,2025-08-09T12:12:02,1.0,"{""id"": 5828309209, ""qualifierId"": 154}",bz643lzprqlrae9a4u3bkwydw,Aarhus Fremad vs Hillerød,1_Division,2025-08-09,DNK,NaN,NaN,true,true,true,NaN,NaN,NaN,true,Center,NaN,NaN,NaN,,NaN,NaN,true,NaN,NaN,NaN,true,NaN,,52.1,19,NaN,NaN,85.9,58.7,NaN,true,,NaN,99.4,52.0,89,,0.05505956709384918,0.0,,2,2,NaN,NaN,,,,,,,,NaN,,,,NaN,,NaN,NaN,NaN,,NaN,,,,,,NaN,,,,,,,,NaN,NaN,,,NaN,NaN,,,NaN,
bfwi3pjyg3whbn0tpsz19e8hq,Aarhus Fremad,2832879917,110,15,1,11,16,M. Agnarsson,9w1wpf3tocn27ed1oaaoe5zsa,1,79.1,66.0,2025-08-09T12:12:32.382,2025-08-11T23:29:11,1.0,"{""id"": 5836361797, ""qualifierId"": 215}",bz643lzprqlrae9a4u3bkwydw,Aarhus Fremad vs Hillerød,1_Division,2025-08-09,DNK,NaN,NaN,true,true,true,NaN,NaN,NaN,true,Center,NaN,NaN,NaN,,NaN,NaN,NaN,NaN,true,NaN,NaN,NaN,,50.4,4.4,NaN,NaN,98.4,51.8,NaN,true,,true,NaN,NaN,113,,0.04642122611403465,0.015103119425475597,,1,2,NaN,NaN,,,,,,,,NaN,,,,NaN,,NaN,NaN,NaN,,NaN,,,,,,NaN,,,,,,,,NaN,NaN,,,NaN,NaN,,,NaN,
aqtkb4mgrz8c6iqfufj6qjbv9,Hillerød,2832882293,155,15,1,14,28,M. Etim,1fjkjzsei9slx2t4zhsqdkve1,1,79.6,32.2,2025-08-09T12:15:44.621,2025-08-09T12:16:55,1.0,"{""id"": 5828329261, ""qualifierId"": 327, ""value"": ""2""}",bz643lzprqlrae9a4u3bkwydw,Aarhus Fremad vs Hillerød,1_Division,2025-08-09,DNK,NaN,NaN,true,true,NaN,NaN,NaN,NaN,true,Center,NaN,NaN,NaN,,NaN,NaN,NaN,NaN,NaN,NaN,true,NaN,,47.3,19,NaN,NaN,82.9,34.7,NaN,NaN,,true,96.9,44.4,129,,0.06494254618883133,0.0,,2,2,NaN,NaN,,,,,,,,true,,,,NaN,,NaN,true,NaN,,NaN,,,,,,NaN,,,,,,,,NaN,NaN,,,NaN,NaN,,,NaN,
bfwi3pjyg3whbn0tpsz19e8hq,Aarhus Fremad,2832886013,175,15,1,20,38,M. Agnarsson,9w1wpf3tocn27ed1oaaoe5zsa,1,92.9,58.9,2025-08-09T12:21:54.520,2025-08-12T00:29:21,1.0,"{""id"": 5836407265, ""qualifierId"": 77}",bz643lzprqlrae9a4u3bkwydw,Aarhus Fremad vs Hillerød,1_Division,2025-08-09,DNK,true,true,NaN,NaN,true,NaN,NaN,NaN,true,Center,NaN,NaN,NaN,,NaN,NaN,NaN,true,NaN,NaN,NaN,NaN,,53.6,33.5,NaN,NaN,98.5,52.9,NaN,true,,NaN,NaN,NaN,208,,0.0558524914085865,0.5607198476791382,,3,2,true,NaN,,,,,,,,NaN,,,,NaN,,NaN,NaN,NaN,,NaN,,,,,,NaN,,,,,,,,NaN,NaN,,,NaN,NaN,,,NaN,
aqtkb4mgrz8c6iqfufj6qjbv9,Hillerød,2832884807,197,13,1,18,21,J. Witt,5z7y55t2o577r8ki3i5855as,1,93.6,44.6,2025-08-09T12:19:37.554,2025-08-09T12:20:45,1.0,"{""id"": 5828343723, ""qualifierId"": 231, ""value"": ""46.2""}",bz643lzprqlrae9a4u3bkwydw,Aarhus Fremad vs Hillerød,1_Division,2025-08-09,DNK,true,true,NaN,NaN,NaN,NaN,true,NaN,true,Center,NaN,NaN,NaN,,NaN,NaN,NaN,NaN,NaN,true,NaN,NaN,,39.8,76.4,NaN,NaN,NaN,NaN,NaN,true,,NaN,100,46.2,NaN,,0.10166983306407928,0.0,,3,2,true,NaN,,,,,,,,NaN,,,,NaN,,NaN,NaN,NaN,,NaN,,,,,,NaN,,,,,,,,NaN,NaN,,,NaN,NaN,,,NaN,
bfwi3pjyg3whbn0tpsz19e8hq,Aarhus Fremad,2832889049,225,15,1,26,34,K. Lunding,6zxcmzp7w6esj54g05tvk7ai1,1,85.0,38.7,2025-08-09T12:27:50.698,2025-08-12T00:29:19,1.0,"{""id"": 5828366719, ""qualifierId"": 22}",bz643lzprqlrae9a4u3bkwydw,Aarhus Fremad vs Hillerød,1_Division,2025-08-09,DNK,NaN,true,NaN,NaN,true,NaN,NaN,NaN,true,Center,NaN,NaN,true,,NaN,NaN,NaN,NaN,true,NaN,NaN,NaN,,51.3,1.3,NaN,NaN,92.4,44.4,NaN,true,,NaN,NaN,NaN,268,,0.15085290372371674,0.16503342986106873,,1,2,NaN,NaN,,,,,,,,NaN,,,,NaN,,NaN,NaN,NaN,,NaN,,,,,,true,,,,,,,,NaN,NaN,,,NaN,NaN,,,true,
bfwi3pjyg3whbn0tpsz19e8hq,Aarhus Fremad,2832894011,311,16,1,35,21,K. Andersen,f1mn7hl9ythw3bblz9lguqtjo,1,91.2,35.4,2025-08-09T12:36:37.808,2025-08-12T01:29:17,1.0,"{""id"": 5828394291, ""qualifierId"": 22}",bz643lzprqlrae9a4u3bkwydw,Aarhus Fremad vs Hillerød,1_Division,2025-08-09,DNK,NaN,NaN,NaN,true,true,NaN,NaN,NaN,true,Center,true,NaN,NaN,,NaN,NaN,NaN,NaN,NaN,NaN,NaN,NaN,,48.1,5.1,NaN,NaN,NaN,NaN,NaN,true,,NaN,93.0,37.7,NaN,,0.2878457307815552,0.3180353045463562,,2,1,NaN,NaN,,,,,,,,NaN,,,,NaN,,NaN,true,NaN,,NaN,,,,,,true,,,,,,,,2025-08-09 13:36:36.994,35:20.751,,,93.3,36.5,,,NaN,
bfwi3pjyg3whbn0tpsz19e8hq,Aarhus Fremad,2832895425,318,14,1,37,19,M. Kubel,az9olsp7tglzt73awei9a4cgk,1,89.0,62.7,2025-08-09T12:38:35.895,2025-08-09T12:39:45,1.0,"{""id"": 5828403109, ""qualifierId"": 103, ""value"": ""4.4""}",bz643lzprqlrae9a4u3bkwydw,Aarhus Fremad vs Hillerød,1_Division,2025-08-09,DNK,NaN,true,NaN,true,NaN,NaN,NaN,NaN,true,Center,NaN,NaN,NaN,,NaN,true,NaN,NaN,NaN,NaN,NaN,NaN,,44.8,4.4,NaN,NaN,NaN,NaN,NaN,NaN,,true,98.9,50.5,NaN,,0.1902608871459961,0.0,,1,2,NaN,NaN,,,,,,,,true,,,,NaN,,NaN,NaN,NaN,,NaN,,,,,,NaN,,,,,,,,NaN,NaN,,,NaN,NaN,,,NaN,
bfwi3pjyg3whbn0tpsz19e8hq,Aarhus Fremad,2832898177,347,13,1,40,56,K. Andersen,f1mn7hl9ythw3bblz9lguqtjo,1,85.1,71.1,2025-08-09T12:42:12.613,2025-08-09T12:43:21,1.0,"{""id"": 5828418125, ""qualifierId"": 81}",bz643lzprqlrae9a4u3bkwydw,Aarhus Fremad vs Hillerød,1_Division,2025-08-09,DNK,NaN,NaN,NaN,true,NaN,NaN,true,NaN,true,Center,NaN,true,NaN,,NaN,NaN,NaN,NaN,NaN,true,NaN,NaN,,37.6,50,NaN,NaN,NaN,NaN,NaN,true,,NaN,98.5,52.7,NaN,,0.023494815453886986,0.0,,2,3,NaN,NaN,,,,,,,,NaN,,,,NaN,,NaN,NaN,NaN,,NaN,,,,,,NaN,,,,,,,,NaN,NaN,,,NaN,NaN,,,NaN,
bfwi3pjyg3whbn0tpsz19e8hq,Aarhus Fremad,2832901355,376,13,1,44,45,K. Andersen,f1mn7hl9ythw3bblz9lguqtjo,1,88.7,45.2,2025-08-09T12:46:02.145,2025-08-09T12:47:12,1.0,"{""id"": 5828435817, ""qualifierId"": 24}",bz643lzprqlrae9a4u3bkwydw,Aarhus Fremad vs Hillerød,1_Division,2025-08-09,DNK,true,true,NaN,NaN,NaN,true,NaN,NaN,true,Center,NaN,NaN,NaN,,NaN,NaN,NaN,NaN,NaN,NaN,NaN,true,,41.8,15.3,NaN,NaN,NaN,NaN,NaN,true,,NaN,98.1,50.2,NaN,,0.03170981630682945,0.0,,3,2,true,NaN,,,,,,,,NaN,,,,NaN,,NaN,NaN,NaN,,NaN,,,,,,NaN,,,,,,,,NaN,NaN,,,NaN,NaN,,,NaN,
aqtkb4mgrz8c6iqfufj6qjbv9,Hillerød,2832913445,443,13,2,45,54,C. Allen,81gka3mi69fh8gyehyy8xo9as,1,93.0,61.3,2025-08-09T13:04:16.080,2025-08-09T13:08:29,1.0,"{""id"": 5828502609, ""qualifierId"": 56, ""value"": ""Center""}",bz643lzprqlrae9a4u3bkwydw,Aarhus Fremad vs Hillerød,1_Division,2025-08-09,DNK,true,true,NaN,NaN,NaN,NaN,true,NaN,true,Center,NaN,NaN,NaN,,NaN,NaN,NaN,NaN,NaN,NaN,NaN,NaN,,58.7,12.5,NaN,NaN,95.4,53.6,true,true,,NaN,99.5,52.3,NaN,,0.022043943405151367,0.0,,3,2,true,NaN,,,,,,,,NaN,,,,NaN,,NaN,NaN,true,,NaN,,,,,,NaN,,,,,,,,NaN,NaN,,,NaN,NaN,,,NaN,
aqtkb4mgrz8c6iqfufj6qjbv9,Hillerød,2832914549,455,13,2,47,11,A. Justinussen,uiyol728wan4mxco2foplknp,1,73.5,55.2,2025-08-09T13:05:33.608,2025-08-09T13:06:40,NaN,"{""id"": 5828509477, ""qualifierId"": 102, ""value"": ""46.2""}",bz643lzprqlrae9a4u3bkwydw,Aarhus Fremad vs Hillerød,1_Division,2025-08-09,DNK,NaN,NaN,true,true,NaN,NaN,NaN,true,NaN,Center,NaN,NaN,NaN,,true,NaN,NaN,NaN,NaN,NaN,NaN,NaN,,46.2,86.1,NaN,NaN,NaN,NaN,NaN,NaN,,NaN,99.8,49.5,NaN,,0.05012787878513336,0.0,,1,3,NaN,true,,,,,,,,NaN,,,,NaN,,NaN,NaN,NaN,,NaN,,,,,,NaN,,,,,,,,NaN,NaN,,,NaN,NaN,,,NaN,
aqtkb4mgrz8c6iqfufj6qjbv9,Hillerød,2832916301,468,15,2,49,18,S. Jalaei,e0u730to91qqtvvx16uhajz10,1,85.2,71.6,2025-08-09T13:07:40.356,2025-08-09T13:09:05,NaN,"{""id"": 5836507647, ""qualifierId"": 64}",bz643lzprqlrae9a4u3bkwydw,Aarhus Fremad vs Hillerød,1_Division,2025-08-09,DNK,NaN,NaN,NaN,true,true,NaN,NaN,NaN,NaN,Center,NaN,true,NaN,,NaN,NaN,NaN,NaN,true,NaN,true,NaN,,51.4,19,NaN,NaN,87.9,66.6,NaN,NaN,,true,96.3,55.4,428,,0.03379848971962929,0.0,,2,2,NaN,true,,,,,,,,NaN,,,,NaN,,NaN,NaN,NaN,,NaN,,,,,,NaN,,,,,,,,NaN,NaN,,,NaN,NaN,,,NaN,
aqtkb4mgrz8c6iqfufj6qjbv9,Hillerød,2832918227,493,16,2,51,20,A. Justinussen,uiyol728wan4mxco2foplknp,1,94.9,50.5,2025-08-09T13:09:42.538,2025-08-12T01:29:16,1.0,"{""id"": 5828532305, ""qualifierId"": 29}",bz643lzprqlrae9a4u3bkwydw,Aarhus Fremad vs Hillerød,1_Division,2025-08-09,DNK,true,NaN,NaN,NaN,true,NaN,NaN,NaN,true,Center,NaN,NaN,NaN,,NaN,NaN,true,NaN,NaN,NaN,NaN,NaN,,54.5,10.8,NaN,NaN,NaN,NaN,NaN,true,,NaN,98.6,49.6,NaN,,0.5274298787117004,0.9821033477783203,,1,1,true,NaN,,,,,,,,NaN,,,,true,,NaN,NaN,NaN,,NaN,,,,,,true,,,,,,,,2025-08-09 14:09:42.216,51:20.552,,,98.6,49.6,,,NaN,
bfwi3pjyg3whbn0tpsz19e8hq,Aarhus Fremad,2832923041,516,15,2,57,2,O. Olalere,bv78sm66yinm0hdoawecai5g4,1,91.6,34.6,2025-08-09T13:15:23.885,2025-08-09T13:17:32,1.0,"{""id"": 5828562343, ""qualifierId"": 103, ""value"": ""19""}",bz643lzprqlrae9a4u3bkwydw,Aarhus Fremad vs Hillerød,1_Division,2025-08-09,DNK,NaN,NaN,NaN,NaN,NaN,NaN,true,NaN,true,Center,true,NaN,true,,NaN,NaN,NaN,NaN,NaN,NaN,true,NaN,,47.8,19,NaN,true,96.7,42.6,NaN,true,,NaN,98.4,46.9,NaN,,0.06819292157888412,0.0,,2,2,NaN,NaN,,,,,,,,NaN,,,,NaN,,NaN,true,NaN,,true,,,,,,NaN,,,,,,,,NaN,NaN,,,NaN,NaN,,,NaN,
bfwi3pjyg3whbn0tpsz19e8hq,Aarhus Fremad,2832925283,533,16,2,59,3,K. Andersen,f1mn7hl9ythw3bblz9lguqtjo,1,92.7,49.5,2025-08-09T13:17:25.349,2025-08-12T01:29:17,1.0,"{""id"": 5828571785, ""qualifierId"": 321, ""value"": ""0.16551610827445984""}",bz643lzprqlrae9a4u3bkwydw,Aarhus Fremad vs Hillerød,1_Division,2025-08-09,DNK,NaN,true,NaN,NaN,NaN,true,NaN,NaN,true,Center,NaN,NaN,true,,NaN,NaN,NaN,NaN,true,NaN,NaN,NaN,,49.9,6.3,NaN,NaN,NaN,NaN,NaN,true,,NaN,99.1,50.5,NaN,,0.16551610827445984,0.15767265856266022,,3,2,NaN,NaN,,,,,,,,NaN,,,,NaN,,NaN,NaN,NaN,,NaN,,,,,,true,,,,,,,,2025-08-09 14:17:24.889,59:03.225,,,1.0,49.8,,,NaN,
aqtkb4mgrz8c6iqfufj6qjbv9,Hillerød,2832934377,644,15,2,71,8,L. Bøje-Larsen,elsygne5tjybbxrqgehtovnro,1,89.6,63.1,2025-08-09T13:29:30.562,2025-08-12T02:29:18,1.0,"{""id"": 5828620597, ""qualifierId"": 233, ""value"": ""624""}",bz643lzprqlrae9a4u3bkwydw,Aarhus Fremad vs Hillerød,1_Division,2025-08-09,DNK,NaN,NaN,NaN,true,true,NaN,NaN,NaN,true,Center,NaN,true,NaN,,NaN,NaN,NaN,NaN,true,NaN,NaN,NaN,,51.3,3.2,NaN,NaN,96.7,53.6,NaN,true,,NaN,NaN,NaN,624,,0.14780361950397491,0.2098163664340973,,1,2,true,NaN,,,,,,,,NaN,,,,NaN,,NaN,NaN,NaN,,NaN,,,,,,true,,,,,,,,NaN,NaN,,,NaN,NaN,,,NaN,
aqtkb4mgrz8c6iqfufj6qjbv9,Hillerød,2832934705,648,15,2,71,41,A. Justinussen,uiyol728wan4mxco2foplknp,1,85.0,70.7,2025-08-09T13:30:02.871,2025-08-12T02:29:22,1.0,"{""id"": 5828622341, ""qualifierId"": 321, ""value"": ""0.018184438347816467""}",bz643lzprqlrae9a4u3bkwydw,Aarhus Fremad vs Hillerød,1_Division,2025-08-09,DNK,NaN,NaN,NaN,true,NaN,NaN,true,NaN,true,Center,NaN,true,NaN,,NaN,NaN,NaN,NaN,NaN,NaN,NaN,NaN,,48.3,31.0,true,NaN,98.6,50.2,NaN,true,,NaN,NaN,NaN,629,,0.018184438347816467,0.06999806314706802,,2,2,true,NaN,,,,,,,,NaN,,,,NaN,,true,NaN,NaN,,NaN,,,,,,NaN,,,,,,,,NaN,NaN,,,NaN,NaN,,,NaN,
bfwi3pjyg3whbn0tpsz19e8hq,Aarhus Fremad,2832936783,667,15,2,75,24,M. Kaastrup,9nafz0c0x2qvmo5ldm0djmcq1,1,90.5,72.0,2025-08-09T13:33:46,2025-08-09T14:01:00,1.0,"{""id"": 5828702099, ""qualifierId"": 64}",bz643lzprqlrae9a4u3bkwydw,Aarhus Fremad vs Hillerød,1_Division,2025-08-09,DNK,NaN,NaN,NaN,true,true,NaN,NaN,NaN,true,Center,NaN,true,NaN,,NaN,NaN,true,NaN,NaN,NaN,true,NaN,,53.6,19,NaN,NaN,92.9,67.3,NaN,NaN,,true,98.8,55.1,689,,0.035038527101278305,0.0,,2,2,NaN,NaN,,,,,,,,NaN,,,,NaN,,NaN,NaN,NaN,,NaN,,,,,,NaN,,,,,,,,NaN,NaN,,,NaN,NaN,,,NaN,
bfwi3pjyg3whbn0tpsz19e8hq,Aarhus Fremad,2832938473,695,13,2,78,22,Magnus Kirchheiner,5q7msbcrmtsr3b7tykgb6l05w,1,72.8,53.6,2025-08-09T13:36:44.523,2025-08-09T13:37:52,1.0,"{""id"": 5836555353, ""qualifierId"": 74}",bz643lzprqlrae9a4u3bkwydw,Aarhus Fremad vs Hillerød,1_Division,2025-08-09,DNK,NaN,NaN,true,true,true,NaN,NaN,NaN,true,Center,NaN,NaN,NaN,,true,NaN,NaN,NaN,NaN,NaN,NaN,NaN,,45.0,70.8,NaN,NaN,NaN,NaN,NaN,NaN,,true,97.5,50.5,NaN,,0.027509476989507675,0.0,,1,2,NaN,NaN,,,,,,,,NaN,,,,NaN,,NaN,NaN,NaN,,NaN,,,,,,NaN,,,,,,,,NaN,NaN,,,NaN,NaN,,,NaN,
bfwi3pjyg3whbn0tpsz19e8hq,Aarhus Fremad,2832939739,719,15,2,80,45,Ó. Hjaltason,a5alop4wg4qwwu812pfskfjtg,1,77.6,54.2,2025-08-09T13:39:06.961,2025-08-12T02:29:21,NaN,"{""id"": 5828650541, ""qualifierId"": 56, ""value"": ""Center""}",bz643lzprqlrae9a4u3bkwydw,Aarhus Fremad vs Hillerød,1_Division,2025-08-09,DNK,NaN,NaN,true,true,true,NaN,NaN,NaN,NaN,Center,NaN,NaN,NaN,,NaN,NaN,true,NaN,NaN,NaN,NaN,NaN,,52.4,1.9,NaN,NaN,96.0,49.5,NaN,NaN,,true,NaN,NaN,733,,0.05335203558206558,0.1734495908021927,,2,2,NaN,true,,,,,,,,NaN,,,,NaN,,NaN,NaN,NaN,,NaN,,,,,,NaN,,,,,,,,NaN,NaN,,,NaN,NaN,,,NaN,
aqtkb4mgrz8c6iqfufj6qjbv9,Hillerød,2832941865,755,15,2,84,52,J. Witt,5z7y55t2o577r8ki3i5855as,1,87.3,49.9,2025-08-09T13:43:14.322,2025-08-12T02:29:18,1.0,"{""id"": 5828662655, ""qualifierId"": 322, ""value"": ""0.38791337609291077""}",bz643lzprqlrae9a4u3bkwydw,Aarhus Fremad vs Hillerød,1_Division,2025-08-09,DNK,true,true,NaN,NaN,NaN,NaN,true,NaN,true,Center,NaN,NaN,NaN,,NaN,NaN,NaN,true,NaN,NaN,NaN,NaN,,53.6,27.2,NaN,NaN,97.3,50.0,NaN,true,,NaN,NaN,NaN,749,,0.025972919538617134,0.38791337609291077,,2,3,true,NaN,,,,,,,,NaN,,,,NaN,,NaN,NaN,NaN,,NaN,,,,,,NaN,,,,,,,,NaN,NaN,,,NaN,NaN,,,NaN,
bfwi3pjyg3whbn0tpsz19e8hq,Aarhus Fremad,2832943243,780,15,2,87,19,K. Lunding,6zxcmzp7w6esj54g05tvk7ai1,1,91.1,33.3,2025-08-09T13:45:41.210,2025-08-12T02:29:20,1.0,"{""id"": 5836562773, ""qualifierId"": 89}",bz643lzprqlrae9a4u3bkwydw,Aarhus Fremad vs Hillerød,1_Division,2025-08-09,DNK,NaN,NaN,NaN,NaN,true,NaN,NaN,NaN,true,Center,true,NaN,true,,NaN,NaN,NaN,NaN,true,NaN,NaN,NaN,,50.0,3.2,NaN,NaN,93.2,37.0,NaN,true,,NaN,NaN,NaN,782,,0.06958620250225067,0.1159137561917305,,3,2,NaN,NaN,,,,,,,,NaN,,,,NaN,,NaN,NaN,NaN,,NaN,,,,,,true,,,,,,,,NaN,NaN,,,NaN,NaN,,,true,
anga7587r1zv4ey71ge9zxol3,Lyngby,2831059519,33,13,1,4,44,M. Warming,diwrq7ulrey4juxk4dafct0q1,1,91.1,62.4,2025-08-02T12:05:57.426,2025-08-02T12:09:29,NaN,"{""id"": 5818129565, ""qualifierId"": 326, ""value"": ""3""}",bxpm9jzr611txx6e47jnhg104,Aarhus Fremad vs Lyngby,1_Division,2025-08-02,DNK,NaN,true,NaN,NaN,true,NaN,NaN,,NaN,Center,NaN,NaN,true,NaN,NaN,NaN,NaN,NaN,NaN,NaN,NaN,,,57.6,16.7,NaN,,NaN,NaN,NaN,NaN,,NaN,99.0,53.3,NaN,,0.06685159355401993,0.0,NaN,3,2,true,true,,,,,,,,NaN,,,,NaN,,NaN,NaN,true,,NaN,,,NaN,,,NaN,,,,,,,,NaN,NaN,,NaN,NaN,NaN,NaN,,NaN,NaN
anga7587r1zv4ey71ge9zxol3,Lyngby,2831061103,63,13,1,8,21,M. Warming,diwrq7ulrey4juxk4dafct0q1,1,86.2,55.8,2025-08-02T12:09:34.015,2025-08-02T12:10:47,NaN,"{""id"": 5818138405, ""qualifierId"": 326, ""value"": ""3""}",bxpm9jzr611txx6e47jnhg104,Aarhus Fremad vs Lyngby,1_Division,2025-08-02,DNK,NaN,true,NaN,true,true,NaN,NaN,,NaN,Center,NaN,NaN,NaN,NaN,NaN,NaN,NaN,true,NaN,NaN,NaN,,,60.2,62.5,NaN,,NaN,NaN,NaN,NaN,,NaN,98.8,51.3,NaN,,0.06851702928543091,0.0,NaN,3,2,true,true,,,,,,,,NaN,,,,NaN,,NaN,NaN,NaN,,NaN,,,NaN,,,NaN,,,,,,,,NaN,NaN,,NaN,NaN,NaN,NaN,,NaN,NaN
anga7587r1zv4ey71ge9zxol3,Lyngby,2831062727,93,16,1,11,29,M. Warming,diwrq7ulrey4juxk4dafct0q1,1,87.6,38.2,2025-08-02T12:12:42.310,2025-08-06T15:29:10,1.0,"{""id"": 5818148663, ""qualifierId"": 76}",bxpm9jzr611txx6e47jnhg104,Aarhus Fremad vs Lyngby,1_Division,2025-08-02,DNK,NaN,true,NaN,true,NaN,NaN,NaN,,true,Center,NaN,NaN,NaN,NaN,NaN,NaN,true,NaN,NaN,NaN,NaN,,,52.6,2.5,NaN,,NaN,NaN,NaN,true,,NaN,91.1,41.2,NaN,,0.10412795096635818,0.3696000576019287,NaN,3,2,true,NaN,,,,,,,,true,,,,NaN,,NaN,NaN,NaN,,NaN,,,NaN,,,true,,,,,,,,2025-08-02 13:12:41.392,11:28.608,,NaN,10.3,60.5,NaN,,true,NaN
bfwi3pjyg3whbn0tpsz19e8hq,Aarhus Fremad,2831064423,209,13,1,15,56,S. Bækgård,5o1k2hd9rdooxpjgbnabuh94a,1,76.2,47.4,2025-08-02T12:17:09.223,2025-08-02T12:18:21,1.0,"{""id"": 5818157585, ""qualifierId"": 22}",bxpm9jzr611txx6e47jnhg104,Aarhus Fremad vs Lyngby,1_Division,2025-08-02,DNK,NaN,NaN,true,true,true,NaN,NaN,,true,Center,NaN,NaN,NaN,true,NaN,NaN,NaN,NaN,NaN,NaN,NaN,,,59.3,8.3,NaN,,NaN,NaN,NaN,NaN,,true,99.4,51.4,NaN,,0.030104337260127068,0.0,NaN,2,3,true,NaN,,,,,,,,NaN,,,,NaN,,NaN,NaN,NaN,,NaN,,,NaN,,,NaN,,,,,,,,NaN,NaN,,NaN,NaN,NaN,NaN,,NaN,NaN
bfwi3pjyg3whbn0tpsz19e8hq,Aarhus Fremad,2831066007,250,15,1,19,34,M. Kubel,az9olsp7tglzt73awei9a4cgk,1,89.2,66.0,2025-08-02T12:20:47.037,2025-08-06T15:29:11,1.0,"{""id"": 5818166559, ""qualifierId"": 56, ""value"": ""Center""}",bxpm9jzr611txx6e47jnhg104,Aarhus Fremad vs Lyngby,1_Division,2025-08-02,DNK,NaN,NaN,NaN,true,true,NaN,NaN,,true,Center,NaN,true,NaN,NaN,NaN,NaN,true,NaN,NaN,NaN,NaN,,,52.4,5.7,NaN,,99.3,52.2,NaN,NaN,,NaN,NaN,NaN,142,,0.06566218286752701,0.09588110446929932,NaN,2,2,NaN,NaN,,,,,,,,NaN,,,,NaN,,NaN,NaN,NaN,,NaN,,,NaN,,,NaN,,,,,,,,NaN,NaN,,NaN,NaN,NaN,NaN,,NaN,NaN
anga7587r1zv4ey71ge9zxol3,Lyngby,2831073507,285,15,1,38,17,M. Ivančević,eq15hjcxpdrl5vca2q7s4tr3e,1,91.7,33.6,2025-08-02T12:39:30.159,2025-08-02T12:40:43,NaN,"{""id"": 5818209889, ""qualifierId"": 146, ""value"": ""94.7""}",bxpm9jzr611txx6e47jnhg104,Aarhus Fremad vs Lyngby,1_Division,2025-08-02,DNK,NaN,NaN,NaN,true,NaN,NaN,true,,NaN,Center,true,NaN,NaN,NaN,NaN,NaN,NaN,NaN,NaN,NaN,true,,,47.4,19,true,,94.7,38.6,NaN,NaN,,NaN,99.0,47.7,415,,0.030655980110168457,0.0,NaN,2,3,true,true,,,,,,,,NaN,,,,NaN,,NaN,true,NaN,,true,,,NaN,,,NaN,,,,,,,,NaN,NaN,,NaN,NaN,NaN,NaN,,NaN,NaN
anga7587r1zv4ey71ge9zxol3,Lyngby,2831075357,343,15,1,38,14,O. Buur,8822s8ns7oyvjqade4oaxzg0l,1,87.5,38.7,2025-08-02T12:39:27.486,2025-08-02T12:45:53,1.0,"{""id"": 5818221609, ""qualifierId"": 230, ""value"": ""98.6""}",bxpm9jzr611txx6e47jnhg104,Aarhus Fremad vs Lyngby,1_Division,2025-08-02,DNK,NaN,true,NaN,true,NaN,NaN,true,,true,Center,NaN,NaN,NaN,NaN,NaN,NaN,NaN,NaN,NaN,NaN,true,,,48.2,19,NaN,,95.5,44.8,NaN,true,,NaN,98.6,47.7,413,,0.048580609261989594,0.0,NaN,2,3,true,NaN,,,,,,,,NaN,,,,NaN,,NaN,true,NaN,,true,,,NaN,,,NaN,,,,,,,,NaN,NaN,,NaN,NaN,NaN,NaN,,NaN,NaN
bfwi3pjyg3whbn0tpsz19e8hq,Aarhus Fremad,2831070467,345,13,1,30,34,A. Pisani,2lvlyvfvdoz7kyqtib6jm9btg,1,90.5,57.0,2025-08-02T12:31:47.357,2025-08-02T12:33:03,1.0,"{""id"": 5818192353, ""qualifierId"": 29}",bxpm9jzr611txx6e47jnhg104,Aarhus Fremad vs Lyngby,1_Division,2025-08-02,DNK,true,true,NaN,NaN,NaN,true,NaN,,true,Center,NaN,NaN,NaN,NaN,NaN,NaN,NaN,NaN,NaN,NaN,NaN,,,56.6,13.9,NaN,,NaN,NaN,NaN,true,,NaN,97.8,50.7,NaN,,0.039370231330394745,0.0,NaN,3,2,true,NaN,,,,,,,,NaN,,,,NaN,,NaN,NaN,true,,NaN,,,NaN,,,NaN,,,,,,,,NaN,NaN,,NaN,NaN,NaN,NaN,,NaN,NaN
bfwi3pjyg3whbn0tpsz19e8hq,Aarhus Fremad,2831070973,356,13,1,32,13,K. Lunding,6zxcmzp7w6esj54g05tvk7ai1,1,78.1,36.8,2025-08-02T12:33:26.228,2025-08-02T12:34:34,1.0,"{""id"": 5818195091, ""qualifierId"": 72}",bxpm9jzr611txx6e47jnhg104,Aarhus Fremad vs Lyngby,1_Division,2025-08-02,DNK,NaN,NaN,true,NaN,true,NaN,NaN,,true,Center,NaN,NaN,true,true,NaN,NaN,NaN,NaN,NaN,NaN,NaN,,,60.7,22.2,NaN,,NaN,NaN,NaN,NaN,,true,97.7,50.5,NaN,,0.04387595131993294,0.0,NaN,2,2,NaN,NaN,,,,,,,,NaN,,,,NaN,,NaN,NaN,NaN,,NaN,,,true,,,NaN,,,,,,,,NaN,NaN,,NaN,NaN,NaN,NaN,,NaN,NaN
bfwi3pjyg3whbn0tpsz19e8hq,Aarhus Fremad,2831072179,392,15,1,35,13,E. Egerton,8rqctff92ui8fanzbk6skyyac,1,84.7,52.6,2025-08-02T12:36:26.284,2025-08-06T15:29:09,1.0,"{""id"": 5818202059, ""qualifierId"": 56, ""value"": ""Center""}",bxpm9jzr611txx6e47jnhg104,Aarhus Fremad vs Lyngby,1_Division,2025-08-02,DNK,NaN,true,NaN,true,true,NaN,NaN,,true,Center,NaN,NaN,NaN,NaN,NaN,NaN,NaN,NaN,true,NaN,true,,,49.5,19,NaN,,88.6,51.8,NaN,NaN,,NaN,98.8,50,767,,0.08999825268983841,0.0,NaN,2,3,true,NaN,,,,,,,,NaN,,,,NaN,,NaN,NaN,NaN,,NaN,,,NaN,,,NaN,,,,,,,,NaN,NaN,,NaN,NaN,NaN,NaN,,NaN,NaN
bfwi3pjyg3whbn0tpsz19e8hq,Aarhus Fremad,2831072435,397,15,1,35,57,M. Kubel,az9olsp7tglzt73awei9a4cgk,1,91.4,67.5,2025-08-02T12:37:09.924,2025-08-06T15:29:07,NaN,"{""id"": 5818203635, ""qualifierId"": 64}",bxpm9jzr611txx6e47jnhg104,Aarhus Fremad vs Lyngby,1_Division,2025-08-02,DNK,NaN,NaN,NaN,NaN,NaN,NaN,true,,NaN,Center,NaN,true,true,NaN,NaN,NaN,true,NaN,NaN,NaN,NaN,,,53.2,4.4,NaN,,98.4,53.4,NaN,NaN,,NaN,NaN,NaN,257,,0.03393418714404106,0.18768393993377686,NaN,2,2,true,true,,,,,,,,NaN,,,,NaN,,NaN,NaN,NaN,,NaN,,,NaN,,,NaN,,,,,,,,NaN,NaN,,NaN,NaN,NaN,NaN,,NaN,NaN
anga7587r1zv4ey71ge9zxol3,Lyngby,2831089339,546,15,2,64,47,M. Hebo,b13l1wrb747y9cdc8wqltan6d,1,84.3,38.5,2025-08-02T13:22:01.262,2025-08-02T13:23:35,1.0,"{""id"": 5818300511, ""qualifierId"": 102, ""value"": ""51.4""}",bxpm9jzr611txx6e47jnhg104,Aarhus Fremad vs Lyngby,1_Division,2025-08-02,DNK,NaN,true,NaN,true,true,NaN,NaN,,true,Center,NaN,NaN,NaN,NaN,NaN,NaN,NaN,NaN,true,NaN,true,,,51.4,19,NaN,,93.0,45.7,NaN,true,,NaN,98.0,47.1,667,,0.057357411831617355,0.0,NaN,2,3,true,NaN,,,,,,,,NaN,,,,NaN,,NaN,NaN,NaN,,NaN,,,NaN,,,NaN,,,,,,,,NaN,NaN,,NaN,NaN,NaN,NaN,,NaN,NaN
anga7587r1zv4ey71ge9zxol3,Lyngby,2831089553,549,15,2,65,35,J. Meyer,839pm7rmjp6q1bt52f7ek9vys,1,89.9,42.1,2025-08-02T13:22:49.462,2025-08-06T16:23:43,1.0,"{""id"": 5818304401, ""qualifierId"": 147, ""value"": ""49.5""}",bxpm9jzr611txx6e47jnhg104,Aarhus Fremad vs Lyngby,1_Division,2025-08-02,DNK,true,true,NaN,NaN,NaN,NaN,true,,true,Center,NaN,NaN,NaN,NaN,NaN,NaN,NaN,NaN,NaN,NaN,NaN,,,50.5,23.4,NaN,,99.1,49.5,NaN,true,,NaN,NaN,NaN,670,,0.030396467074751854,0.017992839217185974,NaN,1,3,true,NaN,,,,,,,,NaN,,,,NaN,,true,NaN,NaN,,NaN,,,NaN,,,NaN,,,,,,,,NaN,NaN,,NaN,NaN,NaN,NaN,,NaN,NaN
bfwi3pjyg3whbn0tpsz19e8hq,Aarhus Fremad,2831084325,554,14,2,51,55,S. Bækgård,5o1k2hd9rdooxpjgbnabuh94a,1,81.9,52.6,2025-08-02T13:09:08.670,2025-08-02T13:10:37,1.0,"{""id"": 5818272569, ""qualifierId"": 29}",bxpm9jzr611txx6e47jnhg104,Aarhus Fremad vs Lyngby,1_Division,2025-08-02,DNK,NaN,NaN,true,true,true,NaN,NaN,,true,Center,NaN,NaN,NaN,NaN,true,NaN,NaN,NaN,NaN,NaN,NaN,,,47.6,39.2,NaN,,NaN,NaN,NaN,true,,NaN,98.4,48.7,NaN,,0.07901012152433395,0.0,NaN,2,2,true,NaN,,,,,,,,NaN,,,,NaN,,NaN,NaN,NaN,,NaN,,,NaN,,,NaN,,,,,,,,NaN,NaN,,NaN,NaN,NaN,NaN,,NaN,NaN
bfwi3pjyg3whbn0tpsz19e8hq,Aarhus Fremad,2831085455,575,13,2,54,54,M. Kubel,az9olsp7tglzt73awei9a4cgk,1,86.7,55.0,2025-08-02T13:12:08.317,2025-08-02T13:13:15,1.0,"{""id"": 5818277883, ""qualifierId"": 22}",bxpm9jzr611txx6e47jnhg104,Aarhus Fremad vs Lyngby,1_Division,2025-08-02,DNK,NaN,true,NaN,true,true,NaN,NaN,,true,Center,NaN,NaN,NaN,NaN,true,NaN,NaN,NaN,NaN,NaN,NaN,,,49.6,70.8,NaN,,NaN,NaN,NaN,NaN,,true,97.5,50.7,NaN,,0.1449318379163742,0.0,NaN,2,2,NaN,NaN,,,,,,,,NaN,,,,NaN,,NaN,NaN,NaN,,NaN,,,NaN,,,NaN,,,,,,,,NaN,NaN,,NaN,NaN,NaN,768,,NaN,NaN
anga7587r1zv4ey71ge9zxol3,Lyngby,2831090753,583,15,2,68,53,G. Fraulo,6zhj070huc77sl5o5bx6ey5g4,1,71.8,52.3,2025-08-02T13:26:06.885,2025-08-06T16:23:44,1.0,"{""id"": 5818308097, ""qualifierId"": 233, ""value"": ""702""}",bxpm9jzr611txx6e47jnhg104,Aarhus Fremad vs Lyngby,1_Division,2025-08-02,DNK,NaN,NaN,true,true,true,NaN,NaN,,true,Center,NaN,NaN,NaN,NaN,NaN,NaN,NaN,NaN,NaN,NaN,NaN,,,50.3,27.8,NaN,,99.0,49.5,NaN,NaN,,true,NaN,NaN,702,,0.025445954874157906,0.026860011741518974,NaN,1,2,NaN,NaN,,,,,,,,NaN,,,,NaN,,true,NaN,NaN,,NaN,,,NaN,,,NaN,,,,,,,,NaN,NaN,,NaN,NaN,NaN,NaN,,NaN,NaN
anga7587r1zv4ey71ge9zxol3,Lyngby,2831096367,686,15,2,87,29,J. Cornelius,8gdfn7j6xac9p4jh94hk40jdg,1,89.6,62.4,2025-08-02T13:44:43.499,2025-08-02T13:46:09,NaN,"{""id"": 5825051871, ""qualifierId"": 78}",bxpm9jzr611txx6e47jnhg104,Aarhus Fremad vs Lyngby,1_Division,2025-08-02,DNK,NaN,true,NaN,true,NaN,NaN,true,,NaN,Center,NaN,NaN,NaN,NaN,NaN,NaN,NaN,NaN,true,NaN,true,,,51.4,19,NaN,,93.3,58.5,NaN,NaN,,NaN,99.3,50.5,892,,0.06622838973999023,0.0,NaN,2,3,NaN,true,,,,,,,,NaN,,,,NaN,,NaN,NaN,NaN,,NaN,,,NaN,,,NaN,,,,,,,,NaN,NaN,,NaN,NaN,NaN,NaN,,NaN,NaN
anga7587r1zv4ey71ge9zxol3,Lyngby,2831096683,692,16,2,88,10,B. Blume,1acmsp1ulfijcrryff1qibdud,1,96.2,50.1,2025-08-02T13:45:24.014,2025-08-06T16:23:43,1.0,"{""id"": 5823640473, ""qualifierId"": 396, ""value"": ""50.4""}",bxpm9jzr611txx6e47jnhg104,Aarhus Fremad vs Lyngby,1_Division,2025-08-02,DNK,NaN,NaN,NaN,true,NaN,NaN,true,,true,Center,NaN,NaN,NaN,NaN,NaN,NaN,NaN,NaN,NaN,NaN,NaN,,,49.4,31.6,true,,NaN,NaN,NaN,true,,NaN,99.1,50.2,NaN,,0.3376117944717407,0.6751227974891663,NaN,3,2,NaN,NaN,,,,,,,,NaN,,,,true,,true,NaN,NaN,,NaN,,,NaN,,,NaN,,,,,,,,2025-08-02 14:45:23.775,88:10.220,,NaN,99.0,50.4,NaN,,NaN,NaN
anga7587r1zv4ey71ge9zxol3,Lyngby,2831096863,696,13,2,89,57,J. Cornelius,8gdfn7j6xac9p4jh94hk40jdg,1,93.1,30.1,2025-08-02T13:47:10.886,2025-08-02T13:48:19,1.0,"{""id"": 5825052077, ""qualifierId"": 215}",bxpm9jzr611txx6e47jnhg104,Aarhus Fremad vs Lyngby,1_Division,2025-08-02,DNK,NaN,NaN,NaN,true,true,NaN,NaN,,true,Center,true,NaN,NaN,true,NaN,NaN,NaN,NaN,NaN,NaN,NaN,,,66.2,6.9,NaN,,NaN,NaN,NaN,NaN,,true,95.5,37.2,NaN,,0.13200044631958008,0.0,NaN,2,1,NaN,NaN,,,,,,,,NaN,,,,NaN,,NaN,NaN,NaN,,NaN,,,NaN,,,true,,,,,,,,NaN,NaN,,NaN,NaN,NaN,NaN,,NaN,NaN
anga7587r1zv4ey71ge9zxol3,Lyngby,2831097255,712,13,2,91,47,W. Steindorsson,9kxm9u9x44fkygeh5xpag7pqs,1,22.9,64.8,2025-08-02T13:49:01.318,2025-08-02T13:50:07,NaN,"{""id"": 5818346051, ""qualifierId"": 20}",bxpm9jzr611txx6e47jnhg104,Aarhus Fremad vs Lyngby,1_Division,2025-08-02,DNK,NaN,NaN,NaN,true,NaN,NaN,NaN,,NaN,Back,NaN,NaN,NaN,NaN,NaN,true,NaN,NaN,NaN,NaN,NaN,,,36.5,26.4,NaN,,71.5,43.3,true,NaN,,true,72.1,46.4,NaN,,0.06699512898921967,0.0,NaN,2,2,NaN,true,,,,,,,,true,,,,NaN,,NaN,NaN,NaN,,NaN,,,NaN,,,NaN,,,,,,,,NaN,NaN,,NaN,NaN,NaN,NaN,,NaN,true
bfwi3pjyg3whbn0tpsz19e8hq,Aarhus Fremad,2831092037,746,13,2,72,15,M. Kaastrup,9nafz0c0x2qvmo5ldm0djmcq1,1,75.2,64.2,2025-08-02T13:29:29.042,2025-08-02T13:30:36,1.0,"{""id"": 5818315387, ""qualifierId"": 321, ""value"": ""0.025757040828466415""}",bxpm9jzr611txx6e47jnhg104,Aarhus Fremad vs Lyngby,1_Division,2025-08-02,DNK,NaN,NaN,true,true,true,NaN,NaN,,true,Center,NaN,NaN,NaN,NaN,NaN,NaN,NaN,NaN,NaN,true,NaN,,,37.6,75,NaN,,NaN,NaN,NaN,NaN,,true,99.7,48.0,NaN,,0.025757040828466415,0.0,NaN,2,3,NaN,NaN,,,,,,,,NaN,,,,NaN,,NaN,NaN,NaN,,NaN,,,NaN,,,NaN,,,,,,,,NaN,NaN,,NaN,NaN,NaN,NaN,,NaN,NaN
anga7587r1zv4ey71ge9zxol3,Lyngby,2831098075,748,15,2,96,22,J. Cornelius,8gdfn7j6xac9p4jh94hk40jdg,1,90.2,67.7,2025-08-02T13:53:35.973,2025-08-06T16:23:43,1.0,"{""id"": 5823653513, ""qualifierId"": 324}",bxpm9jzr611txx6e47jnhg104,Aarhus Fremad vs Lyngby,1_Division,2025-08-02,DNK,NaN,NaN,NaN,true,true,NaN,NaN,,true,Center,NaN,true,NaN,NaN,NaN,NaN,NaN,NaN,true,NaN,NaN,,,50.7,4.4,NaN,,94.9,59.8,NaN,NaN,,true,NaN,NaN,962,,0.24304547905921936,0.18480920791625977,true,1,1,NaN,NaN,,,,,,,,NaN,,,,NaN,,NaN,NaN,NaN,,NaN,,,NaN,,,true,,,,,,,,NaN,NaN,,NaN,NaN,NaN,NaN,,true,NaN
bfwi3pjyg3whbn0tpsz19e8hq,Aarhus Fremad,2831094357,830,15,2,80,22,Magnus Kirchheiner,5q7msbcrmtsr3b7tykgb6l05w,1,80.2,68.5,2025-08-02T13:37:36.313,2025-08-06T16:23:43,1.0,"{""id"": 5818329239, ""qualifierId"": 326, ""value"": ""1""}",bxpm9jzr611txx6e47jnhg104,Aarhus Fremad vs Lyngby,1_Division,2025-08-02,DNK,NaN,NaN,true,true,true,NaN,NaN,,true,Center,NaN,NaN,NaN,NaN,NaN,NaN,NaN,NaN,true,NaN,NaN,,,49.4,9.5,NaN,,98.5,52.5,NaN,NaN,,true,NaN,NaN,644,,0.04487219825387001,0.02284367009997368,NaN,1,2,NaN,NaN,,,,,,,,NaN,,,,NaN,,NaN,NaN,NaN,,NaN,,,NaN,,,NaN,,,,,,,,NaN,NaN,,NaN,NaN,NaN,NaN,,NaN,NaN
bfwi3pjyg3whbn0tpsz19e8hq,Aarhus Fremad,2831094731,845,15,2,81,40,M. Kubel,az9olsp7tglzt73awei9a4cgk,1,78.4,32.7,2025-08-02T13:38:53.673,2025-08-02T13:40:06,1.0,"{""id"": 5818331685, ""qualifierId"": 103, ""value"": ""19""}",bxpm9jzr611txx6e47jnhg104,Aarhus Fremad vs Lyngby,1_Division,2025-08-02,DNK,NaN,NaN,true,NaN,true,NaN,NaN,,true,Center,NaN,NaN,true,NaN,NaN,NaN,NaN,NaN,true,NaN,true,,,50.1,19,NaN,,87.3,39.9,NaN,true,,NaN,97.3,45.8,653,,0.05253022164106369,0.0,NaN,1,2,NaN,NaN,,,,,,,,NaN,,,,NaN,,NaN,NaN,NaN,,NaN,,,NaN,,,NaN,,,,,,,,NaN,NaN,,NaN,NaN,NaN,NaN,,NaN,NaN
bfwi3pjyg3whbn0tpsz19e8hq,Aarhus Fremad,2831097137,918,15,2,91,18,A. Pisani,2lvlyvfvdoz7kyqtib6jm9btg,1,81.8,57.0,2025-08-02T13:48:31.574,2025-08-02T13:49:40,NaN,"{""id"": 5818345335, ""qualifierId"": 25}",bxpm9jzr611txx6e47jnhg104,Aarhus Fremad vs Lyngby,1_Division,2025-08-02,DNK,NaN,NaN,true,NaN,NaN,NaN,true,,NaN,Center,NaN,NaN,true,NaN,NaN,NaN,NaN,NaN,true,NaN,true,,,50.5,19,NaN,,91.4,53.6,NaN,NaN,,NaN,99.3,50.4,709,,0.02085202932357788,0.0,NaN,3,3,NaN,true,,,,,,,,NaN,,,,NaN,,NaN,NaN,NaN,,NaN,,,NaN,,,NaN,,,,,,,,NaN,NaN,,NaN,NaN,NaN,NaN,,NaN,NaN
bfwi3pjyg3whbn0tpsz19e8hq,Aarhus Fremad,2831097363,928,13,2,92,14,K. Andersen,f1mn7hl9ythw3bblz9lguqtjo,1,87.0,68.3,2025-08-02T13:49:28.438,2025-08-02T13:50:36,NaN,"{""id"": 4611686018471193783, ""qualifierId"": 322, ""value"": ""0.0""}",bxpm9jzr611txx6e47jnhg104,Aarhus Fremad vs Lyngby,1_Division,2025-08-02,DNK,NaN,NaN,NaN,true,true,NaN,NaN,,NaN,Center,NaN,true,NaN,NaN,NaN,true,NaN,NaN,NaN,NaN,NaN,,,25.0,23.6,NaN,,NaN,NaN,NaN,NaN,,NaN,99.4,51.3,NaN,,0.0383506640791893,0.0,NaN,2,2,NaN,true,,,,,,,,NaN,,,,NaN,,NaN,NaN,NaN,,NaN,,,NaN,,,NaN,,,,,,,,NaN,NaN,,true,NaN,NaN,NaN,,NaN,NaN
bfwi3pjyg3whbn0tpsz19e8hq,Aarhus Fremad,2831097597,944,13,2,93,32,M. Kubel,az9olsp7tglzt73awei9a4cgk,1,76.2,68.2,2025-08-02T13:50:45.605,2025-08-02T13:51:52,1.0,"{""id"": 5818347947, ""qualifierId"": 56, ""value"": ""Center""}",bxpm9jzr611txx6e47jnhg104,Aarhus Fremad vs Lyngby,1_Division,2025-08-02,DNK,NaN,NaN,true,true,NaN,NaN,true,,true,Center,NaN,NaN,NaN,NaN,true,NaN,NaN,NaN,NaN,NaN,NaN,,,47.9,80.6,NaN,,NaN,NaN,NaN,NaN,,true,98.4,50,NaN,,0.024731453508138657,0.0,NaN,1,3,NaN,NaN,,,,,,,,NaN,,,,NaN,,NaN,NaN,NaN,,NaN,,,NaN,,,NaN,,,,,,,,NaN,NaN,,NaN,NaN,NaN,NaN,,NaN,NaN
