contestantId,team_name,id,eventId,typeId,periodId,timeMin,timeSec,playerName,playerId,outcome,x,y,timeStamp,lastModified,assist,qualifier,match_id,label,league_name,date,country,15,16,17,18,19,20,22,23,24,25,29,56,60,72,73,74,76,77,78,80,81,82,83,84,87,100,101,102,103,108,120,133,139,146,147,153,154,214,215,230,231,233,300,321,322,323,326,327,328,338,374,375,391,395,396,458,sequenceId,possessionId,keyPass,140,141,318,210,6,9,26,107,63,64,75,85,160,276,324,86,136,280,281,282,472,89,79,468
36g6ifzjliec1jqnbtf7yesme,AaB,2835057947,47,13,1,4,8,O. Ross,5lz41celw55rz3zh8pohclw5w,1,85.0,58.1,2025-08-15T17:04:40.190,2025-08-15T17:05:56,1.0,"{""id"": 5840527503, ""qualifierId"": 17}",c1ewpxmymnq163q1zr4olsd1w,AaB vs Horsens,1_Division,2025-08-15,DNK,NaN,NaN,true,NaN,NaN,true,NaN,NaN,true,NaN,true,Center,NaN,NaN,NaN,NaN,NaN,NaN,NaN,NaN,true,NaN,NaN,NaN,NaN,NaN,NaN,38.7,73.6,true,NaN,NaN,NaN,NaN,NaN,NaN,true,NaN,NaN,98.0,52.7,NaN,NaN,0.04116029292345047,0.0,NaN,2,3,true,NaN,NaN,NaN,true,NaN,NaN,NaN,,,,,,,,,,,,,,,,,,,,,,,,,,,
a9vw7ikerpr4cuweeeka5aneg,Horsens,2835061523,129,13,1,10,52,A. Moro,51ymbnikkta369rn3exb1g7bo,1,80.8,48.1,2025-08-15T17:11:23.938,2025-08-15T17:12:31,1.0,"{""id"": 5850478399, ""qualifierId"": 77}",c1ewpxmymnq163q1zr4olsd1w,AaB vs Horsens,1_Division,2025-08-15,DNK,NaN,NaN,NaN,true,NaN,NaN,true,NaN,NaN,NaN,true,Center,NaN,true,NaN,NaN,NaN,true,NaN,NaN,NaN,NaN,NaN,NaN,NaN,NaN,NaN,63.7,91.7,NaN,NaN,NaN,NaN,NaN,NaN,NaN,NaN,NaN,true,97.8,49.6,NaN,NaN,0.062060847878456116,0.0,NaN,2,3,NaN,NaN,NaN,NaN,NaN,NaN,NaN,NaN,,,,,,,,,,,,,,,,,,,,,,,,,,,
a9vw7ikerpr4cuweeeka5aneg,Horsens,2835061859,136,15,1,11,27,K. Kirkegaard,3ylgelxr6ssp42hidfnchqp2i,1,84.9,53.2,2025-08-15T17:11:58.763,2025-08-15T17:13:13,1.0,"{""id"": 5840549607, ""qualifierId"": 326, ""value"": ""2""}",c1ewpxmymnq163q1zr4olsd1w,AaB vs Horsens,1_Division,2025-08-15,DNK,NaN,NaN,true,NaN,NaN,true,true,NaN,NaN,NaN,true,Center,NaN,NaN,NaN,NaN,NaN,NaN,true,NaN,NaN,true,NaN,NaN,NaN,NaN,NaN,50.6,5.6,NaN,NaN,NaN,NaN,88.6,52.5,NaN,true,NaN,NaN,98.1,51.3,108,NaN,0.10424403846263885,0.0,NaN,2,2,true,NaN,NaN,NaN,NaN,NaN,NaN,NaN,,,,,,,,,,,,,,,,,,,,,,,,,,,
a9vw7ikerpr4cuweeeka5aneg,Horsens,2835062289,139,15,1,12,10,K. Kirkegaard,3ylgelxr6ssp42hidfnchqp2i,1,90.9,47.4,2025-08-15T17:12:41.740,2025-08-15T17:13:52,1.0,"{""id"": 5840556209, ""qualifierId"": 233, ""value"": ""111""}",c1ewpxmymnq163q1zr4olsd1w,AaB vs Horsens,1_Division,2025-08-15,DNK,NaN,NaN,true,NaN,NaN,true,NaN,NaN,NaN,true,true,Center,NaN,NaN,NaN,NaN,true,NaN,NaN,NaN,NaN,true,NaN,NaN,NaN,true,NaN,53.6,6.9,NaN,NaN,NaN,NaN,94.6,49.8,NaN,true,NaN,NaN,98.8,49.5,111,NaN,0.08843071758747101,0.0,NaN,3,2,true,NaN,NaN,NaN,NaN,NaN,NaN,NaN,,,,,,,,,,,,,,,,,,,,,,,,,,,
a9vw7ikerpr4cuweeeka5aneg,Horsens,2835063429,155,15,1,14,2,S. Pingel,3epwf56ozg73hueacwmckk0r9,1,91.4,38.0,2025-08-15T17:14:33.780,2025-08-18T14:29:29,1.0,"{""id"": 5850481923, ""qualifierId"": 120}",c1ewpxmymnq163q1zr4olsd1w,AaB vs Horsens,1_Division,2025-08-15,DNK,NaN,NaN,true,NaN,NaN,true,true,NaN,NaN,NaN,true,Center,NaN,NaN,NaN,NaN,NaN,NaN,NaN,NaN,true,NaN,NaN,NaN,NaN,NaN,NaN,46.1,25.9,NaN,true,NaN,NaN,98.6,47.1,NaN,true,NaN,NaN,NaN,NaN,132,NaN,0.15382593870162964,0.7723480463027954,NaN,1,2,true,NaN,NaN,NaN,NaN,NaN,NaN,NaN,,,,,,,,,,,,,,,,,,,,,,,,,,,
a9vw7ikerpr4cuweeeka5aneg,Horsens,2835071891,267,15,1,29,47,S. Pingel,3epwf56ozg73hueacwmckk0r9,1,85.6,40.9,2025-08-15T17:30:18.732,2025-08-18T15:29:27,1.0,"{""id"": 5840607977, ""qualifierId"": 102, ""value"": ""46.5""}",c1ewpxmymnq163q1zr4olsd1w,AaB vs Horsens,1_Division,2025-08-15,DNK,NaN,NaN,true,NaN,NaN,true,true,NaN,NaN,NaN,true,Center,NaN,NaN,NaN,NaN,NaN,NaN,NaN,true,NaN,NaN,NaN,NaN,NaN,NaN,NaN,46.5,12.0,NaN,NaN,NaN,NaN,98.4,49.6,NaN,true,NaN,NaN,NaN,NaN,253,NaN,0.074991375207901,0.4688899517059326,NaN,2,2,true,NaN,NaN,NaN,NaN,NaN,NaN,NaN,,,,,,,,,,,,,,,,,,,,,,,,,,,
a9vw7ikerpr4cuweeeka5aneg,Horsens,2835072587,273,16,1,31,3,K. Kirkegaard,3ylgelxr6ssp42hidfnchqp2i,1,74.7,67.5,2025-08-15T17:31:35.377,2025-08-18T15:29:28,1.0,"{""id"": 5850497925, ""qualifierId"": 396, ""value"": ""54.3""}",c1ewpxmymnq163q1zr4olsd1w,AaB vs Horsens,1_Division,2025-08-15,DNK,NaN,NaN,NaN,true,NaN,true,NaN,true,NaN,NaN,true,Center,NaN,NaN,NaN,NaN,NaN,NaN,NaN,true,NaN,NaN,NaN,NaN,NaN,NaN,NaN,46.1,1.9,NaN,NaN,true,NaN,NaN,NaN,NaN,NaN,NaN,true,96.4,54.3,NaN,true,0.045704685151576996,0.5116584300994873,NaN,1,2,NaN,NaN,2025-08-15 18:31:33.630,31:02.207,NaN,96.4,54.3,NaN,,,,,,,,,,,,,,,,,,,,,,,,,,,
36g6ifzjliec1jqnbtf7yesme,AaB,2835082043,428,15,1,48,59,K. John,5vrsflxiv2dgfa8199a2qxsve,1,95.1,46.6,2025-08-15T17:49:30.765,2025-08-18T15:29:24,1.0,"{""id"": 5840664045, ""qualifierId"": 22}",c1ewpxmymnq163q1zr4olsd1w,AaB vs Horsens,1_Division,2025-08-15,DNK,NaN,true,NaN,NaN,NaN,true,true,NaN,NaN,NaN,true,Center,NaN,NaN,NaN,NaN,NaN,NaN,true,NaN,NaN,NaN,NaN,NaN,NaN,NaN,NaN,49.4,5.1,NaN,NaN,NaN,NaN,96.7,48.0,NaN,true,true,NaN,NaN,NaN,437,NaN,0.25663885474205017,0.32411524653434753,NaN,3,2,NaN,NaN,NaN,NaN,NaN,NaN,NaN,NaN,,,,,,,,,,,,,,,,,,,,,,,,,,,
a9vw7ikerpr4cuweeeka5aneg,Horsens,2835098275,505,15,2,49,1,S. Pingel,3epwf56ozg73hueacwmckk0r9,1,87.4,37.2,2025-08-15T18:13:44.326,2025-08-18T16:29:37,1.0,"{""id"": 5840754613, ""qualifierId"": 327, ""value"": ""2""}",c1ewpxmymnq163q1zr4olsd1w,AaB vs Horsens,1_Division,2025-08-15,DNK,NaN,NaN,true,NaN,NaN,true,true,NaN,NaN,NaN,true,Center,NaN,NaN,NaN,NaN,NaN,NaN,NaN,true,NaN,NaN,NaN,NaN,NaN,NaN,NaN,47.1,5.1,true,NaN,NaN,NaN,98.4,48.4,NaN,true,NaN,NaN,NaN,NaN,503,NaN,0.06979624181985855,0.22084936499595642,NaN,1,2,true,NaN,NaN,NaN,NaN,NaN,NaN,NaN,,,,,,,,,,,,,,,,,,,,,,,,,,,
a9vw7ikerpr4cuweeeka5aneg,Horsens,2835098721,513,13,2,49,25,S. Pingel,3epwf56ozg73hueacwmckk0r9,1,89.5,42.5,2025-08-15T18:14:07.943,2025-08-15T18:15:21,1.0,"{""id"": 5840757809, ""qualifierId"": 321, ""value"": ""0.05554128438234329""}",c1ewpxmymnq163q1zr4olsd1w,AaB vs Horsens,1_Division,2025-08-15,DNK,true,NaN,true,NaN,NaN,NaN,true,NaN,NaN,NaN,true,Center,NaN,NaN,NaN,true,NaN,NaN,NaN,NaN,NaN,NaN,NaN,NaN,NaN,NaN,NaN,45.0,73.6,NaN,NaN,NaN,NaN,NaN,NaN,NaN,true,NaN,NaN,98.6,46.9,NaN,NaN,0.05554128438234329,0.0,NaN,2,2,true,NaN,NaN,NaN,NaN,NaN,NaN,NaN,,,,,,,,,,,,,,,,,,,,,,,,,,,
a9vw7ikerpr4cuweeeka5aneg,Horsens,2835110219,639,16,2,61,22,K. Kirkegaard,3ylgelxr6ssp42hidfnchqp2i,1,94.2,48.1,2025-08-15T18:26:04.744,2025-08-18T16:29:37,1.0,"{""id"": 5840834519, ""qualifierId"": 321, ""value"": ""0.29850083589553833""}",c1ewpxmymnq163q1zr4olsd1w,AaB vs Horsens,1_Division,2025-08-15,DNK,NaN,NaN,true,NaN,NaN,true,true,NaN,NaN,NaN,true,Center,NaN,NaN,NaN,NaN,NaN,NaN,true,NaN,NaN,NaN,NaN,NaN,NaN,NaN,NaN,51.6,2.5,NaN,NaN,NaN,NaN,NaN,NaN,NaN,NaN,true,NaN,99.4,50.2,NaN,NaN,0.29850083589553833,0.3946726620197296,NaN,2,2,true,NaN,2025-08-15 19:26:04.370,61:22.010,NaN,0.9,49.5,NaN,,,,,,,,,,,,,,,,,,,,,,,,,,,
a9vw7ikerpr4cuweeeka5aneg,Horsens,2835113727,670,15,2,61,20,S. Pingel,3epwf56ozg73hueacwmckk0r9,1,88.6,51.5,2025-08-15T18:26:03.164,2025-08-15T18:44:21,NaN,"{""id"": 5840918851, ""qualifierId"": 147, ""value"": ""48.4""}",c1ewpxmymnq163q1zr4olsd1w,AaB vs Horsens,1_Division,2025-08-15,DNK,NaN,NaN,true,NaN,NaN,NaN,true,NaN,NaN,NaN,NaN,Center,NaN,true,NaN,NaN,NaN,NaN,NaN,true,NaN,true,NaN,NaN,NaN,true,NaN,46.6,8.3,NaN,NaN,NaN,true,95.5,48.4,NaN,NaN,NaN,NaN,99.4,49.1,NaN,NaN,0.08682350069284439,0.0,NaN,3,3,true,NaN,NaN,NaN,NaN,NaN,NaN,true,,,,,,,,,,,,,,,,,,,,,,,,,,,
a9vw7ikerpr4cuweeeka5aneg,Horsens,2835117001,705,13,2,68,42,C. Tapé,bdz03qovxerzrv12lgljae1p0,1,95.4,41.1,2025-08-15T18:33:25.004,2025-08-15T18:34:36,1.0,"{""id"": 5840861713, ""qualifierId"": 103, ""value"": ""40.3""}",c1ewpxmymnq163q1zr4olsd1w,AaB vs Horsens,1_Division,2025-08-15,DNK,true,NaN,NaN,NaN,NaN,NaN,NaN,NaN,NaN,true,true,Center,true,NaN,NaN,NaN,NaN,NaN,NaN,NaN,NaN,NaN,NaN,NaN,true,NaN,NaN,41.3,40.3,NaN,NaN,NaN,NaN,NaN,NaN,NaN,true,NaN,NaN,98.2,48.4,NaN,NaN,0.07597668468952179,0.0,NaN,3,2,true,NaN,NaN,NaN,NaN,NaN,NaN,NaN,,,,,,,,,,,,,,,,,,,,,,,,,,,
36g6ifzjliec1jqnbtf7yesme,AaB,2835118411,725,13,2,70,10,V. Møller,5521epytthhw9afm2r3jn3384,1,83.6,46.0,2025-08-15T18:34:53.130,2025-08-15T18:35:59,1.0,"{""id"": 4611686018471301603, ""qualifierId"": 322, ""value"": ""0.0""}",c1ewpxmymnq163q1zr4olsd1w,AaB vs Horsens,1_Division,2025-08-15,DNK,NaN,NaN,true,NaN,NaN,true,true,NaN,NaN,NaN,true,Center,NaN,NaN,NaN,NaN,NaN,NaN,NaN,NaN,NaN,NaN,true,NaN,NaN,NaN,NaN,58.5,12.5,NaN,NaN,NaN,NaN,NaN,NaN,NaN,NaN,NaN,true,98.0,48.4,NaN,NaN,0.09990785270929337,0.0,NaN,2,2,NaN,NaN,NaN,NaN,NaN,NaN,NaN,NaN,,,,,,,,,,,,,,,,,,,,,,,,,,,
a9vw7ikerpr4cuweeeka5aneg,Horsens,2835130649,767,13,2,81,51,A. Moro,51ymbnikkta369rn3exb1g7bo,1,40.9,66.0,2025-08-15T18:46:34.120,2025-08-15T19:38:07,NaN,"{""id"": 4611686018471303403, ""qualifierId"": 322, ""value"": ""0.0""}",c1ewpxmymnq163q1zr4olsd1w,AaB vs Horsens,1_Division,2025-08-15,DNK,NaN,NaN,NaN,NaN,true,true,true,NaN,NaN,NaN,NaN,Back,NaN,NaN,true,NaN,NaN,NaN,NaN,NaN,NaN,NaN,NaN,NaN,NaN,NaN,NaN,95.8,15.3,NaN,NaN,NaN,NaN,99.5,94.1,true,NaN,NaN,true,82.3,57.2,NaN,NaN,0.004490605089813471,0.0,NaN,2,2,true,NaN,NaN,NaN,NaN,NaN,NaN,true,,,,,,,,,,,,,,,,,,,,,,,,,,,
a9vw7ikerpr4cuweeeka5aneg,Horsens,2835134329,800,15,2,85,21,A. Saine,7353ysa16qgg30b9z5qiagys4,1,94.3,53.3,2025-08-15T18:50:03.752,2025-08-15T18:51:18,1.0,"{""id"": 4611686018471302111, ""qualifierId"": 322, ""value"": ""0.0""}",c1ewpxmymnq163q1zr4olsd1w,AaB vs Horsens,1_Division,2025-08-15,DNK,true,true,NaN,NaN,NaN,NaN,NaN,NaN,NaN,true,true,Center,NaN,NaN,NaN,NaN,NaN,NaN,NaN,true,NaN,true,NaN,NaN,NaN,true,true,46.9,19,NaN,NaN,NaN,NaN,99.1,47.8,NaN,true,NaN,NaN,99.1,51.3,843,NaN,0.13447009027004242,0.0,NaN,3,3,true,NaN,NaN,NaN,NaN,NaN,NaN,NaN,,,,,,,,,,,,,,,,,,,,,,,,,,,
a9vw7ikerpr4cuweeeka5aneg,Horsens,2835134375,801,13,2,85,24,F. Sene,ohjn9tgx28c0qssvrdvzr5zo,1,86.1,44.6,2025-08-15T18:50:07.240,2025-08-15T18:51:43,NaN,"{""id"": 5840959247, ""qualifierId"": 328}",c1ewpxmymnq163q1zr4olsd1w,AaB vs Horsens,1_Division,2025-08-15,DNK,NaN,NaN,true,NaN,NaN,true,NaN,NaN,NaN,true,NaN,Center,NaN,NaN,NaN,NaN,NaN,true,NaN,NaN,NaN,NaN,NaN,NaN,NaN,NaN,NaN,67.6,98.6,true,NaN,NaN,NaN,NaN,NaN,NaN,NaN,NaN,true,99.1,49.8,NaN,NaN,0.03036472387611866,0.0,true,3,3,true,800,NaN,NaN,true,NaN,NaN,true,,,,,,,,,,,,,,,,,,,,,,,,,,,
a9vw7ikerpr4cuweeeka5aneg,Horsens,2835137927,862,13,2,90,49,F. Brandhof,ca1b5707pdpx0ucug40ggnahh,1,82.2,30.9,2025-08-15T18:55:31.485,2025-08-15T18:56:43,1.0,"{""id"": 4611686018471302203, ""qualifierId"": 322, ""value"": ""0.0""}",c1ewpxmymnq163q1zr4olsd1w,AaB vs Horsens,1_Division,2025-08-15,DNK,NaN,NaN,NaN,true,NaN,NaN,true,NaN,NaN,NaN,true,Center,NaN,true,NaN,NaN,NaN,true,NaN,NaN,NaN,NaN,NaN,NaN,NaN,NaN,NaN,63.9,94.4,NaN,NaN,NaN,NaN,NaN,NaN,NaN,NaN,NaN,true,98.8,49.1,NaN,NaN,0.03140774741768837,0.0,NaN,2,2,NaN,NaN,NaN,NaN,NaN,NaN,NaN,NaN,,,,,,,,,,,,,,,,,,,,,,,,,,,
a9vw7ikerpr4cuweeeka5aneg,Horsens,2835143443,929,13,2,99,40,F. Sene,ohjn9tgx28c0qssvrdvzr5zo,1,81.2,66.7,2025-08-15T19:04:22.835,2025-08-15T19:05:31,1.0,"{""id"": 5841085941, ""qualifierId"": 18}",c1ewpxmymnq163q1zr4olsd1w,AaB vs Horsens,1_Division,2025-08-15,DNK,NaN,NaN,NaN,true,NaN,true,true,NaN,NaN,NaN,true,Center,NaN,NaN,NaN,NaN,NaN,NaN,NaN,NaN,NaN,NaN,NaN,true,NaN,NaN,NaN,42.0,23.6,NaN,true,NaN,NaN,NaN,NaN,NaN,true,NaN,NaN,98.2,50.9,NaN,NaN,0.03608660399913788,0.0,NaN,2,2,NaN,NaN,NaN,NaN,NaN,NaN,NaN,NaN,,,,,,,,,,,,,,,,,,,,,,,,,,,
bfwi3pjyg3whbn0tpsz19e8hq,Aarhus Fremad,2827883801,31,15,1,2,17,K. Lunding,6zxcmzp7w6esj54g05tvk7ai1,1,93.3,60.1,2025-07-19T14:04:19.924,2025-07-19T14:05:33,1.0,"{""id"": 5800386897, ""qualifierId"": 17}",btk54zcps9pizk65pevt2pzis,Horsens vs Aarhus Fremad,1_Division,2025-07-19,DNK,NaN,,true,NaN,,NaN,NaN,,NaN,NaN,true,Center,,true,NaN,NaN,NaN,NaN,true,,NaN,NaN,,NaN,,,,50.6,2.5,NaN,,,NaN,98.2,53.6,NaN,true,,NaN,NaN,NaN,23,,0.17107057571411133,0.18911603093147278,,3,2,true,,,,,,,NaN,,,,,,,,,,NaN,,NaN,NaN,NaN,NaN,true,NaN,NaN,,,,,,,,,
a9vw7ikerpr4cuweeeka5aneg,Horsens,2827885391,40,15,1,5,31,S. Doua,6qko3f8w2ap9ynbuq2g55i5n8,1,73.4,39.5,2025-07-19T14:07:33.711,2025-07-19T14:09:04,1.0,"{""id"": 4611686018471106701, ""qualifierId"": 322, ""value"": ""0.0""}",btk54zcps9pizk65pevt2pzis,Horsens vs Aarhus Fremad,1_Division,2025-07-19,DNK,NaN,,NaN,true,,true,true,,NaN,NaN,true,Center,,NaN,NaN,NaN,true,NaN,NaN,,NaN,true,,NaN,,,,51.9,19,NaN,,,NaN,79.7,42.4,NaN,NaN,,true,96.8,48.6,67,,0.019023770466446877,0.0,,1,2,NaN,,,,,,,NaN,,,,,,,,,,NaN,,NaN,NaN,NaN,NaN,NaN,NaN,NaN,,,,,,,,,
a9vw7ikerpr4cuweeeka5aneg,Horsens,2827888683,112,15,1,11,28,S. Pingel,3epwf56ozg73hueacwmckk0r9,1,87.2,37.9,2025-07-19T14:13:31.389,2025-07-19T14:14:38,1.0,"{""id"": 5800413305, ""qualifierId"": 322, ""value"": ""0.04221625626087189""}",btk54zcps9pizk65pevt2pzis,Horsens vs Aarhus Fremad,1_Division,2025-07-19,DNK,NaN,,true,NaN,,NaN,true,,NaN,NaN,true,Center,,true,NaN,NaN,NaN,NaN,true,,NaN,NaN,,NaN,,,,50.8,10.1,NaN,,,NaN,98.2,49.5,NaN,true,,NaN,NaN,NaN,122,,0.09174033254384995,0.04221625626087189,,3,2,NaN,,,,,,,NaN,,,,,,,,,,NaN,,NaN,NaN,NaN,NaN,NaN,NaN,NaN,,,,,,,,,
bfwi3pjyg3whbn0tpsz19e8hq,Aarhus Fremad,2827893451,210,13,1,20,48,K. Lunding,6zxcmzp7w6esj54g05tvk7ai1,1,72.8,43.7,2025-07-19T14:22:51.119,2025-07-19T14:24:00,NaN,"{""id"": 5800439753, ""qualifierId"": 321, ""value"": ""0.039314154535532""}",btk54zcps9pizk65pevt2pzis,Horsens vs Aarhus Fremad,1_Division,2025-07-19,DNK,NaN,,NaN,true,,NaN,NaN,,NaN,NaN,NaN,Center,,true,NaN,true,NaN,NaN,NaN,,NaN,NaN,,NaN,,,,51.3,75,NaN,,,NaN,NaN,NaN,NaN,NaN,,NaN,98.9,49.1,NaN,,0.039314154535532,0.0,,1,3,NaN,,,,,,,true,,,,,,,,,,true,,NaN,NaN,NaN,NaN,NaN,NaN,NaN,,,,,,,,,
a9vw7ikerpr4cuweeeka5aneg,Horsens,2827898101,250,13,1,29,41,S. Hausner,5lu7bn7uec3zjqpoi1x81gbu1,1,84.5,33.6,2025-07-19T14:31:43.984,2025-07-19T14:32:51,NaN,"{""id"": 5800465673, ""qualifierId"": 231, ""value"": ""49.8""}",btk54zcps9pizk65pevt2pzis,Horsens vs Aarhus Fremad,1_Division,2025-07-19,DNK,NaN,,NaN,NaN,,true,true,,NaN,NaN,NaN,Center,,NaN,true,NaN,NaN,NaN,NaN,,NaN,NaN,,NaN,,,,59.8,11.1,NaN,,,NaN,NaN,NaN,NaN,NaN,,true,98.4,49.8,NaN,,0.04581945016980171,0.0,,2,2,NaN,,,,,,,true,,,,,,,,,,NaN,,true,NaN,NaN,NaN,NaN,NaN,NaN,,,,,,,,,
a9vw7ikerpr4cuweeeka5aneg,Horsens,2827898737,268,13,1,30,44,S. Pingel,3epwf56ozg73hueacwmckk0r9,1,89.9,50.6,2025-07-19T14:32:47.071,2025-07-19T14:34:08,1.0,"{""id"": 5800469465, ""qualifierId"": 15}",btk54zcps9pizk65pevt2pzis,Horsens vs Aarhus Fremad,1_Division,2025-07-19,DNK,true,,true,NaN,,NaN,true,,NaN,NaN,true,Center,,NaN,NaN,NaN,NaN,NaN,NaN,,NaN,NaN,,NaN,,,,0.3,34.7,NaN,,,NaN,89.3,0.0,true,true,,NaN,98.6,51.1,NaN,,0.08062977343797684,0.0,,3,2,true,,,,,,,NaN,,,,,,,,,,NaN,,NaN,NaN,true,NaN,NaN,true,NaN,,,,,,,,,
a9vw7ikerpr4cuweeeka5aneg,Horsens,2827900973,313,15,1,35,24,I. Miličević,9cg2dx19fx5be3zewtmx97e95,1,71.8,65.4,2025-07-19T14:37:27.505,2025-07-19T14:38:35,1.0,"{""id"": 5800480971, ""qualifierId"": 72}",btk54zcps9pizk65pevt2pzis,Horsens vs Aarhus Fremad,1_Division,2025-07-19,DNK,NaN,,NaN,true,,NaN,true,,NaN,NaN,true,Center,,true,NaN,NaN,NaN,NaN,true,,NaN,NaN,,NaN,,,,48.7,7.0,NaN,,,NaN,98.8,50.9,NaN,NaN,,true,NaN,NaN,308,,0.02732330746948719,0.02702214941382408,,1,2,NaN,,,,,,,NaN,,,,,,,,,,NaN,,NaN,NaN,NaN,NaN,NaN,NaN,NaN,,,,,,,,,
a9vw7ikerpr4cuweeeka5aneg,Horsens,2827904573,377,13,1,43,13,K. Kirkegaard,3ylgelxr6ssp42hidfnchqp2i,1,88.2,56.1,2025-07-19T14:45:16.366,2025-07-19T14:46:28,1.0,"{""id"": 5800501591, ""qualifierId"": 231, ""value"": ""50.9""}",btk54zcps9pizk65pevt2pzis,Horsens vs Aarhus Fremad,1_Division,2025-07-19,DNK,true,,true,NaN,,NaN,true,,NaN,NaN,true,Center,,NaN,NaN,true,NaN,NaN,NaN,,NaN,NaN,,NaN,,,,52.3,72.2,NaN,,,NaN,NaN,NaN,NaN,true,,NaN,99.4,50.9,NaN,,0.03977321833372116,0.0,,2,1,true,,,,,,,NaN,,,,,,,,,,NaN,,NaN,NaN,NaN,NaN,NaN,NaN,NaN,,,,,,,,,
a9vw7ikerpr4cuweeeka5aneg,Horsens,2827905847,410,15,1,45,58,K. Kirkegaard,3ylgelxr6ssp42hidfnchqp2i,1,88.8,55.8,2025-07-19T14:48:01.107,2025-07-19T14:49:08,1.0,"{""id"": 5800508321, ""qualifierId"": 147, ""value"": ""50.9""}",btk54zcps9pizk65pevt2pzis,Horsens vs Aarhus Fremad,1_Division,2025-07-19,DNK,NaN,,true,NaN,,true,true,,NaN,NaN,true,Center,,NaN,NaN,NaN,NaN,NaN,true,,NaN,NaN,,NaN,,,,51.8,5.7,true,,,NaN,98.1,50.9,NaN,true,,NaN,NaN,NaN,396,,0.17144237458705902,0.25823211669921875,,2,1,true,,,,,,,NaN,,,,,,,,,,NaN,,NaN,NaN,NaN,NaN,NaN,NaN,NaN,,,,,,,,,
bfwi3pjyg3whbn0tpsz19e8hq,Aarhus Fremad,2827910227,431,15,2,47,47,J. Beluli,29y19vqfjkvlc8s9gr5v5atqs,1,79.4,50.7,2025-07-19T15:07:25.784,2025-07-19T15:08:34,1.0,"{""id"": 5800531771, ""qualifierId"": 78}",btk54zcps9pizk65pevt2pzis,Horsens vs Aarhus Fremad,1_Division,2025-07-19,DNK,NaN,,NaN,true,,NaN,true,,NaN,NaN,true,Center,,true,NaN,NaN,NaN,NaN,true,,NaN,NaN,,NaN,,,,51.3,5.1,NaN,,,NaN,98.6,50.0,NaN,NaN,,true,NaN,NaN,440,,0.05792661011219025,0.04617768153548241,,2,2,NaN,,,,,,,NaN,,,,,,,,,,NaN,,NaN,NaN,NaN,NaN,NaN,NaN,NaN,,,,,,,,,
a9vw7ikerpr4cuweeeka5aneg,Horsens,2827911289,459,15,2,49,47,K. Kirkegaard,3ylgelxr6ssp42hidfnchqp2i,1,87.5,50.7,2025-07-19T15:09:25.747,2025-07-19T15:10:52,1.0,"{""id"": 5800542393, ""qualifierId"": 147, ""value"": ""50.5""}",btk54zcps9pizk65pevt2pzis,Horsens vs Aarhus Fremad,1_Division,2025-07-19,DNK,NaN,,true,NaN,,true,true,,NaN,NaN,true,Center,,NaN,NaN,NaN,NaN,NaN,true,,NaN,true,,NaN,,,,49.8,19,NaN,,,NaN,89.7,50.5,NaN,true,,NaN,98.9,50,454,,0.18473945558071136,0.0,,3,2,NaN,,,,,,,NaN,,,,,,,,,,NaN,,NaN,NaN,NaN,NaN,NaN,NaN,NaN,,,,,,,,,
a9vw7ikerpr4cuweeeka5aneg,Horsens,2827913655,492,15,2,54,29,P. Olsen,8jotzm26md7pzdy2gn474chqt,1,81.8,49.1,2025-07-19T15:14:07.002,2025-07-19T15:15:15,1.0,"{""id"": 5800550643, ""qualifierId"": 103, ""value"": ""10.8""}",btk54zcps9pizk65pevt2pzis,Horsens vs Aarhus Fremad,1_Division,2025-07-19,DNK,NaN,,NaN,true,,true,true,,NaN,NaN,true,Center,,NaN,NaN,NaN,NaN,NaN,true,,NaN,NaN,,NaN,,,,49.6,10.8,NaN,,,NaN,98.5,49.6,NaN,true,,NaN,NaN,NaN,496,,0.1267714947462082,0.035469233989715576,,1,2,true,,,,,,,NaN,,,,,,,,,,NaN,,NaN,NaN,NaN,NaN,NaN,NaN,NaN,,,,,,,,,
a9vw7ikerpr4cuweeeka5aneg,Horsens,2827913883,498,13,2,54,56,S. Pingel,3epwf56ozg73hueacwmckk0r9,1,92.0,43.8,2025-07-19T15:14:34.810,2025-07-19T15:15:43,1.0,"{""id"": 5800551681, ""qualifierId"": 22}",btk54zcps9pizk65pevt2pzis,Horsens vs Aarhus Fremad,1_Division,2025-07-19,DNK,true,,true,NaN,,NaN,true,,NaN,NaN,true,Center,,NaN,NaN,true,NaN,NaN,NaN,,NaN,NaN,,NaN,,,,47.1,75,NaN,,,NaN,NaN,NaN,NaN,true,,NaN,99.1,47.8,NaN,,0.05131543055176735,0.0,,3,2,true,,,,,,,NaN,,,,,,,,,,NaN,,NaN,NaN,NaN,NaN,NaN,NaN,NaN,,,,,,,,,
bfwi3pjyg3whbn0tpsz19e8hq,Aarhus Fremad,2827915413,535,15,2,57,59,J. Beluli,29y19vqfjkvlc8s9gr5v5atqs,1,71.0,47.9,2025-07-19T15:17:37.516,2025-07-19T15:18:45,1.0,"{""id"": 5800560183, ""qualifierId"": 72}",btk54zcps9pizk65pevt2pzis,Horsens vs Aarhus Fremad,1_Division,2025-07-19,DNK,NaN,,NaN,true,,NaN,true,,NaN,NaN,true,Center,,true,NaN,NaN,NaN,NaN,true,,NaN,NaN,,NaN,,,,51.2,4.4,NaN,,,NaN,97.7,49.8,NaN,NaN,,true,NaN,NaN,542,,0.012370780110359192,0.018555963411927223,,2,2,NaN,,,,,,,NaN,,,,,,,,,,NaN,,NaN,NaN,NaN,NaN,NaN,NaN,NaN,,,,,,,,,
a9vw7ikerpr4cuweeeka5aneg,Horsens,2827916101,565,13,2,59,32,S. Doua,6qko3f8w2ap9ynbuq2g55i5n8,1,86.1,35.2,2025-07-19T15:19:10.927,2025-07-19T15:20:18,NaN,"{""id"": 5800564185, ""qualifierId"": 103, ""value"": ""62.5""}",btk54zcps9pizk65pevt2pzis,Horsens vs Aarhus Fremad,1_Division,2025-07-19,DNK,NaN,,NaN,NaN,,true,true,,NaN,NaN,NaN,Center,,NaN,NaN,true,NaN,NaN,NaN,,NaN,NaN,,NaN,,,,46.1,62.5,NaN,,,NaN,NaN,NaN,NaN,NaN,,true,99.5,46.4,NaN,,0.11355254799127579,0.0,,1,2,NaN,,,,,,,true,,,,,,,,,,NaN,,true,NaN,NaN,NaN,NaN,NaN,NaN,,,,,,,,,
bfwi3pjyg3whbn0tpsz19e8hq,Aarhus Fremad,2827922261,659,15,2,72,32,M. Kaastrup,9nafz0c0x2qvmo5ldm0djmcq1,1,91.2,52.7,2025-07-19T15:32:10.345,2025-07-19T15:33:16,1.0,"{""id"": 5800597201, ""qualifierId"": 22}",btk54zcps9pizk65pevt2pzis,Horsens vs Aarhus Fremad,1_Division,2025-07-19,DNK,NaN,,true,NaN,,true,true,,NaN,NaN,true,Center,,NaN,NaN,NaN,NaN,NaN,true,,NaN,NaN,,NaN,,,,51.0,7.6,NaN,,,NaN,98.1,51.8,NaN,true,,NaN,NaN,NaN,653,,0.2970629632472992,0.22445231676101685,,2,2,true,,,,,,,NaN,,,,,,,,,,NaN,,NaN,NaN,NaN,NaN,NaN,NaN,NaN,,,,,,,,,
bfwi3pjyg3whbn0tpsz19e8hq,Aarhus Fremad,2827923009,668,13,2,73,54,M. Kaastrup,9nafz0c0x2qvmo5ldm0djmcq1,1,84.8,46.7,2025-07-19T15:33:32.121,2025-07-19T15:34:39,1.0,"{""id"": 5800601483, ""qualifierId"": 22}",btk54zcps9pizk65pevt2pzis,Horsens vs Aarhus Fremad,1_Division,2025-07-19,DNK,NaN,,true,NaN,,true,true,,NaN,NaN,true,Center,,NaN,NaN,NaN,NaN,NaN,NaN,,NaN,NaN,,NaN,,,,49.2,59.7,NaN,,,NaN,NaN,NaN,NaN,true,,NaN,99.1,49.1,NaN,,0.09704726189374924,0.0,,2,2,true,,,,,,,NaN,,,,,,,,,,NaN,,NaN,NaN,NaN,true,NaN,NaN,NaN,,,,,,,,,
bfwi3pjyg3whbn0tpsz19e8hq,Aarhus Fremad,2827924085,680,13,2,75,52,M. Berthelsen,6yh22sf7jss7huppjtromrkes,1,70.5,28.9,2025-07-19T15:35:30.898,2025-07-19T15:36:42,NaN,"{""id"": 5800607533, ""qualifierId"": 327, ""value"": ""3""}",btk54zcps9pizk65pevt2pzis,Horsens vs Aarhus Fremad,1_Division,2025-07-19,DNK,NaN,,NaN,true,,true,NaN,,NaN,NaN,NaN,Center,,NaN,NaN,NaN,NaN,NaN,NaN,,NaN,NaN,,NaN,,,,40.5,25,NaN,,,NaN,NaN,NaN,NaN,NaN,,NaN,98.4,46.8,NaN,,0.026332279667258263,0.0,,1,3,NaN,,,,,,,true,,,,,,,,,,true,,NaN,NaN,true,NaN,NaN,NaN,NaN,,,,,,,,,
a9vw7ikerpr4cuweeeka5aneg,Horsens,2827925025,690,13,2,77,46,A. Saine,7353ysa16qgg30b9z5qiagys4,1,91.0,39.5,2025-07-19T15:37:24.499,2025-07-19T15:38:33,1.0,"{""id"": 5800613575, ""qualifierId"": 102, ""value"": ""41.5""}",btk54zcps9pizk65pevt2pzis,Horsens vs Aarhus Fremad,1_Division,2025-07-19,DNK,true,,true,NaN,,NaN,NaN,,true,NaN,true,Center,,NaN,NaN,NaN,NaN,NaN,NaN,,NaN,NaN,,true,,,,41.5,38.9,NaN,,,NaN,NaN,NaN,NaN,true,,NaN,99.5,48.2,NaN,,0.02199326641857624,0.0,,3,2,true,,,,,,,NaN,,,,,,,,,,NaN,,NaN,NaN,NaN,NaN,NaN,NaN,NaN,,,,,,,,,
bfwi3pjyg3whbn0tpsz19e8hq,Aarhus Fremad,2827928585,747,13,2,83,53,S. Bækgård,5o1k2hd9rdooxpjgbnabuh94a,1,84.2,71.7,2025-07-19T15:43:31.680,2025-07-19T15:44:40,1.0,"{""id"": 5800633003, ""qualifierId"": 230, ""value"": ""98.2""}",btk54zcps9pizk65pevt2pzis,Horsens vs Aarhus Fremad,1_Division,2025-07-19,DNK,NaN,,NaN,NaN,,true,NaN,,NaN,true,true,Center,,NaN,NaN,NaN,NaN,NaN,NaN,,true,NaN,,NaN,,,,40.3,75,NaN,,,NaN,NaN,NaN,NaN,true,,NaN,98.2,51.6,NaN,,0.02424974925816059,0.0,,2,2,NaN,,,,,,,NaN,,,,,,,,,,NaN,,NaN,true,NaN,NaN,NaN,NaN,NaN,,,,,,,,,
a9vw7ikerpr4cuweeeka5aneg,Horsens,2827933015,772,13,2,91,59,F. Brandhof,ca1b5707pdpx0ucug40ggnahh,1,93.4,49.3,2025-07-19T15:51:37.101,2025-07-19T15:52:47,1.0,"{""id"": 4611686018471107829, ""qualifierId"": 322, ""value"": ""0.0""}",btk54zcps9pizk65pevt2pzis,Horsens vs Aarhus Fremad,1_Division,2025-07-19,DNK,NaN,,true,NaN,,NaN,true,,NaN,NaN,true,Center,,true,NaN,NaN,NaN,true,NaN,,NaN,NaN,,NaN,,,,56.0,69.4,NaN,,,NaN,NaN,NaN,NaN,true,,NaN,99.0,50.4,NaN,,0.23920747637748718,0.0,,3,2,true,,,,,,,NaN,,,,,,,,,,NaN,,NaN,NaN,NaN,NaN,NaN,NaN,NaN,,,,,,,,,
a9vw7ikerpr4cuweeeka5aneg,Horsens,2827933981,788,15,2,95,7,A. Saine,7353ysa16qgg30b9z5qiagys4,1,89.1,66.4,2025-07-19T15:54:45.521,2025-07-19T15:56:38,1.0,"{""id"": 5800666581, ""qualifierId"": 102, ""value"": ""48.7""}",btk54zcps9pizk65pevt2pzis,Horsens vs Aarhus Fremad,1_Division,2025-07-19,DNK,NaN,,NaN,NaN,,true,NaN,,NaN,NaN,true,Center,,NaN,NaN,NaN,NaN,NaN,true,,NaN,true,,NaN,,,,48.7,19,NaN,,,true,92.5,60.8,NaN,true,,NaN,97.6,54.3,NaN,,0.041252296417951584,0.0,,3,2,NaN,,,,,,,NaN,,,,,,,,,,NaN,,NaN,true,NaN,NaN,true,NaN,true,,,,,,,,,
b8oqgvx1ijeyn6y1cn6929ix4,Kolding,2829148503,127,15,1,12,1,C. Jørgensen,9fvf8z6p8ok0n5vu999ysfywa,1,71.0,49.5,2025-07-25T17:13:40.561,2025-07-28T07:29:28,NaN,"{""id"": 5807483021, ""qualifierId"": 22}",busfsm4t1ka6tafil06i8jfo4,Horsens vs Kolding,1_Division,2025-07-25,DNK,NaN,NaN,NaN,true,,NaN,true,NaN,NaN,NaN,NaN,Center,,true,NaN,NaN,NaN,,true,NaN,NaN,NaN,,,,,,51.0,13.3,NaN,,,,97.1,49.6,,NaN,NaN,true,NaN,NaN,112,NaN,0.02134018763899803,0.018320219591259956,NaN,1,3,NaN,NaN,NaN,NaN,NaN,NaN,NaN,true,,,,,,,,,,NaN,,NaN,NaN,NaN,,NaN,,,NaN,NaN,NaN,NaN,NaN,NaN,,,
b8oqgvx1ijeyn6y1cn6929ix4,Kolding,2829148519,128,15,1,12,1,S. Yatéké,9ircna8pbskreztmy1wiqwx9m,1,90.3,48.5,2025-07-25T17:13:41.092,2025-07-28T07:29:29,NaN,"{""id"": 5807483107, ""qualifierId"": 17}",busfsm4t1ka6tafil06i8jfo4,Horsens vs Kolding,1_Division,2025-07-25,DNK,NaN,NaN,true,NaN,,true,true,NaN,NaN,NaN,NaN,Center,,NaN,NaN,NaN,NaN,,true,NaN,NaN,NaN,,,,,,51.0,17.1,true,,,,93.8,48.6,,NaN,true,NaN,NaN,NaN,113,NaN,0.11135467886924744,0.2291640341281891,true,3,2,true,127,NaN,NaN,NaN,NaN,NaN,true,,,,,,,,,,NaN,,NaN,NaN,NaN,,NaN,,,NaN,NaN,NaN,NaN,NaN,NaN,,,
a9vw7ikerpr4cuweeeka5aneg,Horsens,2829149499,129,15,1,15,12,I. Miličević,9cg2dx19fx5be3zewtmx97e95,1,76.2,55.0,2025-07-25T17:16:51.725,2025-07-25T17:18:21,NaN,"{""id"": 5807488713, ""qualifierId"": 18}",busfsm4t1ka6tafil06i8jfo4,Horsens vs Kolding,1_Division,2025-07-25,DNK,NaN,NaN,NaN,true,,NaN,NaN,NaN,true,NaN,NaN,Center,,true,NaN,NaN,true,,NaN,NaN,NaN,true,,,,,,52.2,19,true,,,,78.8,54.7,,NaN,NaN,true,98.2,49.8,151,NaN,0.008359256200492382,0.0,NaN,3,3,true,NaN,NaN,NaN,NaN,NaN,NaN,true,,,,,,,,,,NaN,,NaN,NaN,NaN,,NaN,,,NaN,NaN,NaN,NaN,NaN,NaN,,,
b8oqgvx1ijeyn6y1cn6929ix4,Kolding,2829149395,149,15,1,9,14,C. Jørgensen,9fvf8z6p8ok0n5vu999ysfywa,1,82.1,49.3,2025-07-25T17:10:54.316,2025-07-25T17:17:46,NaN,"{""id"": 5807488523, ""qualifierId"": 146, ""value"": ""93.7""}",busfsm4t1ka6tafil06i8jfo4,Horsens vs Kolding,1_Division,2025-07-25,DNK,NaN,NaN,NaN,true,,NaN,NaN,NaN,NaN,NaN,NaN,Center,,true,NaN,NaN,NaN,,true,NaN,NaN,true,,,,,,48.4,19,true,,,,93.7,48.7,,NaN,NaN,NaN,98.6,50,137,NaN,0.046424444764852524,0.0,NaN,2,2,true,NaN,NaN,NaN,NaN,NaN,NaN,true,,,,,,,,,,NaN,,NaN,NaN,NaN,,true,,,NaN,NaN,NaN,NaN,NaN,NaN,,,
a9vw7ikerpr4cuweeeka5aneg,Horsens,2829152185,204,13,1,24,11,I. Miličević,9cg2dx19fx5be3zewtmx97e95,1,76.0,65.4,2025-07-25T17:25:50.829,2025-07-25T17:27:00,1.0,"{""id"": 5807504447, ""qualifierId"": 18}",busfsm4t1ka6tafil06i8jfo4,Horsens vs Kolding,1_Division,2025-07-25,DNK,NaN,NaN,NaN,true,,NaN,NaN,true,NaN,NaN,true,Center,,true,NaN,NaN,NaN,,NaN,NaN,NaN,NaN,,,,,,37.8,26.4,NaN,,,,NaN,NaN,,NaN,NaN,true,98.4,51.6,NaN,NaN,0.032532621175050735,0.0,NaN,2,2,NaN,NaN,NaN,NaN,NaN,NaN,NaN,NaN,,,,,,,,,,NaN,,NaN,NaN,true,,NaN,,,NaN,NaN,NaN,NaN,NaN,NaN,,,
b8oqgvx1ijeyn6y1cn6929ix4,Kolding,2829155137,288,16,1,33,11,M. Saaby,423hv4unq5vvnp7kecv6wp3is,1,81.2,42.1,2025-07-25T17:34:51.085,2025-07-28T09:29:08,1.0,"{""id"": 5807522359, ""qualifierId"": 103, ""value"": ""8.9""}",busfsm4t1ka6tafil06i8jfo4,Horsens vs Kolding,1_Division,2025-07-25,DNK,NaN,NaN,NaN,true,,true,true,NaN,NaN,NaN,true,Center,,NaN,NaN,NaN,true,,NaN,NaN,NaN,NaN,,,,,,52.9,8.9,NaN,,,,NaN,NaN,,NaN,NaN,true,97.5,49.3,NaN,true,0.061547521501779556,0.12663444876670837,NaN,2,2,NaN,NaN,2025-07-25 18:34:49.858,33:10.527,NaN,97.5,50.9,NaN,,,,,,,,,,NaN,,NaN,NaN,NaN,,NaN,,,NaN,NaN,NaN,NaN,NaN,NaN,,,
b8oqgvx1ijeyn6y1cn6929ix4,Kolding,2829158223,344,15,1,40,50,M. Olsen,4zpmxlmdfa5wx79cr0q14pfx1,1,88.4,68.7,2025-07-25T17:42:29.961,2025-07-28T09:29:08,1.0,"{""id"": 5807539487, ""qualifierId"": 147, ""value"": ""52.3""}",busfsm4t1ka6tafil06i8jfo4,Horsens vs Kolding,1_Division,2025-07-25,DNK,NaN,NaN,NaN,NaN,,true,true,NaN,NaN,NaN,true,Center,,NaN,NaN,NaN,NaN,,true,NaN,NaN,NaN,,,,,,49.8,15.8,NaN,,,,99.0,52.3,,true,NaN,NaN,NaN,NaN,353,NaN,0.03773796185851097,0.019772039726376534,NaN,2,2,NaN,NaN,NaN,NaN,NaN,NaN,NaN,NaN,,,,,,,,,,NaN,,NaN,true,NaN,,NaN,,,NaN,NaN,NaN,NaN,NaN,NaN,,,
b8oqgvx1ijeyn6y1cn6929ix4,Kolding,2829158547,350,15,1,41,45,C. Jørgensen,9fvf8z6p8ok0n5vu999ysfywa,1,81.8,48.5,2025-07-25T17:43:25.053,2025-07-25T17:45:02,NaN,"{""id"": 4611686018471140471, ""qualifierId"": 322, ""value"": ""0.0""}",busfsm4t1ka6tafil06i8jfo4,Horsens vs Kolding,1_Division,2025-07-25,DNK,NaN,NaN,NaN,true,,NaN,NaN,NaN,NaN,NaN,NaN,Center,,true,NaN,NaN,NaN,,true,NaN,NaN,true,,,,,,49.1,19,true,,,,83.6,48.6,,NaN,NaN,NaN,98.8,48.9,361,NaN,0.032361358404159546,0.0,NaN,3,3,true,NaN,NaN,NaN,NaN,NaN,NaN,true,,,,,,,,,,NaN,,NaN,NaN,NaN,,true,,,NaN,NaN,NaN,NaN,NaN,NaN,,,
b8oqgvx1ijeyn6y1cn6929ix4,Kolding,2829158639,354,13,1,41,58,I. Tånnander,6bajck5osvj7trnwt2a5mc3dg,1,95.1,54.2,2025-07-25T17:43:37.972,2025-07-25T17:44:50,1.0,"{""id"": 5807541759, ""qualifierId"": 103, ""value"": ""58.3""}",busfsm4t1ka6tafil06i8jfo4,Horsens vs Kolding,1_Division,2025-07-25,DNK,true,true,NaN,NaN,,NaN,true,NaN,NaN,NaN,true,Center,,NaN,NaN,NaN,NaN,,NaN,NaN,NaN,NaN,,,,,,59.2,58.3,NaN,,,,NaN,NaN,,true,true,NaN,99.5,52.2,NaN,NaN,0.4650847911834717,0.0,NaN,1,1,true,NaN,NaN,NaN,NaN,NaN,NaN,NaN,,,,,,,,,,NaN,,NaN,NaN,NaN,,NaN,,,true,NaN,NaN,NaN,NaN,NaN,,,
b8oqgvx1ijeyn6y1cn6929ix4,Kolding,2829159633,381,15,1,44,24,M. Saaby,423hv4unq5vvnp7kecv6wp3is,1,77.4,65.0,2025-07-25T17:46:03.667,2025-07-25T17:47:14,1.0,"{""id"": 4611686018471140487, ""qualifierId"": 322, ""value"": ""0.0""}",busfsm4t1ka6tafil06i8jfo4,Horsens vs Kolding,1_Division,2025-07-25,DNK,NaN,NaN,NaN,true,,true,true,NaN,NaN,NaN,true,Center,,NaN,NaN,NaN,NaN,,NaN,true,NaN,true,,,,,,47.9,19,NaN,,,,79.8,63.2,,NaN,NaN,true,98.2,51.6,378,NaN,0.013726741075515747,0.0,NaN,3,3,NaN,NaN,NaN,NaN,NaN,NaN,NaN,NaN,,,,,,,,,,NaN,,NaN,NaN,NaN,,NaN,,,NaN,NaN,NaN,NaN,NaN,NaN,,,
b8oqgvx1ijeyn6y1cn6929ix4,Kolding,2829165537,448,13,2,49,51,J. Vadstrup,b55jtl3ixolidn6cvc4t90efo,1,86.8,56.0,2025-07-25T18:09:33.185,2025-07-25T18:10:48,1.0,"{""id"": 4611686018471140695, ""qualifierId"": 322, ""value"": ""0.0""}",busfsm4t1ka6tafil06i8jfo4,Horsens vs Kolding,1_Division,2025-07-25,DNK,true,NaN,true,NaN,,NaN,NaN,NaN,NaN,true,true,Center,,NaN,NaN,NaN,NaN,,NaN,NaN,NaN,NaN,,,,,,32.9,16.7,NaN,,,,NaN,NaN,,true,NaN,NaN,99.0,50.9,NaN,NaN,0.011049612425267696,0.0,NaN,3,3,true,NaN,NaN,NaN,NaN,NaN,NaN,NaN,,,,,,,,,,NaN,,NaN,NaN,true,,NaN,,,NaN,NaN,NaN,NaN,NaN,NaN,,,
a9vw7ikerpr4cuweeeka5aneg,Horsens,2829164713,456,14,2,46,55,S. Pingel,3epwf56ozg73hueacwmckk0r9,1,89.9,55.8,2025-07-25T18:06:37.507,2025-07-25T18:09:45,1.0,"{""id"": 5807575531, ""qualifierId"": 22}",busfsm4t1ka6tafil06i8jfo4,Horsens vs Kolding,1_Division,2025-07-25,DNK,NaN,NaN,true,NaN,,NaN,true,NaN,NaN,NaN,true,Center,,true,NaN,NaN,NaN,,NaN,NaN,NaN,NaN,,,,,,44.7,7.6,true,,,,NaN,NaN,,true,true,NaN,97.3,52.0,NaN,NaN,0.31093907356262207,0.0,NaN,2,1,NaN,NaN,NaN,NaN,NaN,NaN,NaN,NaN,,,,,,,,,,NaN,,NaN,NaN,true,,NaN,,,NaN,NaN,NaN,NaN,NaN,NaN,,,
a9vw7ikerpr4cuweeeka5aneg,Horsens,2829165169,457,16,2,47,2,F. Brandhof,ca1b5707pdpx0ucug40ggnahh,1,93.0,50.7,2025-07-25T18:06:44.425,2025-07-28T12:29:17,NaN,"{""id"": 5807578599, ""qualifierId"": 231, ""value"": ""50.2""}",busfsm4t1ka6tafil06i8jfo4,Horsens vs Kolding,1_Division,2025-07-25,DNK,NaN,NaN,true,NaN,,NaN,true,NaN,NaN,NaN,NaN,Center,,true,NaN,NaN,NaN,,true,NaN,NaN,NaN,,,,,,51.0,7.0,NaN,,,,NaN,NaN,,NaN,true,NaN,96.9,50.2,NaN,NaN,0.1781686544418335,0.15105757117271423,NaN,3,2,true,NaN,2025-07-25 19:06:43.983,47:02.322,NaN,97.6,50,true,,,,,,,,,,NaN,,NaN,NaN,NaN,,NaN,,,NaN,true,POST,224123,2289,456,,,
a9vw7ikerpr4cuweeeka5aneg,Horsens,2829166807,491,16,2,52,42,S. Pingel,3epwf56ozg73hueacwmckk0r9,1,88.3,58.5,2025-07-25T18:12:24.483,2025-07-28T12:29:17,1.0,"{""id"": 5807587793, ""qualifierId"": 15}",busfsm4t1ka6tafil06i8jfo4,Horsens vs Kolding,1_Division,2025-07-25,DNK,true,NaN,true,NaN,,NaN,true,NaN,NaN,NaN,true,Center,,NaN,NaN,NaN,NaN,,NaN,NaN,true,NaN,,,,,,46.4,29.1,NaN,,,,NaN,NaN,,true,NaN,NaN,98.0,50.7,NaN,NaN,0.031329430639743805,0.20291896164417267,NaN,2,2,true,NaN,2025-07-25 19:12:23.668,52:42.007,NaN,98.0,48.4,NaN,,,,,,,,,,NaN,,NaN,NaN,NaN,,NaN,,,NaN,NaN,NaN,NaN,NaN,NaN,,,
b8oqgvx1ijeyn6y1cn6929ix4,Kolding,2829168383,528,13,2,58,41,I. Tånnander,6bajck5osvj7trnwt2a5mc3dg,1,95.4,45.0,2025-07-25T18:18:22.738,2025-07-25T18:19:30,1.0,"{""id"": 5807735115, ""qualifierId"": 214}",busfsm4t1ka6tafil06i8jfo4,Horsens vs Kolding,1_Division,2025-07-25,DNK,true,true,NaN,NaN,,NaN,true,NaN,NaN,NaN,true,Center,,NaN,NaN,NaN,NaN,,NaN,NaN,NaN,NaN,,,,,,40.0,31.9,NaN,,,,NaN,NaN,,true,true,NaN,99.9,48.9,NaN,NaN,0.3575664162635803,0.0,NaN,1,1,true,NaN,NaN,NaN,NaN,NaN,NaN,NaN,,,,,,,,,,NaN,,NaN,NaN,true,,NaN,,,NaN,NaN,NaN,NaN,NaN,NaN,,,
b8oqgvx1ijeyn6y1cn6929ix4,Kolding,2829169151,566,15,2,61,46,S. Yatéké,9ircna8pbskreztmy1wiqwx9m,1,76.8,58.3,2025-07-25T18:21:28.392,2025-07-25T18:22:37,1.0,"{""id"": 5807601137, ""qualifierId"": 147, ""value"": ""57.6""}",busfsm4t1ka6tafil06i8jfo4,Horsens vs Kolding,1_Division,2025-07-25,DNK,NaN,NaN,NaN,true,,true,true,NaN,NaN,NaN,true,Center,,NaN,NaN,NaN,NaN,,true,NaN,NaN,true,,,,,,51.2,19,NaN,,,,79.2,57.6,,NaN,NaN,true,98.4,51.6,527,NaN,0.020251162350177765,0.0,NaN,3,2,true,NaN,NaN,NaN,NaN,NaN,NaN,NaN,,,,,,,,,,NaN,,NaN,NaN,NaN,,NaN,,,NaN,NaN,NaN,NaN,NaN,NaN,,,
a9vw7ikerpr4cuweeeka5aneg,Horsens,2829170743,574,15,2,69,18,K. Kirkegaard,3ylgelxr6ssp42hidfnchqp2i,1,79.9,70.5,2025-07-25T18:28:59.951,2025-07-25T18:30:13,1.0,"{""id"": 5807610137, ""qualifierId"": 233, ""value"": ""626""}",busfsm4t1ka6tafil06i8jfo4,Horsens vs Kolding,1_Division,2025-07-25,DNK,NaN,NaN,NaN,true,,true,true,NaN,NaN,NaN,true,Center,,NaN,NaN,NaN,true,,NaN,NaN,NaN,true,,,,,,51.8,19,NaN,,,,83.3,67.3,,NaN,NaN,true,99.1,50.5,626,NaN,0.01989658921957016,0.0,NaN,2,2,NaN,NaN,NaN,NaN,NaN,NaN,NaN,NaN,,,,,,,,,,NaN,,NaN,NaN,NaN,,NaN,,,NaN,NaN,NaN,NaN,NaN,NaN,,,
b8oqgvx1ijeyn6y1cn6929ix4,Kolding,2829172223,668,13,2,74,35,S. Yatéké,9ircna8pbskreztmy1wiqwx9m,1,68.1,21.7,2025-07-25T18:34:17.193,2025-07-25T18:35:26,1.0,"{""id"": 5807618175, ""qualifierId"": 327, ""value"": ""1""}",busfsm4t1ka6tafil06i8jfo4,Horsens vs Kolding,1_Division,2025-07-25,DNK,NaN,NaN,NaN,true,,true,NaN,true,NaN,NaN,true,Center,,NaN,NaN,NaN,NaN,,NaN,NaN,true,NaN,,,,,,31.1,66.7,true,,,,NaN,NaN,,NaN,NaN,true,95.4,43.9,NaN,NaN,0.010674660094082355,0.0,NaN,2,1,true,NaN,NaN,NaN,true,NaN,NaN,NaN,,,,,,,,,,NaN,,NaN,NaN,NaN,,NaN,,,NaN,NaN,NaN,NaN,NaN,NaN,,,
a9vw7ikerpr4cuweeeka5aneg,Horsens,2829174895,683,13,2,80,47,P. Olsen,8jotzm26md7pzdy2gn474chqt,1,68.8,60.9,2025-07-25T18:40:28.747,2025-07-25T18:41:38,NaN,"{""id"": 5807633321, ""qualifierId"": 103, ""value"": ""8.3""}",busfsm4t1ka6tafil06i8jfo4,Horsens vs Kolding,1_Division,2025-07-25,DNK,NaN,NaN,NaN,true,,true,true,NaN,NaN,NaN,NaN,Center,,NaN,true,NaN,NaN,,NaN,NaN,NaN,NaN,,,,,,62.4,8.3,NaN,,,,NaN,NaN,,NaN,NaN,true,97.5,50.5,NaN,NaN,0.011240432038903236,0.0,NaN,1,3,true,NaN,NaN,NaN,NaN,NaN,NaN,true,,,,,,,,,,NaN,,NaN,NaN,NaN,,NaN,,,NaN,NaN,NaN,NaN,NaN,NaN,,,
b8oqgvx1ijeyn6y1cn6929ix4,Kolding,2829173231,703,13,2,77,7,N. Morberg,5u9zrgsm6wycfcbk04m64wd1w,1,86.2,50.9,2025-07-25T18:36:48.797,2025-07-25T18:37:57,NaN,"{""id"": 5807623859, ""qualifierId"": 20}",busfsm4t1ka6tafil06i8jfo4,Horsens vs Kolding,1_Division,2025-07-25,DNK,NaN,NaN,true,NaN,,true,true,NaN,NaN,NaN,NaN,Center,,NaN,NaN,true,NaN,,NaN,NaN,NaN,NaN,,,,,,48.4,70.8,true,,,,NaN,NaN,,NaN,NaN,NaN,98.6,50.9,NaN,NaN,0.11557140201330185,0.0,NaN,1,2,true,NaN,NaN,NaN,NaN,NaN,NaN,true,,,,,,,,,,NaN,,NaN,NaN,NaN,,NaN,,,NaN,NaN,NaN,NaN,NaN,NaN,,,
b8oqgvx1ijeyn6y1cn6929ix4,Kolding,2829174047,714,13,2,78,57,C. Jørgensen,9fvf8z6p8ok0n5vu999ysfywa,1,72.3,53.0,2025-07-25T18:38:39.013,2025-07-25T18:39:48,NaN,"{""id"": 5807628839, ""qualifierId"": 230, ""value"": ""98.2""}",busfsm4t1ka6tafil06i8jfo4,Horsens vs Kolding,1_Division,2025-07-25,DNK,NaN,NaN,NaN,true,,NaN,NaN,NaN,NaN,NaN,NaN,Center,,true,NaN,true,NaN,,NaN,NaN,NaN,NaN,,,,,,50.8,76.4,NaN,,,,NaN,NaN,,NaN,NaN,NaN,98.2,49.8,NaN,NaN,0.038928285241127014,0.0,NaN,1,3,NaN,NaN,NaN,NaN,NaN,NaN,NaN,true,,,,,,,,,,true,,NaN,NaN,NaN,,NaN,,,NaN,NaN,NaN,NaN,NaN,NaN,,,
a9vw7ikerpr4cuweeeka5aneg,Horsens,2829181941,794,15,2,96,11,S. Doua,6qko3f8w2ap9ynbuq2g55i5n8,1,87.0,29.9,2025-07-25T18:55:52.774,2025-07-25T18:56:45,1.0,"{""id"": 5807671429, ""qualifierId"": 63}",busfsm4t1ka6tafil06i8jfo4,Horsens vs Kolding,1_Division,2025-07-25,DNK,NaN,NaN,NaN,NaN,,true,NaN,true,NaN,NaN,true,Center,,NaN,NaN,NaN,NaN,,NaN,true,NaN,true,,,,,,47.7,19,NaN,,,,89.1,32.8,,NaN,NaN,true,98.1,47.8,848,NaN,0.03127894923090935,0.0,NaN,3,2,NaN,NaN,NaN,NaN,NaN,NaN,NaN,NaN,,,,,,,,,,NaN,,true,NaN,NaN,,NaN,,,NaN,NaN,NaN,NaN,NaN,NaN,,,
8gxd9ry2580pu1b1dd5ny9ymy,Hvidovre,2832066399,131,13,1,17,15,A. Smed,dncrhma6gwcn6pxiu7hfc6qz8,1,76.8,43.8,2025-08-04T17:18:09.212,2025-08-04T17:19:23,NaN,"{""id"": 5823747035, ""qualifierId"": 18}",byfv298dz7mcx3c3svchnciz8,Hvidovre vs Horsens,1_Division,2025-08-04,DNK,NaN,,NaN,true,NaN,NaN,NaN,NaN,,NaN,NaN,Center,,true,NaN,true,NaN,,NaN,NaN,,NaN,NaN,NaN,,NaN,,44.5,72.2,true,,,,NaN,NaN,NaN,NaN,NaN,true,97.8,51.3,NaN,,0.036427997052669525,0.0,,1,3,true,,,,,,,true,,,,,,,,,,,,,NaN,NaN,,true,,NaN,,,,,,,NaN,,
8gxd9ry2580pu1b1dd5ny9ymy,Hvidovre,2832070021,252,15,1,29,39,N. Clausen,6dzg820946z4848whaa6ny2nd,1,70.0,67.3,2025-08-04T17:30:32.946,2025-08-04T17:32:23,1.0,"{""id"": 5823769033, ""qualifierId"": 230, ""value"": ""98.0""}",byfv298dz7mcx3c3svchnciz8,Hvidovre vs Horsens,1_Division,2025-08-04,DNK,NaN,,NaN,true,NaN,NaN,true,NaN,,NaN,true,Center,,true,NaN,NaN,NaN,,true,NaN,,true,NaN,NaN,,NaN,,51.3,19,NaN,,,,75.0,64.6,NaN,NaN,NaN,true,98.0,48.7,287,,0.013054199516773224,0.0,,2,2,NaN,,,,,,,NaN,,,,,,,,,,,,,NaN,NaN,,NaN,,NaN,,,,,,,NaN,,
a9vw7ikerpr4cuweeeka5aneg,Horsens,2832071263,320,13,1,33,18,I. Miličević,9cg2dx19fx5be3zewtmx97e95,1,89.5,68.6,2025-08-04T17:34:12.128,2025-08-04T17:35:40,1.0,"{""id"": 5823775575, ""qualifierId"": 146, ""value"": ""93.3""}",byfv298dz7mcx3c3svchnciz8,Hvidovre vs Horsens,1_Division,2025-08-04,DNK,NaN,,NaN,NaN,NaN,NaN,true,NaN,,NaN,true,Center,,true,NaN,NaN,NaN,,NaN,NaN,,NaN,NaN,NaN,,NaN,,29.2,19,true,,,,93.3,50.4,true,true,NaN,NaN,99.4,53.3,NaN,,0.05093296989798546,0.0,,1,2,true,,,,,,,NaN,,,,,,,,,,,,,true,true,,NaN,,NaN,,,,,,,NaN,,
a9vw7ikerpr4cuweeeka5aneg,Horsens,2832071519,325,13,1,34,6,P. Olsen,8jotzm26md7pzdy2gn474chqt,1,71.6,51.7,2025-08-04T17:35:00.390,2025-08-04T17:36:07,NaN,"{""id"": 4611686018471221259, ""qualifierId"": 322, ""value"": ""0.0""}",byfv298dz7mcx3c3svchnciz8,Hvidovre vs Horsens,1_Division,2025-08-04,DNK,NaN,,NaN,true,NaN,true,NaN,NaN,,NaN,NaN,Center,,NaN,NaN,NaN,NaN,,NaN,NaN,,NaN,true,NaN,,NaN,,58.3,18.1,NaN,,,,NaN,NaN,NaN,NaN,NaN,true,96.5,49.5,NaN,,0.017494847998023033,0.0,,1,3,true,,,,,,,true,,,,,,,,,,,,,NaN,NaN,,true,,NaN,,,,,,,NaN,,
a9vw7ikerpr4cuweeeka5aneg,Horsens,2832073511,405,15,1,40,26,S. Pingel,3epwf56ozg73hueacwmckk0r9,1,86.7,43.6,2025-08-04T17:41:20.147,2025-08-05T09:22:54,1.0,"{""id"": 5823787551, ""qualifierId"": 233, ""value"": ""351""}",byfv298dz7mcx3c3svchnciz8,Hvidovre vs Horsens,1_Division,2025-08-04,DNK,NaN,,true,NaN,NaN,NaN,true,NaN,,NaN,true,Center,,true,NaN,NaN,NaN,,true,NaN,,NaN,NaN,NaN,,NaN,,50.3,7.0,NaN,,,,95.3,47.1,NaN,true,NaN,NaN,NaN,NaN,351,,0.22969280183315277,0.15796837210655212,,2,1,true,,,,,,,NaN,,,,,,,,,,,,,NaN,NaN,,NaN,,NaN,,,,,,,NaN,,
8gxd9ry2580pu1b1dd5ny9ymy,Hvidovre,2832078167,477,15,2,52,30,E. Aby,907vtkod58b7986k7u1619gr8,1,82.5,30.5,2025-08-04T18:08:40.179,2025-08-04T18:10:13,NaN,"{""id"": 5823814103, ""qualifierId"": 56, ""value"": ""Center""}",byfv298dz7mcx3c3svchnciz8,Hvidovre vs Horsens,1_Division,2025-08-04,DNK,NaN,,NaN,true,NaN,NaN,NaN,true,,NaN,NaN,Center,,true,NaN,NaN,NaN,,true,NaN,,true,NaN,NaN,,NaN,,48.2,19,NaN,,,,89.3,38.4,NaN,NaN,NaN,true,98.2,46.0,545,,0.029213830828666687,0.0,,3,2,NaN,,,,,,,true,,,,,,,,,,,,,NaN,NaN,,NaN,,NaN,,,,,,,NaN,,
a9vw7ikerpr4cuweeeka5aneg,Horsens,2832077241,498,13,2,49,2,I. Miličević,9cg2dx19fx5be3zewtmx97e95,1,75.7,75.2,2025-08-04T18:05:12.314,2025-08-04T18:06:35,NaN,"{""id"": 5823809065, ""qualifierId"": 22}",byfv298dz7mcx3c3svchnciz8,Hvidovre vs Horsens,1_Division,2025-08-04,DNK,NaN,,NaN,true,NaN,NaN,true,NaN,,NaN,NaN,Center,,true,NaN,NaN,NaN,,NaN,NaN,,NaN,true,NaN,,NaN,,58.7,19.4,NaN,,,,NaN,NaN,NaN,NaN,NaN,true,97.8,52.3,NaN,,0.013643968850374222,0.0,,2,2,NaN,,,,,,,true,,,,,,,,,,,,,NaN,NaN,,NaN,,NaN,,,,,,,NaN,,
a9vw7ikerpr4cuweeeka5aneg,Horsens,2832077479,504,15,2,50,14,S. Pingel,3epwf56ozg73hueacwmckk0r9,1,88.7,60.5,2025-08-04T18:06:24.379,2025-08-05T17:24:18,1.0,"{""id"": 5824452873, ""qualifierId"": 80}",byfv298dz7mcx3c3svchnciz8,Hvidovre vs Horsens,1_Division,2025-08-04,DNK,NaN,,true,NaN,NaN,true,NaN,true,,NaN,true,Center,,NaN,NaN,NaN,NaN,,NaN,true,,NaN,NaN,NaN,,NaN,,48.1,19.6,NaN,,,,93.0,56.1,NaN,true,true,NaN,NaN,NaN,463,,0.3293570578098297,0.2868233025074005,,3,1,NaN,,,,,,,NaN,,,,,,,,,,,,,NaN,NaN,,NaN,,NaN,,,,,,,true,,
8gxd9ry2580pu1b1dd5ny9ymy,Hvidovre,2832079307,505,13,2,55,31,O. Kjærgaard,cl4xl80n4gew1ox03r3ooshrd,1,87.0,38.0,2025-08-04T18:11:41.107,2025-08-04T18:13:23,1.0,"{""id"": 5823946051, ""qualifierId"": 17}",byfv298dz7mcx3c3svchnciz8,Hvidovre vs Horsens,1_Division,2025-08-04,DNK,true,,true,NaN,NaN,NaN,true,NaN,,NaN,true,Center,,NaN,true,NaN,NaN,,NaN,NaN,,NaN,NaN,NaN,,NaN,,62.2,15.3,NaN,,,,89.5,76.4,true,true,NaN,NaN,98.6,48.9,NaN,,0.025196198374032974,0.0,,2,1,true,,,,,,,NaN,,,,,,,,,,,,,NaN,NaN,,NaN,,NaN,,,,,,,NaN,,
a9vw7ikerpr4cuweeeka5aneg,Horsens,2832078459,559,15,2,53,20,K. Kirkegaard,3ylgelxr6ssp42hidfnchqp2i,1,89.8,61.2,2025-08-04T18:09:29.702,2025-08-05T17:24:18,1.0,"{""id"": 5823815791, ""qualifierId"": 17}",byfv298dz7mcx3c3svchnciz8,Hvidovre vs Horsens,1_Division,2025-08-04,DNK,NaN,,true,NaN,NaN,NaN,true,NaN,,NaN,true,Center,,true,NaN,NaN,true,,NaN,NaN,,NaN,NaN,NaN,,NaN,,52.9,13.9,NaN,,,,97.8,52.3,NaN,true,NaN,NaN,NaN,NaN,483,,0.1297907531261444,0.48277658224105835,,2,3,NaN,,,,,,,NaN,,,,,,,,,,,,,NaN,NaN,,NaN,,NaN,,,,,,,NaN,,
a9vw7ikerpr4cuweeeka5aneg,Horsens,2832080351,589,13,2,58,29,S. Pingel,3epwf56ozg73hueacwmckk0r9,1,86.1,51.3,2025-08-04T18:14:38.949,2025-08-04T18:15:49,1.0,"{""id"": 4611686018471221539, ""qualifierId"": 322, ""value"": ""0.0""}",byfv298dz7mcx3c3svchnciz8,Hvidovre vs Horsens,1_Division,2025-08-04,DNK,true,,true,NaN,NaN,NaN,true,NaN,,NaN,true,Center,,NaN,NaN,NaN,NaN,,NaN,NaN,,NaN,NaN,true,,NaN,,42.4,19.4,NaN,,,,NaN,NaN,NaN,true,true,NaN,97.2,50.5,NaN,,0.047861065715551376,0.0,,1,1,true,,,,,,,NaN,,,,,,,,,,,,,NaN,NaN,,NaN,,NaN,,,,,,,NaN,,
8gxd9ry2580pu1b1dd5ny9ymy,Hvidovre,2832083657,623,13,2,69,7,F. Krogstad,dm6xpphbyyooqriwaambi7njd,1,78.0,39.7,2025-08-04T18:25:17.072,2025-08-04T18:26:33,NaN,"{""id"": 5823845837, ""qualifierId"": 56, ""value"": ""Center""}",byfv298dz7mcx3c3svchnciz8,Hvidovre vs Horsens,1_Division,2025-08-04,DNK,NaN,,NaN,true,NaN,true,true,NaN,,NaN,NaN,Center,,NaN,NaN,NaN,NaN,,NaN,NaN,,NaN,NaN,true,,NaN,,42.5,19.4,NaN,,,,NaN,NaN,NaN,NaN,NaN,true,97.8,48.0,NaN,,0.03736800700426102,0.0,,2,2,NaN,,,,,,,true,,,,,,,,,,,,,NaN,NaN,,NaN,,true,,,,,,,NaN,,
a9vw7ikerpr4cuweeeka5aneg,Horsens,2832084767,696,13,2,72,22,A. Saine,7353ysa16qgg30b9z5qiagys4,1,60.3,37.1,2025-08-04T18:28:32.316,2025-08-04T18:29:41,1.0,"{""id"": 5823852153, ""qualifierId"": 56, ""value"": ""Center""}",byfv298dz7mcx3c3svchnciz8,Hvidovre vs Horsens,1_Division,2025-08-04,DNK,NaN,,NaN,NaN,true,true,true,NaN,,NaN,true,Center,,NaN,NaN,true,NaN,,NaN,NaN,,NaN,NaN,NaN,,NaN,,54.6,76.4,NaN,,,,NaN,NaN,NaN,NaN,NaN,true,97.7,48.4,NaN,,0.011809363961219788,0.0,,2,2,NaN,,,,,,,NaN,,,,,,,,,,,,,NaN,NaN,,NaN,,NaN,,,,,,,NaN,,
8gxd9ry2580pu1b1dd5ny9ymy,Hvidovre,2832090999,802,15,2,90,33,D. Stenderup,a30gduuv9d1s4pkthgu2jhyol,1,91.9,41.0,2025-08-04T18:46:43.390,2025-08-04T18:48:21,1.0,"{""id"": 5823889595, ""qualifierId"": 233, ""value"": ""842""}",byfv298dz7mcx3c3svchnciz8,Hvidovre vs Horsens,1_Division,2025-08-04,DNK,true,,true,NaN,NaN,NaN,NaN,NaN,,true,true,Center,,NaN,NaN,NaN,NaN,,NaN,true,,true,NaN,NaN,,true,,46.9,19,NaN,,,,94.3,42.8,NaN,true,NaN,NaN,99.0,48.2,842,,0.03112841211259365,0.0,,2,2,true,,,,,,,NaN,,,,,,,,,,,,,NaN,NaN,,NaN,,NaN,,,,,,,NaN,,
8gxd9ry2580pu1b1dd5ny9ymy,Hvidovre,2832091033,803,13,2,90,36,O. Kjærgaard,cl4xl80n4gew1ox03r3ooshrd,1,89.0,53.0,2025-08-04T18:46:45.605,2025-08-04T18:47:56,NaN,"{""id"": 4611686018471221823, ""qualifierId"": 322, ""value"": ""0.0""}",byfv298dz7mcx3c3svchnciz8,Hvidovre vs Horsens,1_Division,2025-08-04,DNK,NaN,,true,NaN,NaN,NaN,NaN,NaN,,true,NaN,Center,,true,true,NaN,NaN,,NaN,NaN,,NaN,NaN,NaN,,NaN,,66.4,37.5,NaN,,,,NaN,NaN,NaN,NaN,NaN,NaN,98.6,50.4,NaN,,0.051031358540058136,0.0,,3,3,true,,,,,,,true,,,,,,,,,,,,,NaN,NaN,,NaN,,NaN,,,,,,,NaN,,
a9vw7ikerpr4cuweeeka5aneg,Horsens,2832089207,813,15,2,85,34,Y. Ouorou,7hso2bszmf4qal560jhrg2904,1,81.2,32.7,2025-08-04T18:41:44.309,2025-08-04T18:42:47,1.0,"{""id"": 5823878279, ""qualifierId"": 102, ""value"": ""49.4""}",byfv298dz7mcx3c3svchnciz8,Hvidovre vs Horsens,1_Division,2025-08-04,DNK,NaN,,NaN,true,NaN,NaN,true,NaN,,NaN,true,Center,,true,NaN,NaN,NaN,,true,NaN,,true,NaN,NaN,,true,,49.4,19,NaN,,,,96.0,45.1,NaN,NaN,NaN,NaN,98.9,48.6,747,,0.01993766985833645,0.0,,3,2,NaN,,,,,,,NaN,,,,,,,,,,,,,NaN,NaN,,NaN,,NaN,,,,,,,NaN,,
a9vw7ikerpr4cuweeeka5aneg,Horsens,2832089519,821,15,2,86,33,F. Brandhof,ca1b5707pdpx0ucug40ggnahh,1,76.9,34.4,2025-08-04T18:42:42.548,2025-08-04T18:43:57,1.0,"{""id"": 5823881761, ""qualifierId"": 103, ""value"": ""19""}",byfv298dz7mcx3c3svchnciz8,Hvidovre vs Horsens,1_Division,2025-08-04,DNK,NaN,,NaN,true,NaN,NaN,true,NaN,,NaN,true,Center,,true,NaN,NaN,NaN,,true,NaN,,true,NaN,NaN,,NaN,,49.1,19,NaN,,,,80.2,37.5,NaN,NaN,NaN,true,98.1,47.7,763,,0.0153761962428689,0.0,,3,2,NaN,,,,,,,NaN,,,,,,,,,,,,,NaN,NaN,,NaN,,NaN,,,,,,,NaN,,
a9vw7ikerpr4cuweeeka5aneg,Horsens,2832091571,853,13,2,92,26,A. Moro,51ymbnikkta369rn3exb1g7bo,1,71.3,39.5,2025-08-04T18:48:36.064,2025-08-04T18:49:23,NaN,"{""id"": 5823892135, ""qualifierId"": 231, ""value"": ""49.5""}",byfv298dz7mcx3c3svchnciz8,Hvidovre vs Horsens,1_Division,2025-08-04,DNK,NaN,,NaN,true,NaN,true,NaN,NaN,,true,NaN,Center,,NaN,true,NaN,NaN,,NaN,NaN,,NaN,NaN,NaN,,NaN,,65.7,11.1,NaN,,,,NaN,NaN,NaN,NaN,NaN,true,98.8,49.5,NaN,,0.012669458985328674,0.0,,2,3,NaN,,,,,,,true,,,,,,,,,,,,,NaN,NaN,,NaN,,NaN,,,,,,,NaN,,
a9vw7ikerpr4cuweeeka5aneg,Horsens,2833027271,32,15,1,3,23,I. Miličević,9cg2dx19fx5be3zewtmx97e95,1,77.7,24.1,2025-08-09T15:04:03.317,2025-08-11T07:29:20,NaN,"{""id"": 5829122329, ""qualifierId"": 56, ""value"": ""Center""}",bzy8jlah4ljmffw2v1t6yn5lg,Horsens vs Middelfart,1_Division,2025-08-09,DNK,NaN,NaN,NaN,true,,NaN,NaN,,NaN,NaN,NaN,Center,NaN,true,NaN,NaN,NaN,NaN,NaN,NaN,true,NaN,NaN,,,NaN,NaN,47.9,22.8,NaN,,NaN,NaN,97.6,47.5,NaN,NaN,NaN,NaN,NaN,NaN,28,,0.034365806728601456,0.06821757555007935,NaN,1,3,NaN,NaN,NaN,NaN,,NaN,NaN,true,,,,,,,,,,true,,NaN,NaN,NaN,,NaN,,NaN,,NaN,NaN,NaN,NaN,NaN,,NaN,NaN
a9vw7ikerpr4cuweeeka5aneg,Horsens,2833039967,130,13,1,11,16,S. Pingel,3epwf56ozg73hueacwmckk0r9,1,83.0,37.0,2025-08-09T15:11:56.774,2025-08-09T15:13:06,1.0,"{""id"": 5829192069, ""qualifierId"": 215}",bzy8jlah4ljmffw2v1t6yn5lg,Horsens vs Middelfart,1_Division,2025-08-09,DNK,NaN,NaN,NaN,true,,NaN,true,,NaN,NaN,true,Center,NaN,true,NaN,true,NaN,NaN,NaN,NaN,NaN,NaN,NaN,,,NaN,NaN,48.1,73.6,NaN,,NaN,NaN,NaN,NaN,NaN,NaN,NaN,true,98.0,48.9,NaN,,0.02861092798411846,0.0,NaN,3,2,NaN,NaN,NaN,NaN,,NaN,NaN,NaN,,,,,,,,,,NaN,,NaN,NaN,NaN,,NaN,,NaN,,NaN,NaN,NaN,NaN,NaN,,NaN,NaN
a9vw7ikerpr4cuweeeka5aneg,Horsens,2833048343,187,15,1,16,15,S. Pingel,3epwf56ozg73hueacwmckk0r9,1,93.1,59.9,2025-08-09T15:16:55.466,2025-08-09T15:18:19,1.0,"{""id"": 5829243159, ""qualifierId"": 328}",bzy8jlah4ljmffw2v1t6yn5lg,Horsens vs Middelfart,1_Division,2025-08-09,DNK,true,NaN,true,NaN,,NaN,true,,NaN,NaN,true,Center,NaN,NaN,NaN,NaN,true,NaN,NaN,NaN,NaN,true,NaN,,,true,NaN,51.9,19,NaN,,NaN,NaN,94.5,58.3,NaN,true,NaN,NaN,99.5,50,131,,0.038779497146606445,0.0,NaN,3,2,true,NaN,NaN,NaN,,NaN,NaN,NaN,,,,,,,,,,NaN,,NaN,NaN,NaN,,NaN,,NaN,,NaN,NaN,NaN,NaN,NaN,,NaN,NaN
eq2jaitwsokibzx3wy7kb5gqp,Middelfart,2833058761,189,15,1,23,16,J. Wielzen,1id5av4i7p6tmhf1vuigvlmvo,1,86.1,36.0,2025-08-09T15:23:56.147,2025-08-09T15:25:12,1.0,"{""id"": 5829294585, ""qualifierId"": 147, ""value"": ""38.4""}",bzy8jlah4ljmffw2v1t6yn5lg,Horsens vs Middelfart,1_Division,2025-08-09,DNK,NaN,NaN,NaN,NaN,,true,true,,NaN,NaN,true,Center,NaN,NaN,NaN,NaN,true,NaN,NaN,NaN,NaN,true,NaN,,,NaN,NaN,52.9,19,NaN,,NaN,NaN,88.1,38.4,NaN,true,NaN,NaN,98.4,47.8,263,,0.028984881937503815,0.0,NaN,3,2,true,NaN,NaN,NaN,,NaN,NaN,NaN,,,,,,,,,,NaN,,true,NaN,NaN,,NaN,,NaN,,NaN,NaN,NaN,NaN,NaN,,NaN,NaN
a9vw7ikerpr4cuweeeka5aneg,Horsens,2833048973,192,15,1,16,56,F. Brandhof,ca1b5707pdpx0ucug40ggnahh,1,90.1,41.1,2025-08-09T15:17:36.706,2025-08-11T08:29:23,1.0,"{""id"": 5829241379, ""qualifierId"": 29}",bzy8jlah4ljmffw2v1t6yn5lg,Horsens vs Middelfart,1_Division,2025-08-09,DNK,NaN,NaN,true,NaN,,true,NaN,,NaN,true,true,Center,NaN,NaN,NaN,NaN,NaN,NaN,NaN,NaN,NaN,NaN,NaN,,,NaN,NaN,49.9,20.3,NaN,,NaN,NaN,97.8,49.5,NaN,true,true,NaN,NaN,NaN,134,,0.15733495354652405,0.24561093747615814,NaN,2,1,true,NaN,NaN,NaN,,NaN,NaN,NaN,,,,,,,,,,NaN,,NaN,NaN,NaN,,NaN,,NaN,,NaN,NaN,NaN,NaN,NaN,,true,NaN
a9vw7ikerpr4cuweeeka5aneg,Horsens,2833050131,195,13,1,17,35,S. Pingel,3epwf56ozg73hueacwmckk0r9,1,96.5,40.7,2025-08-09T15:18:15.593,2025-08-09T15:19:30,1.0,"{""id"": 5829245327, ""qualifierId"": 327, ""value"": ""2""}",bzy8jlah4ljmffw2v1t6yn5lg,Horsens vs Middelfart,1_Division,2025-08-09,DNK,true,NaN,NaN,NaN,,NaN,NaN,,NaN,true,true,Center,true,NaN,NaN,NaN,NaN,NaN,NaN,NaN,true,NaN,NaN,,,NaN,NaN,43.7,83.3,NaN,,NaN,NaN,NaN,NaN,NaN,true,NaN,NaN,98.6,46.4,NaN,,0.09380554407835007,0.0,NaN,2,2,true,NaN,NaN,NaN,,NaN,NaN,NaN,,,,,,,,,,NaN,,NaN,NaN,NaN,,NaN,,NaN,,NaN,NaN,NaN,NaN,NaN,,NaN,NaN
eq2jaitwsokibzx3wy7kb5gqp,Middelfart,2833063379,208,15,1,26,15,J. Wielzen,1id5av4i7p6tmhf1vuigvlmvo,1,85.8,33.1,2025-08-09T15:26:55.330,2025-08-09T15:29:26,NaN,"{""id"": 5829317377, ""qualifierId"": 63}",bzy8jlah4ljmffw2v1t6yn5lg,Horsens vs Middelfart,1_Division,2025-08-09,DNK,NaN,NaN,NaN,NaN,,true,NaN,,NaN,NaN,NaN,Center,NaN,NaN,NaN,NaN,NaN,NaN,NaN,true,NaN,true,NaN,,,NaN,NaN,48.1,19,NaN,,NaN,true,93.4,41.2,NaN,NaN,NaN,true,98.1,46.8,NaN,,0.030986875295639038,0.0,NaN,2,3,true,NaN,NaN,NaN,,NaN,NaN,true,,,,,,,,,,NaN,,true,NaN,NaN,,true,,NaN,,NaN,NaN,NaN,NaN,NaN,,NaN,NaN
a9vw7ikerpr4cuweeeka5aneg,Horsens,2833074831,358,13,1,33,40,K. Kirkegaard,3ylgelxr6ssp42hidfnchqp2i,1,79.7,45.8,2025-08-09T15:34:20.293,2025-08-09T15:35:45,NaN,"{""id"": 5829382463, ""qualifierId"": 321, ""value"": ""0.016974661499261856""}",bzy8jlah4ljmffw2v1t6yn5lg,Horsens vs Middelfart,1_Division,2025-08-09,DNK,NaN,NaN,NaN,true,,true,NaN,,NaN,true,NaN,Center,NaN,NaN,NaN,NaN,NaN,NaN,NaN,NaN,NaN,NaN,true,,,NaN,NaN,59.2,36.1,true,,NaN,NaN,90.7,53.8,true,NaN,NaN,NaN,96.8,49.1,NaN,,0.016974661499261856,0.0,NaN,3,3,true,NaN,NaN,NaN,,NaN,NaN,true,,,,,,,,,,NaN,,NaN,NaN,NaN,,NaN,,NaN,,NaN,NaN,NaN,NaN,NaN,,NaN,NaN
a9vw7ikerpr4cuweeeka5aneg,Horsens,2833092017,435,16,1,42,39,S. Pingel,3epwf56ozg73hueacwmckk0r9,1,90.9,52.8,2025-08-09T15:43:20.052,2025-08-11T10:26:26,NaN,"{""id"": 5835456191, ""qualifierId"": 396, ""value"": ""51.1""}",bzy8jlah4ljmffw2v1t6yn5lg,Horsens vs Middelfart,1_Division,2025-08-09,DNK,NaN,NaN,true,NaN,,true,true,,NaN,NaN,NaN,Center,NaN,NaN,NaN,NaN,NaN,NaN,true,NaN,NaN,NaN,NaN,,,NaN,NaN,51.3,1.9,NaN,,NaN,NaN,NaN,NaN,NaN,NaN,true,NaN,98.5,50.4,NaN,,0.41050904989242554,0.3501286208629608,true,2,1,true,468,2025-08-09 16:43:19.467,42:39.367,,98.8,51.1,true,,,,,,,,,,NaN,,NaN,NaN,NaN,,NaN,,NaN,,NaN,ATTEMPT_SAVED,665174,2289,468,,NaN,NaN
eq2jaitwsokibzx3wy7kb5gqp,Middelfart,2833132157,467,15,2,65,21,J. Wielzen,1id5av4i7p6tmhf1vuigvlmvo,1,73.5,48.9,2025-08-09T16:21:26.580,2025-08-11T12:29:32,1.0,"{""id"": 5829683797, ""qualifierId"": 56, ""value"": ""Center""}",bzy8jlah4ljmffw2v1t6yn5lg,Horsens vs Middelfart,1_Division,2025-08-09,DNK,NaN,NaN,NaN,true,,true,true,,NaN,NaN,true,Center,NaN,NaN,NaN,NaN,NaN,NaN,NaN,true,NaN,NaN,NaN,,,NaN,NaN,48.1,13.9,NaN,,true,NaN,98.1,48.9,NaN,NaN,NaN,true,NaN,NaN,666,,0.0376618467271328,0.08808243274688721,NaN,1,3,NaN,NaN,NaN,NaN,,NaN,NaN,NaN,,,,,,,,,,NaN,,NaN,NaN,NaN,,NaN,,NaN,,NaN,NaN,NaN,NaN,NaN,,NaN,NaN
a9vw7ikerpr4cuweeeka5aneg,Horsens,2833097659,468,15,1,42,36,A. Moro,51ymbnikkta369rn3exb1g7bo,1,71.0,51.8,2025-08-09T15:43:16.100,2025-08-11T10:26:26,1.0,"{""id"": 5829502861, ""qualifierId"": 18}",bzy8jlah4ljmffw2v1t6yn5lg,Horsens vs Middelfart,1_Division,2025-08-09,DNK,NaN,NaN,NaN,true,,true,true,,NaN,NaN,true,Center,NaN,NaN,NaN,NaN,NaN,NaN,true,NaN,NaN,NaN,NaN,,,NaN,NaN,50.4,8.2,NaN,,NaN,NaN,97.6,49.8,NaN,NaN,NaN,true,NaN,NaN,313,,0.02178299054503441,0.009335428476333618,NaN,1,2,NaN,NaN,NaN,NaN,,NaN,NaN,NaN,,,,,,,,,,NaN,,NaN,NaN,NaN,,NaN,,NaN,,NaN,NaN,NaN,NaN,NaN,,NaN,NaN
a9vw7ikerpr4cuweeeka5aneg,Horsens,2833123393,593,15,2,56,57,P. Olsen,8jotzm26md7pzdy2gn474chqt,1,70.1,37.3,2025-08-09T16:13:02.260,2025-08-11T11:29:10,1.0,"{""id"": 5829637803, ""qualifierId"": 56, ""value"": ""Center""}",bzy8jlah4ljmffw2v1t6yn5lg,Horsens vs Middelfart,1_Division,2025-08-09,DNK,NaN,NaN,NaN,true,,true,true,,NaN,NaN,true,Center,NaN,NaN,NaN,NaN,NaN,NaN,true,NaN,NaN,NaN,NaN,,,NaN,NaN,50.6,16.5,NaN,,NaN,NaN,97.3,47.7,NaN,NaN,NaN,true,NaN,NaN,422,,0.01614575833082199,0.012071759440004826,NaN,1,2,NaN,NaN,NaN,NaN,,NaN,NaN,NaN,,,,,,,,,,NaN,,NaN,NaN,NaN,,NaN,,NaN,,NaN,NaN,NaN,NaN,NaN,,NaN,NaN
a9vw7ikerpr4cuweeeka5aneg,Horsens,2833123523,594,16,2,57,0,S. Pingel,3epwf56ozg73hueacwmckk0r9,1,93.7,47.9,2025-08-09T16:13:05.606,2025-08-11T11:29:10,NaN,"{""id"": 5829642493, ""qualifierId"": 282, ""value"": ""2289""}",bzy8jlah4ljmffw2v1t6yn5lg,Horsens vs Middelfart,1_Division,2025-08-09,DNK,NaN,NaN,true,NaN,,true,true,,NaN,NaN,NaN,Center,NaN,NaN,NaN,NaN,NaN,NaN,true,NaN,NaN,NaN,NaN,,,NaN,NaN,50.2,9.5,NaN,,NaN,NaN,NaN,NaN,NaN,NaN,true,NaN,97.8,48.9,NaN,,0.4818052351474762,0.24920786917209625,true,3,1,NaN,593,2025-08-09 17:13:05.200,57:00.455,,2.2,51.1,true,,,,,,,,,,NaN,,NaN,NaN,NaN,,NaN,,NaN,,true,ATTEMPT_SAVED,115869,2289,593,,NaN,NaN
a9vw7ikerpr4cuweeeka5aneg,Horsens,2833129355,633,15,2,62,24,K. Kirkegaard,3ylgelxr6ssp42hidfnchqp2i,1,77.2,56.4,2025-08-09T16:18:29.490,2025-08-11T12:29:32,1.0,"{""id"": 5829668563, ""qualifierId"": 327, ""value"": ""2""}",bzy8jlah4ljmffw2v1t6yn5lg,Horsens vs Middelfart,1_Division,2025-08-09,DNK,NaN,NaN,NaN,true,,true,true,,NaN,NaN,true,Center,NaN,NaN,NaN,NaN,NaN,NaN,NaN,NaN,NaN,NaN,NaN,,,NaN,NaN,49.4,22.2,NaN,,NaN,NaN,95.0,51.4,NaN,NaN,NaN,true,NaN,NaN,443,,0.04187443107366562,0.029453299939632416,NaN,2,2,NaN,NaN,NaN,NaN,,NaN,NaN,NaN,,,,,,,,,,NaN,,NaN,NaN,NaN,,NaN,,NaN,,NaN,NaN,NaN,NaN,NaN,,true,NaN
a9vw7ikerpr4cuweeeka5aneg,Horsens,2833129401,634,15,2,62,25,S. Doua,6qko3f8w2ap9ynbuq2g55i5n8,1,89.5,35.2,2025-08-09T16:18:30.592,2025-08-11T12:29:31,NaN,"{""id"": 5829693229, ""qualifierId"": 103, ""value"": ""22.8""}",bzy8jlah4ljmffw2v1t6yn5lg,Horsens vs Middelfart,1_Division,2025-08-09,DNK,true,NaN,NaN,NaN,,NaN,true,,NaN,NaN,NaN,Center,NaN,NaN,NaN,NaN,NaN,NaN,NaN,NaN,NaN,NaN,NaN,,,NaN,NaN,49.1,22.8,NaN,,NaN,NaN,98.4,47.8,NaN,NaN,true,NaN,NaN,NaN,444,,0.02212567999958992,0.025615086778998375,true,3,0,true,633,NaN,NaN,,NaN,NaN,true,,,,,,,,,,NaN,,true,NaN,NaN,,NaN,,NaN,,NaN,NaN,NaN,NaN,NaN,,true,NaN
eq2jaitwsokibzx3wy7kb5gqp,Middelfart,2833156733,647,13,2,91,58,A. Akalé,d0ozf1itum1cvg6704dch7uac,1,93.6,54.9,2025-08-09T16:48:03.409,2025-08-11T14:10:25,1.0,"{""id"": 5835607429, ""qualifierId"": 230, ""value"": ""99.1""}",bzy8jlah4ljmffw2v1t6yn5lg,Horsens vs Middelfart,1_Division,2025-08-09,DNK,true,NaN,true,NaN,,NaN,NaN,,true,NaN,true,Center,NaN,NaN,true,NaN,NaN,NaN,NaN,NaN,NaN,NaN,NaN,,,NaN,NaN,99.3,2.8,NaN,,NaN,NaN,94.6,59.8,true,true,NaN,NaN,99.1,50.9,NaN,,0.10341083258390427,0.0,NaN,3,2,true,NaN,NaN,NaN,,NaN,NaN,NaN,,,,,,,,,,NaN,,NaN,NaN,NaN,,NaN,,NaN,,NaN,NaN,NaN,NaN,NaN,,NaN,NaN
a9vw7ikerpr4cuweeeka5aneg,Horsens,2833133515,694,13,2,66,48,K. Kirkegaard,3ylgelxr6ssp42hidfnchqp2i,1,75.3,41.5,2025-08-09T16:22:53.463,2025-08-09T16:24:27,1.0,"{""id"": 4611686018471249023, ""qualifierId"": 322, ""value"": ""0.0""}",bzy8jlah4ljmffw2v1t6yn5lg,Horsens vs Middelfart,1_Division,2025-08-09,DNK,NaN,NaN,NaN,true,,true,true,,NaN,NaN,true,Center,NaN,NaN,true,NaN,NaN,NaN,NaN,NaN,NaN,NaN,NaN,,,NaN,NaN,60.0,1.4,NaN,,NaN,NaN,NaN,NaN,NaN,NaN,NaN,true,97.8,48.7,NaN,,0.02599005587399006,0.0,NaN,2,2,NaN,NaN,NaN,NaN,,NaN,NaN,NaN,,,,,,,,,,NaN,,NaN,NaN,NaN,,NaN,,true,,NaN,NaN,NaN,NaN,NaN,,NaN,NaN
eq2jaitwsokibzx3wy7kb5gqp,Middelfart,2834194561,750,15,2,87,37,B. Zjajo,amfro1vgaqpdg569xjk2h28ve,1,90.2,65.7,2025-08-09T16:43:41.747,2025-08-11T14:50:59,1.0,"{""id"": 5835630591, ""qualifierId"": 102, ""value"": ""52.0""}",bzy8jlah4ljmffw2v1t6yn5lg,Horsens vs Middelfart,1_Division,2025-08-09,DNK,NaN,NaN,NaN,NaN,,NaN,true,,NaN,NaN,true,Center,NaN,true,NaN,NaN,NaN,true,NaN,NaN,NaN,NaN,NaN,,,NaN,NaN,52.0,22.2,NaN,,NaN,NaN,99.1,52.5,NaN,true,NaN,NaN,NaN,NaN,1029,,0.07792491465806961,0.13455870747566223,NaN,2,2,NaN,NaN,NaN,NaN,,NaN,NaN,NaN,,,,,,,,,,NaN,,NaN,true,NaN,,NaN,,NaN,,NaN,NaN,NaN,NaN,NaN,,NaN,NaN
eq2jaitwsokibzx3wy7kb5gqp,Middelfart,2834194607,751,13,2,87,41,A. Akalé,d0ozf1itum1cvg6704dch7uac,1,86.1,51.3,2025-08-09T16:43:45.746,2025-08-11T14:51:57,NaN,"{""id"": 5835630737, ""qualifierId"": 22}",bzy8jlah4ljmffw2v1t6yn5lg,Horsens vs Middelfart,1_Division,2025-08-09,DNK,NaN,NaN,true,NaN,,true,true,,NaN,NaN,NaN,Center,NaN,NaN,NaN,NaN,NaN,NaN,NaN,NaN,NaN,NaN,NaN,,,NaN,NaN,39.0,22.2,NaN,,NaN,NaN,NaN,NaN,NaN,NaN,NaN,true,98.8,50.4,NaN,,0.07477028667926788,0.0,true,3,2,NaN,750,NaN,NaN,,NaN,NaN,true,,,,,,,,,,NaN,,NaN,NaN,true,,NaN,,NaN,,NaN,NaN,NaN,NaN,NaN,,NaN,NaN
a9vw7ikerpr4cuweeeka5aneg,Horsens,2833143293,778,15,2,77,39,F. Sene,ohjn9tgx28c0qssvrdvzr5zo,1,92.3,70.6,2025-08-09T16:33:44.439,2025-08-09T16:36:26,NaN,"{""id"": 5829747167, ""qualifierId"": 458}",bzy8jlah4ljmffw2v1t6yn5lg,Horsens vs Middelfart,1_Division,2025-08-09,DNK,NaN,NaN,NaN,NaN,,true,true,,NaN,NaN,NaN,Center,NaN,NaN,NaN,NaN,true,NaN,NaN,NaN,NaN,true,NaN,,,NaN,true,53.3,19,NaN,,NaN,NaN,93.4,68.1,NaN,NaN,true,true,91.5,54.7,561,,0.2616867423057556,0.0,NaN,3,0,NaN,NaN,NaN,NaN,,NaN,NaN,true,,,,,,,,,,NaN,,NaN,true,NaN,,NaN,,NaN,,NaN,NaN,NaN,NaN,NaN,,NaN,705
a9vw7ikerpr4cuweeeka5aneg,Horsens,2833147893,841,15,2,82,45,F. Sene,ohjn9tgx28c0qssvrdvzr5zo,1,90.8,41.5,2025-08-09T16:38:50.256,2025-08-11T13:29:22,1.0,"{""id"": 5835594479, ""qualifierId"": 328}",bzy8jlah4ljmffw2v1t6yn5lg,Horsens vs Middelfart,1_Division,2025-08-09,DNK,NaN,NaN,true,NaN,,true,true,,NaN,NaN,true,Center,NaN,NaN,NaN,NaN,NaN,NaN,true,NaN,NaN,NaN,NaN,,,NaN,NaN,50.2,5.1,NaN,,NaN,NaN,96.5,47.1,NaN,true,true,NaN,NaN,NaN,580,,0.4454619586467743,0.2725096642971039,NaN,1,1,true,NaN,NaN,NaN,,NaN,NaN,NaN,,,,,,,,,,NaN,,NaN,NaN,NaN,,NaN,,NaN,,NaN,NaN,NaN,NaN,NaN,,NaN,NaN
a9vw7ikerpr4cuweeeka5aneg,Horsens,2833147915,842,15,2,82,47,F. Sene,ohjn9tgx28c0qssvrdvzr5zo,1,95.2,38.3,2025-08-09T16:38:52.116,2025-08-09T16:41:35,NaN,"{""id"": 5829765159, ""qualifierId"": 22}",bzy8jlah4ljmffw2v1t6yn5lg,Horsens vs Middelfart,1_Division,2025-08-09,DNK,NaN,NaN,NaN,NaN,,true,true,,NaN,NaN,NaN,Center,true,NaN,NaN,NaN,NaN,NaN,NaN,true,NaN,true,NaN,,,true,true,47.1,19,NaN,,NaN,NaN,99.0,45.3,NaN,NaN,true,NaN,96.8,41.5,581,,0.2333424836397171,0.0,true,1,2,true,841,NaN,NaN,,NaN,NaN,true,,,,,,,,,,NaN,,NaN,NaN,NaN,,NaN,,NaN,,NaN,NaN,NaN,NaN,NaN,,NaN,NaN
a9vw7ikerpr4cuweeeka5aneg,Horsens,2833147963,843,15,2,82,51,Y. Ouorou,7hso2bszmf4qal560jhrg2904,1,88.9,55.6,2025-08-09T16:38:55.747,2025-08-11T13:29:21,NaN,"{""id"": 5829765441, ""qualifierId"": 56, ""value"": ""Center""}",bzy8jlah4ljmffw2v1t6yn5lg,Horsens vs Middelfart,1_Division,2025-08-09,DNK,NaN,NaN,true,NaN,,NaN,true,,NaN,NaN,NaN,Center,NaN,true,NaN,NaN,NaN,NaN,true,NaN,NaN,NaN,NaN,,,NaN,NaN,50.3,14.6,NaN,,NaN,NaN,97.7,50.0,NaN,NaN,NaN,NaN,NaN,NaN,582,,0.20136603713035583,0.1618189513683319,true,2,2,NaN,842,NaN,NaN,,NaN,NaN,true,,,,,,,,,,NaN,,NaN,NaN,NaN,,NaN,,NaN,,NaN,NaN,NaN,NaN,NaN,,NaN,NaN
a9vw7ikerpr4cuweeeka5aneg,Horsens,2833154663,921,15,2,90,5,F. Sene,ohjn9tgx28c0qssvrdvzr5zo,1,95.4,50.9,2025-08-09T16:46:09.902,2025-08-11T14:12:21,1.0,"{""id"": 5835598305, ""qualifierId"": 16}",bzy8jlah4ljmffw2v1t6yn5lg,Horsens vs Middelfart,1_Division,2025-08-09,DNK,true,true,NaN,NaN,,NaN,true,,NaN,NaN,true,Center,NaN,NaN,NaN,NaN,NaN,NaN,true,NaN,NaN,NaN,NaN,,,NaN,NaN,50.5,12.0,NaN,,NaN,NaN,98.9,50.4,NaN,true,true,NaN,NaN,NaN,626,,0.4396408796310425,0.22469478845596313,NaN,3,1,true,NaN,NaN,NaN,,NaN,NaN,NaN,,,,,,,,,,NaN,,NaN,NaN,NaN,,NaN,,NaN,,NaN,NaN,NaN,NaN,NaN,,NaN,NaN
a9vw7ikerpr4cuweeeka5aneg,Horsens,2834194297,1024,15,2,87,10,F. Brandhof,ca1b5707pdpx0ucug40ggnahh,1,85.7,38.9,2025-08-09T16:43:14.995,2025-08-11T14:47:15,NaN,"{""id"": 5835628753, ""qualifierId"": 326, ""value"": ""2""}",bzy8jlah4ljmffw2v1t6yn5lg,Horsens vs Middelfart,1_Division,2025-08-09,DNK,NaN,NaN,true,NaN,,true,true,,NaN,NaN,NaN,Center,NaN,NaN,NaN,NaN,NaN,NaN,true,NaN,NaN,true,NaN,,,NaN,NaN,51.7,19,true,,NaN,true,93.4,45.8,NaN,NaN,NaN,NaN,98.9,49.3,NaN,,0.042336683720350266,0.0,NaN,2,3,true,NaN,NaN,NaN,,NaN,NaN,true,,,,,,,,,,NaN,,NaN,NaN,NaN,,NaN,,NaN,,NaN,NaN,NaN,NaN,NaN,,NaN,NaN
a9vw7ikerpr4cuweeeka5aneg,Horsens,2834194397,1026,15,2,87,12,Y. Ouorou,7hso2bszmf4qal560jhrg2904,1,93.6,50.2,2025-08-09T16:43:16.746,2025-08-11T14:49:25,1.0,"{""id"": 5835629829, ""qualifierId"": 103, ""value"": ""14.6""}",bzy8jlah4ljmffw2v1t6yn5lg,Horsens vs Middelfart,1_Division,2025-08-09,DNK,NaN,NaN,true,NaN,,true,true,,NaN,NaN,true,Center,NaN,NaN,NaN,NaN,NaN,NaN,NaN,true,NaN,NaN,NaN,,,NaN,NaN,45.7,14.6,NaN,,true,NaN,98.8,49.1,NaN,NaN,NaN,NaN,NaN,NaN,745,,0.24386517703533173,0.8605222105979919,NaN,3,2,NaN,NaN,NaN,NaN,,NaN,NaN,NaN,,,,,,,,,,NaN,,NaN,NaN,NaN,,NaN,,NaN,,NaN,NaN,NaN,NaN,NaN,,NaN,NaN
