contestantId,team_name,id,eventId,typeId,periodId,timeMin,timeSec,playerName,playerId,outcome,x,y,timeStamp,lastModified,assist,qualifier,match_id,label,date,15,17,18,19,20,21,22,23,24,25,29,56,60,63,64,72,73,74,75,76,77,78,80,81,82,83,102,103,108,114,136,146,147,153,154,160,214,215,230,231,233,276,321,322,323,326,327,328,338,374,375,391,395,396,458,sequenceId,possessionId,keyPass,140,141,318,210,6,9,26,107,65,79,100,121,133,254,280,281,282,300,324,468,472,68,84,85,138,273,16,62,353,390,61,86,89,216,217,101
7gkglopz9cjsysn2u6sbhuvc5,Vendsyssel,2701841489,9,13,1,0,59,L. Jensen,139g7ilwvcpl519v3scnweg2d,1,83.3,74.1,2024-07-19T17:00:59.690,2024-07-26T13:29:25,1.0,"{""id"": 5109071931, ""qualifierId"": 64}",5v3djdmu6nvwdt4167su2gkk4,Vendsyssel vs Roskilde,2024-07-19,NaN,NaN,NaN,NaN,true,NaN,NaN,NaN,true,NaN,true,Center,NaN,NaN,true,NaN,NaN,NaN,NaN,NaN,NaN,NaN,NaN,true,NaN,NaN,30.1,59.7,NaN,NaN,NaN,NaN,NaN,NaN,NaN,NaN,NaN,true,98.4,52.9,NaN,NaN,0.006888407748192549,NaN,NaN,3,3,NaN,NaN,NaN,NaN,NaN,NaN,NaN,NaN,,,,,,,,,,,,,,,,,,,,,,,,,,,,,,,,,,,,,,,
bd4qakf7j0wwie8wke9km7uj8,Roskilde,2701841867,27,15,1,2,24,R. Arabaci,7h02v4ymnko5fh01iylbh34es,1,86.5,63.7,2024-07-19T17:02:25.720,2024-07-19T17:03:36,1.0,"{""id"": 5109074293, ""qualifierId"": 102, ""value"": ""50.3""}",5v3djdmu6nvwdt4167su2gkk4,Vendsyssel vs Roskilde,2024-07-19,NaN,NaN,NaN,NaN,NaN,NaN,NaN,true,NaN,NaN,true,Center,NaN,NaN,true,true,NaN,NaN,NaN,NaN,NaN,true,NaN,NaN,true,NaN,50.3,19,NaN,NaN,NaN,91.7,58.5,NaN,NaN,NaN,NaN,true,98.1,54.5,29,NaN,0.13243672251701355,NaN,NaN,2,2,NaN,NaN,NaN,NaN,NaN,NaN,NaN,NaN,,,,,,,,,,,,,,,,,,,,,,,,,,,,,,,,,,,,,,,
7gkglopz9cjsysn2u6sbhuvc5,Vendsyssel,2701844599,110,13,1,11,11,O. Jebali,18vvlxsaoloypja4fdddj687o,1,66.4,68.1,2024-07-19T17:11:11.817,2024-07-19T17:12:31,NaN,"{""id"": 5109090695, ""qualifierId"": 231, ""value"": ""50.4""}",5v3djdmu6nvwdt4167su2gkk4,Vendsyssel vs Roskilde,2024-07-19,NaN,NaN,NaN,true,true,NaN,NaN,NaN,NaN,NaN,NaN,Center,NaN,NaN,NaN,NaN,NaN,NaN,true,NaN,NaN,NaN,NaN,NaN,NaN,NaN,0.5,4.2,NaN,NaN,NaN,90.2,0.0,true,NaN,true,NaN,true,98.5,50.4,NaN,true,0.010964472778141499,NaN,NaN,1,3,true,NaN,NaN,NaN,NaN,NaN,NaN,true,,,,,,,,,,,,,,,,,,,,,,,,,,,,,,,,,,,,,,,
7gkglopz9cjsysn2u6sbhuvc5,Vendsyssel,2701846591,154,13,1,17,34,L. Jensen,139g7ilwvcpl519v3scnweg2d,1,96.8,43.0,2024-07-19T17:17:34.999,2024-07-19T17:18:47,1.0,"{""id"": 5109101681, ""qualifierId"": 74}",5v3djdmu6nvwdt4167su2gkk4,Vendsyssel vs Roskilde,2024-07-19,NaN,NaN,NaN,NaN,true,NaN,true,NaN,NaN,NaN,true,Center,true,NaN,NaN,NaN,NaN,true,NaN,NaN,NaN,NaN,NaN,NaN,NaN,NaN,44.2,68.1,true,NaN,NaN,NaN,NaN,NaN,true,NaN,true,NaN,99.3,48.6,NaN,NaN,0.236813485622406,NaN,NaN,2,1,true,NaN,NaN,NaN,NaN,NaN,NaN,NaN,,,,,,,,,,,,,,,,,,,,,,,,,,,,,,,,,,,,,,,
bd4qakf7j0wwie8wke9km7uj8,Roskilde,2701849197,257,13,1,25,56,E. Nielsen,7pnxa8wzxx5qxevcckxdd62tx,1,80.6,50.1,2024-07-19T17:25:57.193,2024-07-22T12:29:34,1.0,"{""id"": 5109116287, ""qualifierId"": 215}",5v3djdmu6nvwdt4167su2gkk4,Vendsyssel vs Roskilde,2024-07-19,NaN,NaN,true,NaN,NaN,NaN,true,NaN,NaN,NaN,true,Center,NaN,NaN,NaN,true,true,NaN,NaN,NaN,NaN,NaN,NaN,NaN,NaN,NaN,66.2,27.8,NaN,NaN,NaN,NaN,NaN,NaN,NaN,NaN,NaN,true,97.1,48.0,NaN,NaN,0.08764475584030151,NaN,NaN,2,2,NaN,NaN,NaN,NaN,NaN,NaN,NaN,NaN,,,,,,,,,,,,,,,,,,,,,,,,,,,,,,,,,,,,,,,
bd4qakf7j0wwie8wke9km7uj8,Roskilde,2701850541,292,15,1,29,59,O. Juul,aejgqvdw1jftxaa538kaa15w4,1,85.5,69.7,2024-07-19T17:29:59.961,2024-07-22T12:29:36,1.0,"{""id"": 5109124147, ""qualifierId"": 233, ""value"": ""266""}",5v3djdmu6nvwdt4167su2gkk4,Vendsyssel vs Roskilde,2024-07-19,NaN,NaN,NaN,NaN,NaN,NaN,true,NaN,NaN,NaN,true,Center,NaN,NaN,true,true,NaN,NaN,NaN,true,NaN,NaN,NaN,NaN,NaN,NaN,53.2,13.3,NaN,NaN,NaN,98.0,52.0,NaN,NaN,NaN,NaN,NaN,NaN,NaN,266,NaN,0.055333491414785385,0.098,NaN,1,2,NaN,NaN,NaN,NaN,NaN,NaN,NaN,NaN,,,,,,,,,,,,,,,,,,,,,,,,,,,,,,,,,,,,,,,
7gkglopz9cjsysn2u6sbhuvc5,Vendsyssel,2701851467,306,15,1,32,49,M. Lassen,duahzgqspyuy2gu31u3s8ky96,1,81.3,24.6,2024-07-19T17:32:49.987,2024-07-22T13:30:30,1.0,"{""id"": 5109129725, ""qualifierId"": 29}",5v3djdmu6nvwdt4167su2gkk4,Vendsyssel vs Roskilde,2024-07-19,NaN,NaN,true,NaN,true,NaN,true,NaN,NaN,NaN,true,Center,NaN,NaN,NaN,NaN,NaN,NaN,NaN,NaN,NaN,NaN,true,NaN,true,NaN,46.6,19,NaN,NaN,NaN,84.5,28.3,NaN,NaN,NaN,NaN,true,98.2,45.1,302,NaN,0.01389803271740675,NaN,NaN,3,2,NaN,NaN,NaN,NaN,NaN,NaN,NaN,NaN,,,,,,,,,,,,,,,,,,,,,,,,,,,,,,,,,,,,,,,
bd4qakf7j0wwie8wke9km7uj8,Roskilde,2701852931,339,13,1,36,45,S. Baskaya,1el3mu4rgcx8tebrawgfvynf8,1,85.2,32.2,2024-07-19T17:36:45.911,2024-07-19T17:37:57,1.0,"{""id"": 5109138187, ""qualifierId"": 231, ""value"": ""48.0""}",5v3djdmu6nvwdt4167su2gkk4,Vendsyssel vs Roskilde,2024-07-19,NaN,NaN,NaN,NaN,NaN,NaN,true,NaN,NaN,NaN,true,Center,NaN,true,NaN,true,NaN,NaN,NaN,NaN,NaN,NaN,NaN,NaN,NaN,true,57.1,9.7,NaN,NaN,NaN,NaN,NaN,NaN,NaN,NaN,NaN,NaN,98.0,48.0,NaN,NaN,0.03932776302099228,NaN,NaN,2,2,NaN,NaN,NaN,NaN,NaN,NaN,NaN,NaN,,,,,,,,,,,,,,,,,,,,,,,,,,,,,,,,,,,,,,,
bd4qakf7j0wwie8wke9km7uj8,Roskilde,2701853255,348,13,1,37,46,A. Maarup,cf6zq49y8v1ekw07e7yi3uac,1,80.3,51.0,2024-07-19T17:37:46.702,2024-07-22T13:30:20,1.0,"{""id"": 5109140191, ""qualifierId"": 231, ""value"": ""50.2""}",5v3djdmu6nvwdt4167su2gkk4,Vendsyssel vs Roskilde,2024-07-19,NaN,NaN,true,NaN,true,NaN,true,NaN,NaN,NaN,true,Center,NaN,NaN,NaN,NaN,NaN,true,NaN,NaN,NaN,NaN,NaN,NaN,NaN,NaN,46.4,68.1,NaN,NaN,NaN,NaN,NaN,NaN,NaN,NaN,NaN,true,97.7,50.2,NaN,NaN,0.03584021329879761,NaN,NaN,3,2,NaN,NaN,NaN,NaN,NaN,NaN,NaN,NaN,,,,,,,,,,,,,,,,,,,,,,,,,,,,,,,,,,,,,,,
7gkglopz9cjsysn2u6sbhuvc5,Vendsyssel,2701852345,348,13,1,35,12,L. Jensen,139g7ilwvcpl519v3scnweg2d,1,90.9,32.4,2024-07-19T17:35:13.184,2024-07-19T17:36:25,1.0,"{""id"": 5109134393, ""qualifierId"": 63}",5v3djdmu6nvwdt4167su2gkk4,Vendsyssel vs Roskilde,2024-07-19,NaN,NaN,NaN,NaN,true,NaN,true,NaN,NaN,NaN,true,Center,NaN,true,NaN,NaN,true,NaN,NaN,NaN,NaN,NaN,NaN,NaN,NaN,NaN,69.4,8.3,NaN,NaN,NaN,NaN,NaN,NaN,NaN,NaN,NaN,NaN,99.0,46.0,NaN,NaN,0.09193746745586395,NaN,NaN,1,2,true,NaN,NaN,NaN,NaN,NaN,NaN,NaN,,,,,,,,,,,,,,,,,,,,,,,,,,,,,,,,,,,,,,,
7gkglopz9cjsysn2u6sbhuvc5,Vendsyssel,2701854089,394,13,1,40,27,A. Ahmad,4csz412vb3lquessbnf999ct0,1,87.0,49.1,2024-07-19T17:40:28.112,2024-07-19T17:41:37,1.0,"{""id"": 5109144989, ""qualifierId"": 321, ""value"": ""0.19935300946235657""}",5v3djdmu6nvwdt4167su2gkk4,Vendsyssel vs Roskilde,2024-07-19,NaN,true,NaN,NaN,true,NaN,true,NaN,NaN,NaN,true,Center,NaN,NaN,NaN,NaN,true,NaN,NaN,NaN,NaN,NaN,NaN,NaN,NaN,NaN,74.1,4.2,NaN,true,NaN,92.5,63.2,true,true,NaN,NaN,NaN,98.2,49.5,NaN,NaN,0.19935300946235657,NaN,NaN,1,2,true,NaN,NaN,NaN,true,NaN,NaN,NaN,,,,,,,,,,,,,,,,,,,,,,,,,,,,,,,,,,,,,,,
7gkglopz9cjsysn2u6sbhuvc5,Vendsyssel,2701854377,397,13,1,41,6,A. Simon Okosun,a7eramyy1bd8msxmg84ctc8ut,1,91.7,51.9,2024-07-19T17:41:07.195,2024-07-22T13:30:19,1.0,"{""id"": 5109146455, ""qualifierId"": 326, ""value"": ""3""}",5v3djdmu6nvwdt4167su2gkk4,Vendsyssel vs Roskilde,2024-07-19,NaN,true,NaN,NaN,NaN,true,NaN,NaN,NaN,true,true,Center,NaN,NaN,NaN,NaN,NaN,NaN,true,NaN,NaN,NaN,NaN,NaN,NaN,NaN,33.4,30.6,NaN,NaN,NaN,NaN,NaN,NaN,true,NaN,NaN,NaN,98.6,50.5,NaN,NaN,0.039365749806165695,NaN,NaN,3,2,true,NaN,NaN,NaN,NaN,NaN,NaN,NaN,,,,,,,,,,,,,,,,,,,,,,,,,,,,,,,,,,,,,,,
7gkglopz9cjsysn2u6sbhuvc5,Vendsyssel,2701855219,421,15,1,43,5,K. Kusk,11cna826ls27ahux2w0ckapqt,1,83.0,47.7,2024-07-19T17:43:05.585,2024-07-22T13:30:28,NaN,"{""id"": 5109151831, ""qualifierId"": 321, ""value"": ""0.0440157875418663""}",5v3djdmu6nvwdt4167su2gkk4,Vendsyssel vs Roskilde,2024-07-19,NaN,NaN,true,NaN,NaN,NaN,true,NaN,NaN,NaN,NaN,Center,NaN,NaN,NaN,true,NaN,NaN,NaN,true,NaN,NaN,NaN,NaN,NaN,NaN,52.8,5.7,NaN,NaN,NaN,96.9,49.6,NaN,NaN,NaN,NaN,NaN,NaN,NaN,378,NaN,0.0440157875418663,0.1693,NaN,3,3,true,NaN,NaN,NaN,NaN,NaN,NaN,true,,,,,,,,,,,,,,,,,,,,,,,,,,,,,,,,,,,,,,,
7gkglopz9cjsysn2u6sbhuvc5,Vendsyssel,2701855227,422,13,1,43,6,A. Ahmad,4csz412vb3lquessbnf999ct0,1,84.3,53.2,2024-07-19T17:43:06.855,2024-07-19T18:02:08,NaN,"{""id"": 5109152083, ""qualifierId"": 153}",5v3djdmu6nvwdt4167su2gkk4,Vendsyssel vs Roskilde,2024-07-19,NaN,true,NaN,NaN,true,NaN,true,NaN,NaN,NaN,NaN,Center,NaN,NaN,NaN,NaN,NaN,NaN,true,NaN,NaN,NaN,NaN,NaN,NaN,NaN,30.1,11.1,true,NaN,NaN,93.6,40.6,true,NaN,NaN,NaN,NaN,98.2,50.9,NaN,NaN,0.08620142191648483,NaN,true,1,2,true,421,NaN,NaN,NaN,NaN,NaN,true,,,,,,,,,,,,,,,,,,,,,,,,,,,,,,,,,,,,,,,
7gkglopz9cjsysn2u6sbhuvc5,Vendsyssel,2701859937,469,15,2,45,52,A. Simon Okosun,a7eramyy1bd8msxmg84ctc8ut,1,92.3,59.7,2024-07-19T18:02:56.128,2024-07-22T11:30:19,1.0,"{""id"": 5109178709, ""qualifierId"": 327, ""value"": ""2""}",5v3djdmu6nvwdt4167su2gkk4,Vendsyssel vs Roskilde,2024-07-19,true,true,NaN,NaN,NaN,NaN,NaN,NaN,NaN,true,true,Center,NaN,NaN,NaN,NaN,NaN,NaN,NaN,true,NaN,NaN,NaN,NaN,NaN,NaN,51.9,17.7,NaN,NaN,NaN,98.8,51.1,NaN,true,NaN,NaN,NaN,NaN,NaN,415,NaN,0.022915871813893318,0.063,NaN,3,2,true,NaN,NaN,NaN,NaN,NaN,NaN,NaN,,,,,,,,,,,,,,,,,,,,,,,,,,,,,,,,,,,,,,,
bd4qakf7j0wwie8wke9km7uj8,Roskilde,2701868063,567,15,2,64,44,N. Zachariassen,ass2un9by50uzrp6i9njn7nkk,1,81.1,29.5,2024-07-19T18:21:47.932,2024-07-22T11:30:21,NaN,"{""id"": 5109226071, ""qualifierId"": 78}",5v3djdmu6nvwdt4167su2gkk4,Vendsyssel vs Roskilde,2024-07-19,NaN,NaN,true,NaN,NaN,NaN,true,NaN,NaN,NaN,NaN,Center,NaN,NaN,NaN,true,NaN,NaN,NaN,NaN,NaN,true,NaN,NaN,true,NaN,50.7,19,NaN,NaN,NaN,86.9,35.7,NaN,NaN,NaN,NaN,true,98.9,47.3,628,NaN,0.041849397122859955,NaN,NaN,1,2,NaN,NaN,NaN,NaN,NaN,NaN,NaN,true,,,,,,,,,,,,,,,,,,,,,,,,,,,,,,,,,,,,,,,
7gkglopz9cjsysn2u6sbhuvc5,Vendsyssel,2701864799,573,16,2,57,14,L. Steffensen,9l89n30nejpn2u22ygvchwnze,1,93.0,54.2,2024-07-19T18:14:18.850,2024-07-22T11:30:20,1.0,"{""id"": 5109207367, ""qualifierId"": 230, ""value"": ""99.0""}",5v3djdmu6nvwdt4167su2gkk4,Vendsyssel vs Roskilde,2024-07-19,NaN,true,NaN,NaN,true,NaN,true,NaN,NaN,NaN,true,Center,NaN,NaN,NaN,NaN,NaN,NaN,NaN,NaN,NaN,true,NaN,NaN,NaN,NaN,48.2,8.2,NaN,NaN,true,NaN,NaN,NaN,true,NaN,true,NaN,99.0,52.3,NaN,NaN,0.4292925298213959,0.7195,NaN,1,2,NaN,NaN,2024-07-19 19:14:17.612,57:13.723,NaN,99.1,50.4,NaN,,,,,,,,,,,,,,,,,,,,,,,,,,,,,,,,,,,,,,,
bd4qakf7j0wwie8wke9km7uj8,Roskilde,2701872647,652,13,2,75,59,M. Juhl,duvhbifjh37mvlm46akiy431m,1,91.2,40.1,2024-07-19T18:33:03.279,2024-07-22T12:09:36,1.0,"{""id"": 5109250215, ""qualifierId"": 22}",5v3djdmu6nvwdt4167su2gkk4,Vendsyssel vs Roskilde,2024-07-19,true,true,NaN,NaN,NaN,NaN,true,NaN,NaN,NaN,true,Center,NaN,NaN,NaN,NaN,NaN,NaN,NaN,NaN,NaN,NaN,NaN,NaN,NaN,true,57.6,9.7,NaN,NaN,NaN,NaN,NaN,NaN,true,NaN,true,NaN,98.2,47.7,NaN,NaN,0.031366147100925446,NaN,NaN,3,2,true,NaN,NaN,NaN,NaN,NaN,NaN,NaN,,,,,,,,,,,,,,,,,,,,,,,,,,,,,,,,,,,,,,,
bd4qakf7j0wwie8wke9km7uj8,Roskilde,2701875827,702,13,2,82,37,V. Montell,99tm7b6ux9s4qocz0y4pcahas,1,66.7,37.3,2024-07-19T18:39:41.765,2024-07-22T12:09:35,1.0,"{""id"": 5109269217, ""qualifierId"": 215}",5v3djdmu6nvwdt4167su2gkk4,Vendsyssel vs Roskilde,2024-07-19,NaN,NaN,NaN,true,true,NaN,true,NaN,NaN,NaN,true,Center,NaN,NaN,NaN,NaN,NaN,NaN,true,NaN,NaN,NaN,NaN,NaN,NaN,NaN,37.3,22.2,NaN,NaN,NaN,NaN,NaN,NaN,NaN,NaN,NaN,true,98.2,50.4,NaN,NaN,0.01614575833082199,NaN,NaN,1,2,NaN,NaN,NaN,NaN,NaN,NaN,NaN,NaN,,,,,,,,,,,,,,,,,,,,,,,,,,,,,,,,,,,,,,,
7gkglopz9cjsysn2u6sbhuvc5,Vendsyssel,2701874947,770,13,2,80,51,L. Jensen,139g7ilwvcpl519v3scnweg2d,1,85.3,31.5,2024-07-19T18:37:55.282,2024-07-19T19:01:27,1.0,"{""id"": 5109263983, ""qualifierId"": 63}",5v3djdmu6nvwdt4167su2gkk4,Vendsyssel vs Roskilde,2024-07-19,NaN,NaN,NaN,NaN,true,NaN,true,NaN,NaN,NaN,true,Center,NaN,true,NaN,NaN,true,NaN,NaN,NaN,NaN,NaN,NaN,NaN,NaN,NaN,60.5,2.8,NaN,NaN,NaN,NaN,NaN,NaN,true,NaN,NaN,true,98.5,47.5,NaN,NaN,0.02281189151108265,NaN,NaN,3,2,NaN,NaN,NaN,NaN,NaN,NaN,NaN,NaN,,,,,,,,,,,,,,,,,,,,,,,,,,,,,,,,,,,,,,,
7gkglopz9cjsysn2u6sbhuvc5,Vendsyssel,2701877657,831,13,2,86,23,L. Jensen,139g7ilwvcpl519v3scnweg2d,1,86.5,39.5,2024-07-19T18:43:27.857,2024-07-22T12:09:37,1.0,"{""id"": 5109280883, ""qualifierId"": 102, ""value"": ""70.9""}",5v3djdmu6nvwdt4167su2gkk4,Vendsyssel vs Roskilde,2024-07-19,NaN,true,NaN,NaN,true,NaN,true,NaN,NaN,NaN,true,Center,NaN,NaN,NaN,NaN,NaN,NaN,NaN,NaN,true,NaN,NaN,NaN,NaN,NaN,70.9,43.1,NaN,NaN,NaN,90.2,48.6,true,true,NaN,NaN,NaN,98.1,46.4,NaN,NaN,0.06353136897087097,NaN,NaN,3,2,NaN,NaN,NaN,NaN,NaN,NaN,NaN,NaN,,,,,,,,,,,,,,,,,,,,,,,,,,,,,,,,,,,,,,,
7gkglopz9cjsysn2u6sbhuvc5,Vendsyssel,2701877675,832,16,2,86,25,M. Hannesbo,7ar33yy0wd5ah5o8om1l12pgq,1,90.2,49.7,2024-07-19T18:43:29.577,2024-07-22T12:09:39,1.0,"{""id"": 5109279465, ""qualifierId"": 22}",5v3djdmu6nvwdt4167su2gkk4,Vendsyssel vs Roskilde,2024-07-19,true,true,NaN,NaN,NaN,NaN,true,NaN,NaN,NaN,true,Center,NaN,NaN,NaN,NaN,NaN,NaN,NaN,NaN,NaN,true,NaN,NaN,NaN,NaN,49.1,8.9,NaN,NaN,NaN,NaN,NaN,NaN,NaN,NaN,NaN,NaN,98.6,50.7,NaN,NaN,0.1410718560218811,0.0351,NaN,1,1,true,NaN,2024-07-19 19:43:28.959,86:25.070,NaN,98.6,52.2,NaN,,,,,,,,,,,,,,,,,,,,,,,,,,,,,,,,,,,,,,,
7gkglopz9cjsysn2u6sbhuvc5,Vendsyssel,2701880323,877,16,2,92,20,A. Simon Okosun,a7eramyy1bd8msxmg84ctc8ut,1,91.4,41.5,2024-07-19T18:49:24.199,2024-07-22T12:09:33,1.0,"{""id"": 5109295613, ""qualifierId"": 102, ""value"": ""46.6""}",5v3djdmu6nvwdt4167su2gkk4,Vendsyssel vs Roskilde,2024-07-19,NaN,true,NaN,NaN,true,NaN,true,NaN,NaN,NaN,true,Center,NaN,NaN,NaN,NaN,NaN,NaN,NaN,NaN,NaN,NaN,NaN,true,NaN,NaN,46.6,25.9,NaN,NaN,true,NaN,NaN,NaN,true,NaN,true,NaN,98.6,48.6,NaN,NaN,0.09450260549783707,0.81,NaN,3,2,NaN,NaN,2024-07-19 19:49:23.556,92:19.667,NaN,99.0,46.8,NaN,,,,,,,,,,,,,,,,,,,,,,,,,,,,,,,,,,,,,,,
ajtb177oqwawkdwbqhldmq6mx,B 93,2703615747,58,16,1,6,33,O. Addo,kqj7nh6pqmqbt0abyyu0fcpg,1,91.4,53.2,2024-07-27T11:07:34.432,2024-07-27T11:11:23,1.0,"{""id"": 5122704329, ""qualifierId"": 395, ""value"": ""98.9""}",5yc6itlm0c8fncu5dj17bkg7o,Roskilde vs B 93,2024-07-27,NaN,true,NaN,,true,,NaN,true,,NaN,true,Center,NaN,NaN,NaN,NaN,NaN,NaN,,true,NaN,NaN,NaN,NaN,NaN,,53.8,5.7,NaN,,,NaN,NaN,,NaN,NaN,NaN,true,98.6,50.4,NaN,,0.24614882469177246,0.8751953840255737,NaN,3,2,NaN,NaN,2024-07-27 12:07:33.875,06:32.716,,98.9,52.0,NaN,,,,,,,,,,,,NaN,NaN,NaN,NaN,NaN,true,NaN,NaN,NaN,true,NaN,NaN,NaN,,,,,,,,,,,,,,,
bd4qakf7j0wwie8wke9km7uj8,Roskilde,2703615635,90,14,1,5,59,R. Arabaci,7h02v4ymnko5fh01iylbh34es,1,94.0,66.7,2024-07-27T11:07:00.230,2024-07-27T11:10:49,1.0,"{""id"": 5119063275, ""qualifierId"": 22}",5yc6itlm0c8fncu5dj17bkg7o,Roskilde vs B 93,2024-07-27,NaN,NaN,NaN,,true,,true,NaN,,NaN,true,Center,NaN,NaN,true,NaN,NaN,true,,NaN,NaN,NaN,NaN,NaN,NaN,,46.3,39.2,true,,,NaN,NaN,,true,NaN,NaN,NaN,99.3,53.1,NaN,,0.04944983869791031,0.0,NaN,1,2,true,NaN,NaN,NaN,,NaN,NaN,NaN,,,,,,,,,,,,NaN,NaN,NaN,NaN,NaN,NaN,NaN,NaN,NaN,NaN,NaN,NaN,NaN,,,,,,,,,,,,,,,
bd4qakf7j0wwie8wke9km7uj8,Roskilde,2703615949,112,15,1,8,9,K. Nyegaard,4rhxehi019n7z1z1m7a39w1sk,1,92.0,47.4,2024-07-27T11:09:10.453,2024-07-28T12:29:49,1.0,"{""id"": 5119087193, ""qualifierId"": 321, ""value"": ""0.13155147433280945""}",5yc6itlm0c8fncu5dj17bkg7o,Roskilde vs B 93,2024-07-27,NaN,true,NaN,,true,,NaN,NaN,,NaN,true,Center,NaN,NaN,NaN,NaN,NaN,NaN,,NaN,NaN,NaN,true,NaN,NaN,,46.4,7.6,NaN,,,98.8,49.3,,true,true,NaN,NaN,NaN,NaN,61,,0.13155147433280945,0.6451436877250671,NaN,3,2,true,NaN,NaN,NaN,,NaN,NaN,NaN,,,,,,,,,,,,NaN,NaN,NaN,NaN,true,NaN,NaN,NaN,NaN,NaN,NaN,NaN,NaN,,,,,,,,,,,,,,,
ajtb177oqwawkdwbqhldmq6mx,B 93,2703617267,128,15,1,16,28,E. Nnamani,8i0o1b8rjsab9se3v6vteqmfo,1,93.2,54.8,2024-07-27T11:17:29.573,2024-07-27T11:18:45,1.0,"{""id"": 5119072439, ""qualifierId"": 102, ""value"": ""50.9""}",5yc6itlm0c8fncu5dj17bkg7o,Roskilde vs B 93,2024-07-27,NaN,true,NaN,,true,,true,NaN,,NaN,true,Center,NaN,NaN,NaN,NaN,NaN,NaN,,NaN,NaN,NaN,NaN,NaN,true,,50.9,20.8,NaN,,,96.3,53.6,,true,NaN,NaN,NaN,99.7,51.3,182,,0.16600950062274933,0.0,NaN,3,2,NaN,NaN,NaN,NaN,,NaN,NaN,NaN,,,,,,,,,,,,NaN,true,true,NaN,NaN,NaN,NaN,NaN,NaN,NaN,NaN,NaN,NaN,,,,,,,,,,,,,,,
ajtb177oqwawkdwbqhldmq6mx,B 93,2703617313,131,15,1,17,7,J. Egeris,2uellcocrvapu7o70g5zdcmad,1,94.0,52.8,2024-07-27T11:18:09.590,2024-07-28T17:29:25,1.0,"{""id"": 5119104587, ""qualifierId"": 146, ""value"": ""98.8""}",5yc6itlm0c8fncu5dj17bkg7o,Roskilde vs B 93,2024-07-27,true,true,NaN,,NaN,,NaN,NaN,,true,true,Center,NaN,NaN,NaN,NaN,NaN,NaN,,true,NaN,NaN,NaN,NaN,NaN,,52.1,14.6,NaN,,,98.8,51.1,,true,NaN,NaN,NaN,NaN,NaN,484,,0.14724113047122955,0.32648393511772156,NaN,3,2,true,NaN,NaN,NaN,,NaN,NaN,NaN,,,,,,,,,,,,NaN,NaN,NaN,NaN,NaN,NaN,NaN,NaN,NaN,NaN,NaN,NaN,NaN,,,,,,,,,,,,,,,
bd4qakf7j0wwie8wke9km7uj8,Roskilde,2703616301,137,13,1,10,13,A. Maarup,cf6zq49y8v1ekw07e7yi3uac,1,95.6,66.1,2024-07-27T11:11:14.964,2024-07-27T11:58:16,1.0,"{""id"": 4611686018466062949, ""qualifierId"": 322, ""value"": ""0.0""}",5yc6itlm0c8fncu5dj17bkg7o,Roskilde vs B 93,2024-07-27,true,NaN,NaN,,NaN,,NaN,NaN,,true,true,Center,NaN,NaN,NaN,NaN,NaN,NaN,,NaN,true,NaN,NaN,NaN,NaN,,59.7,77.8,NaN,,,NaN,NaN,,true,NaN,NaN,NaN,99.3,53.4,NaN,,0.009667572565376759,0.0,NaN,3,2,true,NaN,NaN,NaN,,NaN,NaN,NaN,,,,,,,,,,,,true,NaN,NaN,NaN,NaN,NaN,NaN,NaN,NaN,NaN,NaN,NaN,NaN,,,,,,,,,,,,,,,
bd4qakf7j0wwie8wke9km7uj8,Roskilde,2703616549,152,15,1,11,50,K. Nyegaard,4rhxehi019n7z1z1m7a39w1sk,1,88.6,45.8,2024-07-27T11:12:52.154,2024-07-28T16:31:41,1.0,"{""id"": 5119070285, ""qualifierId"": 322, ""value"": ""0.2929971218109131""}",5yc6itlm0c8fncu5dj17bkg7o,Roskilde vs B 93,2024-07-27,NaN,true,NaN,,true,,true,NaN,,NaN,true,Center,NaN,NaN,NaN,NaN,NaN,NaN,,NaN,NaN,true,NaN,NaN,NaN,,48.3,2.5,NaN,,,98.6,48.7,,true,NaN,NaN,NaN,NaN,NaN,89,,0.3062049448490143,0.2929971218109131,NaN,1,2,true,NaN,NaN,NaN,,NaN,NaN,NaN,,,,,,,,,,,,NaN,NaN,NaN,NaN,NaN,NaN,NaN,NaN,NaN,NaN,NaN,NaN,NaN,,,,,,,,,,,,,,,
bd4qakf7j0wwie8wke9km7uj8,Roskilde,2703616571,154,16,1,11,53,R. Arabaci,7h02v4ymnko5fh01iylbh34es,1,89.0,45.6,2024-07-27T11:12:54.682,2024-07-28T16:31:18,NaN,"{""id"": 5119068591, ""qualifierId"": 374, ""value"": ""2024-07-27 12:12:53.966""}",5yc6itlm0c8fncu5dj17bkg7o,Roskilde vs B 93,2024-07-27,NaN,true,NaN,,true,,true,NaN,,NaN,NaN,Center,NaN,NaN,NaN,NaN,NaN,NaN,,NaN,NaN,NaN,true,NaN,NaN,,46.9,19.6,NaN,,,NaN,NaN,,NaN,NaN,NaN,NaN,99.0,48.9,NaN,,0.1690363585948944,0.5888477563858032,true,2,2,true,152,2024-07-27 12:12:53.966,11:52.807,,1.0,52.3,true,,,,,,,,,,,,NaN,NaN,NaN,NaN,NaN,NaN,ATTEMPT_SAVED,599121,3050,NaN,NaN,NaN,152,,,,,,,,,,,,,,,
ajtb177oqwawkdwbqhldmq6mx,B 93,2703618409,208,13,1,25,39,M. Mouritz,ezbixgm2km8iapnsl57bn4wkp,1,79.7,38.9,2024-07-27T11:26:40.498,2024-07-27T11:28:35,1.0,"{""id"": 5119079629, ""qualifierId"": 231, ""value"": ""51.8""}",5yc6itlm0c8fncu5dj17bkg7o,Roskilde vs B 93,2024-07-27,NaN,NaN,true,,true,,true,NaN,,NaN,true,Center,NaN,NaN,NaN,NaN,NaN,true,,NaN,NaN,NaN,NaN,NaN,NaN,,49.9,73.6,NaN,,,NaN,NaN,,true,NaN,NaN,NaN,99.0,51.8,NaN,,0.052528224885463715,0.0,NaN,2,2,true,NaN,NaN,NaN,,NaN,NaN,NaN,,,,,,,,,,,,NaN,NaN,NaN,true,NaN,NaN,NaN,NaN,NaN,NaN,NaN,2703618403,NaN,,,,,,,,,,,,,,,
bd4qakf7j0wwie8wke9km7uj8,Roskilde,2703618079,247,13,1,22,49,A. Maarup,cf6zq49y8v1ekw07e7yi3uac,1,69.5,35.6,2024-07-27T11:23:50.603,2024-07-27T11:25,1.0,"{""id"": 5119077227, ""qualifierId"": 20}",5yc6itlm0c8fncu5dj17bkg7o,Roskilde vs B 93,2024-07-27,NaN,NaN,true,,true,,true,NaN,,NaN,true,Center,NaN,NaN,NaN,NaN,NaN,NaN,,NaN,NaN,NaN,NaN,true,NaN,,37.0,83.3,NaN,,,NaN,NaN,,NaN,NaN,NaN,true,98.1,48.7,NaN,,0.01614575833082199,0.0,NaN,1,2,NaN,NaN,NaN,NaN,,NaN,NaN,NaN,,,,,,,,,,,,NaN,NaN,NaN,NaN,NaN,NaN,NaN,NaN,NaN,NaN,NaN,NaN,NaN,,,,,,,,,,,,,,,
ajtb177oqwawkdwbqhldmq6mx,B 93,2703619341,271,15,1,32,24,T. Blidegn,dja68kdmhtsm9x5zqzgtpqas4,1,82.6,51.2,2024-07-27T11:33:25.864,2024-07-27T11:36:49,1.0,"{""id"": 5119085615, ""qualifierId"": 147, ""value"": ""50.0""}",5yc6itlm0c8fncu5dj17bkg7o,Roskilde vs B 93,2024-07-27,NaN,NaN,true,,NaN,,true,NaN,,NaN,true,Center,NaN,NaN,NaN,true,NaN,NaN,,NaN,NaN,true,NaN,NaN,NaN,,48.7,4.4,NaN,,,99.0,50.0,,true,NaN,NaN,NaN,NaN,NaN,316,,0.0862896740436554,0.07109001278877258,NaN,2,2,NaN,NaN,NaN,NaN,,NaN,NaN,NaN,,,,,,,,,,,,NaN,NaN,NaN,NaN,NaN,NaN,NaN,NaN,NaN,NaN,NaN,NaN,NaN,,,,,,,,,,,,,,,
bd4qakf7j0wwie8wke9km7uj8,Roskilde,2703618467,276,13,1,26,20,R. Arabaci,7h02v4ymnko5fh01iylbh34es,1,79.3,38.2,2024-07-27T11:27:21.241,2024-07-27T11:28:31,NaN,"{""id"": 4611686018466062743, ""qualifierId"": 322, ""value"": ""0.0""}",5yc6itlm0c8fncu5dj17bkg7o,Roskilde vs B 93,2024-07-27,NaN,NaN,true,,NaN,,true,NaN,,NaN,NaN,Center,NaN,NaN,NaN,true,NaN,NaN,,NaN,true,NaN,NaN,NaN,NaN,,57.0,79.2,NaN,,,NaN,NaN,,NaN,NaN,NaN,true,98.5,50.4,NaN,,0.04554938152432442,0.0,NaN,2,2,NaN,NaN,NaN,NaN,,NaN,NaN,true,,,,,,,,,,,,NaN,NaN,NaN,NaN,NaN,NaN,NaN,NaN,NaN,NaN,NaN,NaN,NaN,,,,,,,,,,,,,,,
bd4qakf7j0wwie8wke9km7uj8,Roskilde,2703619051,312,13,1,30,48,E. Nielsen,7pnxa8wzxx5qxevcckxdd62tx,1,87.0,61.1,2024-07-27T11:31:49.814,2024-07-27T11:32:58,1.0,"{""id"": 5119082741, ""qualifierId"": 56, ""value"": ""Center""}",5yc6itlm0c8fncu5dj17bkg7o,Roskilde vs B 93,2024-07-27,NaN,true,NaN,,true,,true,NaN,,NaN,true,Center,NaN,NaN,NaN,NaN,NaN,NaN,,NaN,NaN,NaN,NaN,true,NaN,,33.1,97.2,NaN,,,NaN,NaN,,true,NaN,NaN,NaN,99.0,51.1,NaN,,0.09118081629276276,0.0,NaN,2,2,NaN,NaN,NaN,NaN,,NaN,NaN,NaN,,,,,,,,,,,,NaN,NaN,NaN,NaN,NaN,NaN,NaN,NaN,NaN,NaN,NaN,NaN,NaN,,,,,,,,,,,,,,,
ajtb177oqwawkdwbqhldmq6mx,B 93,2703620903,332,16,1,39,37,F. Isaki,86mx27krl6c613x6e3t9g3cic,1,90.9,37.0,2024-07-27T11:40:38.704,2024-07-28T17:49:28,1.0,"{""id"": 5122995139, ""qualifierId"": 395, ""value"": ""98.6""}",5yc6itlm0c8fncu5dj17bkg7o,Roskilde vs B 93,2024-07-27,NaN,true,NaN,,NaN,,true,NaN,,NaN,true,Center,NaN,NaN,NaN,true,NaN,NaN,,NaN,NaN,NaN,true,NaN,NaN,,47.5,6.3,NaN,,,NaN,NaN,,true,NaN,true,NaN,98.6,49.1,NaN,,0.12410775572061539,0.5871431231498718,NaN,2,2,NaN,NaN,2024-07-27 12:40:37.923,39:36.764,,98.6,49.1,NaN,,,,,,,,,,,,NaN,NaN,NaN,NaN,true,NaN,NaN,NaN,NaN,NaN,NaN,996,NaN,,,,,,,,,,,,,,,
ajtb177oqwawkdwbqhldmq6mx,B 93,2703621309,339,15,1,41,40,E. Nnamani,8i0o1b8rjsab9se3v6vteqmfo,1,79.0,61.7,2024-07-27T11:42:42.790,2024-07-27T11:43:58,NaN,"{""id"": 5119095313, ""qualifierId"": 326, ""value"": ""2""}",5yc6itlm0c8fncu5dj17bkg7o,Roskilde vs B 93,2024-07-27,NaN,NaN,true,,NaN,,true,NaN,,NaN,NaN,Center,NaN,NaN,NaN,true,NaN,NaN,,true,NaN,NaN,NaN,NaN,NaN,,54.2,6.3,NaN,,,99.1,49.1,,NaN,NaN,NaN,true,NaN,NaN,424,,0.044437751173973083,0.4885445535182953,NaN,2,2,NaN,NaN,NaN,NaN,,NaN,NaN,true,,,,,,,,,,,,NaN,NaN,NaN,NaN,NaN,NaN,NaN,NaN,NaN,NaN,NaN,NaN,NaN,,,,,,,,,,,,,,,
ajtb177oqwawkdwbqhldmq6mx,B 93,2703626241,452,15,2,53,23,M. Mouritz,ezbixgm2km8iapnsl57bn4wkp,1,75.7,57.0,2024-07-27T12:12:14.920,2024-07-27T12:13:50,1.0,"{""id"": 5119123475, ""qualifierId"": 230, ""value"": ""98.4""}",5yc6itlm0c8fncu5dj17bkg7o,Roskilde vs B 93,2024-07-27,NaN,NaN,true,,true,,true,NaN,,NaN,true,Center,NaN,NaN,NaN,NaN,NaN,NaN,,NaN,NaN,true,NaN,NaN,true,,50.6,19,NaN,,,77.6,56.5,,NaN,NaN,NaN,true,98.4,47.8,561,,0.025373386219143867,0.0,NaN,3,3,NaN,NaN,NaN,NaN,,NaN,NaN,NaN,,,,,,,,,,,,NaN,NaN,NaN,NaN,NaN,NaN,NaN,NaN,NaN,NaN,NaN,NaN,NaN,,,,,,,,,,,,,,,
bd4qakf7j0wwie8wke9km7uj8,Roskilde,2703624841,504,13,2,46,14,S. Baskaya,1el3mu4rgcx8tebrawgfvynf8,1,76.6,40.7,2024-07-27T12:05:06.490,2024-07-27T12:06:24,1.0,"{""id"": 5119114777, ""qualifierId"": 103, ""value"": ""4.2""}",5yc6itlm0c8fncu5dj17bkg7o,Roskilde vs B 93,2024-07-27,NaN,NaN,true,,NaN,,true,NaN,,NaN,true,Center,NaN,NaN,NaN,true,true,NaN,,NaN,NaN,NaN,NaN,NaN,NaN,,62.2,4.2,NaN,,,NaN,NaN,,NaN,NaN,NaN,true,98.2,49.5,NaN,,0.027534598484635353,0.0,NaN,2,2,NaN,NaN,NaN,NaN,,NaN,NaN,NaN,,,,,,,,,,,,NaN,NaN,NaN,NaN,NaN,NaN,NaN,NaN,NaN,NaN,NaN,NaN,NaN,,,,,,,,,,,,,,,
bd4qakf7j0wwie8wke9km7uj8,Roskilde,2703626325,564,15,2,53,36,R. Arabaci,7h02v4ymnko5fh01iylbh34es,1,75.9,71.4,2024-07-27T12:12:28.268,2024-07-27T12:13:42,1.0,"{""id"": 5119122795, ""qualifierId"": 22}",5yc6itlm0c8fncu5dj17bkg7o,Roskilde vs B 93,2024-07-27,NaN,NaN,true,,true,,true,NaN,,NaN,true,Center,NaN,NaN,NaN,NaN,NaN,NaN,,NaN,NaN,true,NaN,NaN,true,,50.7,19,NaN,,,79.8,68.1,,NaN,NaN,NaN,true,98.8,52.2,453,,0.016653025522828102,0.0,NaN,2,2,NaN,NaN,NaN,NaN,,NaN,NaN,NaN,,,,,,,,,,,,NaN,NaN,NaN,NaN,NaN,NaN,NaN,NaN,NaN,NaN,NaN,NaN,NaN,,,,,,,,,,,,,,,
bd4qakf7j0wwie8wke9km7uj8,Roskilde,2703626331,565,13,2,53,39,E. Nielsen,7pnxa8wzxx5qxevcckxdd62tx,1,85.5,48.7,2024-07-27T12:12:31.372,2024-07-27T12:13:49,NaN,"{""id"": 5119122837, ""qualifierId"": 326, ""value"": ""1""}",5yc6itlm0c8fncu5dj17bkg7o,Roskilde vs B 93,2024-07-27,NaN,true,NaN,,true,,true,NaN,,NaN,NaN,Center,NaN,NaN,NaN,NaN,true,NaN,,NaN,NaN,NaN,NaN,NaN,NaN,,61.5,8.3,NaN,,,NaN,NaN,,NaN,NaN,NaN,NaN,99.1,49.3,NaN,,0.20428931713104248,0.0,NaN,1,2,NaN,NaN,NaN,NaN,,NaN,NaN,true,,,,,,,,,,,,NaN,NaN,NaN,NaN,NaN,NaN,NaN,NaN,NaN,NaN,NaN,NaN,NaN,,,,,,,,,,,,,,,
ajtb177oqwawkdwbqhldmq6mx,B 93,2703629079,579,15,2,68,30,S. Clemmensen,as7qhgi67gngq0nb3zmwg8jro,1,85.2,40.1,2024-07-27T12:27:22.236,2024-07-27T12:28:37,1.0,"{""id"": 5119138797, ""qualifierId"": 103, ""value"": ""20.8""}",5yc6itlm0c8fncu5dj17bkg7o,Roskilde vs B 93,2024-07-27,NaN,true,NaN,,NaN,,true,NaN,,NaN,true,Center,NaN,NaN,NaN,true,NaN,NaN,,NaN,NaN,NaN,NaN,true,true,,45.5,20.8,NaN,,,87.9,40.8,,NaN,NaN,NaN,true,98.2,48.2,719,,0.043082453310489655,0.0,NaN,3,2,NaN,NaN,NaN,NaN,,NaN,NaN,NaN,,,,,,,,,,,,NaN,NaN,NaN,NaN,NaN,NaN,NaN,NaN,NaN,NaN,true,NaN,NaN,,,,,,,,,,,,,,,
ajtb177oqwawkdwbqhldmq6mx,B 93,2703629101,580,13,2,68,32,S. Clemmensen,as7qhgi67gngq0nb3zmwg8jro,1,91.2,35.6,2024-07-27T12:27:24.548,2024-07-27T12:29:57,NaN,"{""id"": 5122238767, ""qualifierId"": 215}",5yc6itlm0c8fncu5dj17bkg7o,Roskilde vs B 93,2024-07-27,NaN,NaN,NaN,,true,,true,NaN,,NaN,NaN,Center,NaN,true,NaN,NaN,NaN,true,,NaN,NaN,NaN,NaN,NaN,NaN,,45.4,77.8,NaN,,,NaN,NaN,,NaN,NaN,NaN,true,97.2,44.8,NaN,,0.1513446718454361,0.0,NaN,3,1,NaN,NaN,NaN,NaN,,NaN,NaN,true,,,,,,,,,,,,NaN,NaN,NaN,NaN,NaN,NaN,NaN,NaN,NaN,NaN,NaN,NaN,NaN,,,,,,,,,,,,,,,
bd4qakf7j0wwie8wke9km7uj8,Roskilde,2703627239,620,13,2,58,3,A. Maarup,cf6zq49y8v1ekw07e7yi3uac,1,76.6,37.6,2024-07-27T12:16:55.226,2024-07-27T12:18:05,1.0,"{""id"": 5119128111, ""qualifierId"": 230, ""value"": ""95.0""}",5yc6itlm0c8fncu5dj17bkg7o,Roskilde vs B 93,2024-07-27,NaN,NaN,true,,true,,NaN,true,,NaN,true,Center,NaN,NaN,NaN,NaN,true,NaN,,NaN,NaN,NaN,NaN,NaN,NaN,,72.3,6.9,NaN,,,NaN,NaN,,NaN,NaN,NaN,true,95.0,47.5,NaN,,0.04171483591198921,0.0,NaN,2,2,NaN,NaN,NaN,NaN,,NaN,NaN,NaN,,,,,,,,,,,,NaN,NaN,NaN,NaN,NaN,NaN,NaN,NaN,NaN,NaN,NaN,NaN,NaN,,,,,,,,,,,,,,,
ajtb177oqwawkdwbqhldmq6mx,B 93,2703630339,647,15,2,76,20,E. Nnamani,8i0o1b8rjsab9se3v6vteqmfo,1,87.3,43.6,2024-07-27T12:35:12.537,2024-07-28T13:30:11,1.0,"{""id"": 5119146345, ""qualifierId"": 154}",5yc6itlm0c8fncu5dj17bkg7o,Roskilde vs B 93,2024-07-27,NaN,true,NaN,,NaN,,NaN,true,,NaN,true,Center,NaN,NaN,NaN,true,NaN,NaN,,true,NaN,NaN,NaN,NaN,NaN,,52.7,7.0,NaN,,,96.0,47.5,,true,NaN,NaN,NaN,NaN,NaN,775,,0.1598646491765976,0.5751613974571228,NaN,3,2,NaN,NaN,NaN,NaN,,NaN,NaN,NaN,,,,,,,,,,,,NaN,NaN,NaN,NaN,NaN,NaN,NaN,NaN,NaN,NaN,NaN,NaN,NaN,,,,,,,,,,,,,,,
bd4qakf7j0wwie8wke9km7uj8,Roskilde,2703627935,655,15,2,61,49,O. Juul,aejgqvdw1jftxaa538kaa15w4,1,80.0,58.9,2024-07-27T12:20:41.775,2024-07-28T13:30:12,1.0,"{""id"": 5119131937, ""qualifierId"": 18}",5yc6itlm0c8fncu5dj17bkg7o,Roskilde vs B 93,2024-07-27,NaN,NaN,true,,true,,true,NaN,,NaN,true,Center,NaN,NaN,NaN,NaN,NaN,NaN,,NaN,true,NaN,NaN,NaN,NaN,,53.3,25.3,NaN,,,96.7,53.1,,true,NaN,NaN,NaN,NaN,NaN,513,,0.042423494160175323,0.25146806240081787,NaN,3,2,NaN,NaN,NaN,NaN,,NaN,NaN,NaN,,,,,,,,,,,,NaN,NaN,NaN,NaN,true,NaN,NaN,NaN,NaN,NaN,NaN,NaN,NaN,,,,,,,,,,,,,,,
ajtb177oqwawkdwbqhldmq6mx,B 93,2703631455,682,15,2,81,46,S. Clemmensen,as7qhgi67gngq0nb3zmwg8jro,1,81.9,43.8,2024-07-27T12:40:38.159,2024-07-27T12:42:12,1.0,"{""id"": 5122277989, ""qualifierId"": 18}",5yc6itlm0c8fncu5dj17bkg7o,Roskilde vs B 93,2024-07-27,NaN,NaN,true,,NaN,,NaN,true,,NaN,true,Center,NaN,NaN,NaN,true,NaN,NaN,,NaN,NaN,NaN,true,NaN,true,,47.5,19,true,,,90.1,45.5,,true,NaN,NaN,NaN,99.1,48.6,831,,0.0861772894859314,0.0,NaN,1,2,true,NaN,NaN,NaN,,NaN,NaN,NaN,,,,,,,,,,,,NaN,NaN,NaN,NaN,NaN,NaN,NaN,NaN,NaN,NaN,NaN,NaN,NaN,,,,,,,,,,,,,,,
ajtb177oqwawkdwbqhldmq6mx,B 93,2703632269,712,13,2,85,1,S. Clemmensen,as7qhgi67gngq0nb3zmwg8jro,1,90.6,42.7,2024-07-27T12:43:53.151,2024-07-27T12:46:13,1.0,"{""id"": 5122297711, ""qualifierId"": 214}",5yc6itlm0c8fncu5dj17bkg7o,Roskilde vs B 93,2024-07-27,NaN,true,NaN,,NaN,,true,NaN,,NaN,true,Center,NaN,NaN,NaN,true,NaN,true,,NaN,NaN,NaN,NaN,NaN,NaN,,54.6,63.9,NaN,,,NaN,NaN,,NaN,NaN,true,NaN,97.5,47.3,NaN,,0.1991824209690094,0.0,NaN,1,2,true,NaN,NaN,NaN,,NaN,NaN,NaN,,,,,,,,,,,,NaN,NaN,NaN,NaN,NaN,NaN,NaN,NaN,NaN,NaN,NaN,NaN,NaN,,,,,,,,,,,,,,,
bd4qakf7j0wwie8wke9km7uj8,Roskilde,2703628951,715,13,2,67,42,E. Nielsen,7pnxa8wzxx5qxevcckxdd62tx,1,92.6,33.3,2024-07-27T12:26:34.172,2024-07-27T12:27:44,1.0,"{""id"": 5119137681, ""qualifierId"": 22}",5yc6itlm0c8fncu5dj17bkg7o,Roskilde vs B 93,2024-07-27,NaN,NaN,NaN,,true,,true,NaN,,NaN,true,Center,NaN,true,NaN,NaN,NaN,NaN,,NaN,true,NaN,NaN,NaN,NaN,,59.0,77.8,NaN,,,NaN,NaN,,NaN,NaN,true,NaN,99.1,46.6,NaN,,0.1388723999261856,0.0,NaN,1,1,NaN,NaN,NaN,NaN,,NaN,NaN,NaN,,,,,,,,,,,,NaN,NaN,NaN,NaN,NaN,NaN,NaN,NaN,NaN,NaN,NaN,NaN,NaN,,,,,,,,,,,,,,,
ajtb177oqwawkdwbqhldmq6mx,B 93,2703632905,725,15,2,87,31,J. Mathys,zpl7lyln792rt0b2oedamvbo,1,89.8,66.2,2024-07-27T12:46:23.270,2024-07-28T13:58:30,1.0,"{""id"": 5119174071, ""qualifierId"": 321, ""value"": ""0.06354409456253052""}",5yc6itlm0c8fncu5dj17bkg7o,Roskilde vs B 93,2024-07-27,NaN,NaN,NaN,,NaN,,NaN,true,,NaN,true,Center,NaN,NaN,true,true,NaN,NaN,,true,NaN,NaN,NaN,NaN,NaN,,53.9,5.1,NaN,,,99.3,52.2,,NaN,NaN,NaN,true,NaN,NaN,894,,0.06354409456253052,0.3274103105068207,NaN,3,2,NaN,NaN,NaN,NaN,,NaN,NaN,NaN,,,,,,,,,,,,NaN,NaN,NaN,NaN,NaN,NaN,NaN,NaN,NaN,NaN,NaN,NaN,NaN,,,,,,,,,,,,,,,
bd4qakf7j0wwie8wke9km7uj8,Roskilde,2703629859,759,15,2,73,48,R. Arabaci,7h02v4ymnko5fh01iylbh34es,1,84.6,36.2,2024-07-27T12:32:40.135,2024-07-28T13:30:07,1.0,"{""id"": 5119144203, ""qualifierId"": 322, ""value"": ""0.3734285533428192""}",5yc6itlm0c8fncu5dj17bkg7o,Roskilde vs B 93,2024-07-27,NaN,NaN,NaN,,true,,true,NaN,,NaN,true,Center,NaN,true,NaN,NaN,NaN,NaN,,NaN,NaN,NaN,true,NaN,NaN,,45.7,2.5,NaN,,,97.8,48.0,,true,NaN,NaN,NaN,NaN,NaN,636,,0.03008379600942135,0.3734285533428192,NaN,3,2,NaN,NaN,NaN,NaN,,NaN,NaN,NaN,,,,,,,,,,,,NaN,NaN,NaN,NaN,NaN,NaN,NaN,NaN,NaN,NaN,NaN,NaN,NaN,,,,,,,,,,,,,,,
bd4qakf7j0wwie8wke9km7uj8,Roskilde,2703633675,935,15,2,90,52,M. Kristensen,4lac0f1ev5usxpka7gaev3hii,1,87.3,46.0,2024-07-27T12:49:44.850,2024-07-27T13:02:27,1.0,"{""id"": 5122315873, ""qualifierId"": 328}",5yc6itlm0c8fncu5dj17bkg7o,Roskilde vs B 93,2024-07-27,NaN,true,NaN,,true,,true,NaN,,NaN,true,Center,NaN,NaN,NaN,NaN,NaN,NaN,,NaN,NaN,true,NaN,NaN,true,,49.1,19,true,,,88.9,46.4,,true,NaN,NaN,NaN,99.3,50.5,740,,0.05725555866956711,0.0,NaN,3,2,true,NaN,NaN,NaN,,NaN,NaN,NaN,,,,,,,,,,,,NaN,NaN,NaN,NaN,NaN,NaN,NaN,NaN,NaN,NaN,NaN,NaN,NaN,,,,,,,,,,,,,,,
bd4qakf7j0wwie8wke9km7uj8,Roskilde,2703637003,978,15,2,82,43,V. Montell,99tm7b6ux9s4qocz0y4pcahas,1,95.8,40.9,2024-07-27T12:41:35.727,2024-07-28T13:30:09,1.0,"{""id"": 5122288159, ""qualifierId"": 78}",5yc6itlm0c8fncu5dj17bkg7o,Roskilde vs B 93,2024-07-27,NaN,NaN,NaN,,NaN,,NaN,NaN,,true,true,Center,true,NaN,NaN,true,NaN,NaN,,NaN,NaN,true,NaN,NaN,NaN,,51.0,5.7,NaN,,,97.2,43.1,,true,NaN,true,NaN,NaN,NaN,791,,0.16860331594944,0.370137482881546,NaN,1,2,true,NaN,NaN,NaN,,NaN,NaN,NaN,,,,,,,,,,,,NaN,NaN,NaN,NaN,NaN,NaN,NaN,NaN,NaN,NaN,NaN,NaN,NaN,,,,,,,,,,,,,,,
aqtkb4mgrz8c6iqfufj6qjbv9,Hillerød,2705192799,13,15,1,0,23,T. Arndal,1n4eldqa7h9jvcx1693zqu06i,1,89.8,51.1,2024-08-02T17:00:34.110,2024-08-05T14:29:34,1.0,"{""id"": 5127826065, ""qualifierId"": 22}",606n2aj6373t4z6q80ngim590,Hillerød vs Roskilde,2024-08-02,NaN,true,NaN,,true,,true,NaN,NaN,NaN,true,Center,,NaN,NaN,NaN,,NaN,NaN,NaN,NaN,true,NaN,NaN,NaN,,51.6,5.7,NaN,,,98.8,50.7,NaN,true,,,NaN,NaN,NaN,3,NaN,0.30580589175224304,0.27832818031311035,,2,1,true,,NaN,NaN,NaN,NaN,NaN,NaN,,,,,,,,,,NaN,,,,,,NaN,,NaN,NaN,NaN,,NaN,,NaN,NaN,NaN,NaN,NaN,NaN,,,,,,,,,,
aqtkb4mgrz8c6iqfufj6qjbv9,Hillerød,2705194189,73,13,1,5,2,A. Alicino,7l7f98nn8gohmdacsdb2labkk,1,76.0,49.4,2024-08-02T17:05:12.924,2024-08-02T17:06:34,NaN,"{""id"": 5127833973, ""qualifierId"": 103, ""value"": ""77.8""}",606n2aj6373t4z6q80ngim590,Hillerød vs Roskilde,2024-08-02,NaN,NaN,true,,true,,true,NaN,NaN,NaN,NaN,Center,,NaN,NaN,NaN,,NaN,NaN,NaN,NaN,NaN,NaN,true,NaN,,43.2,77.8,NaN,,,NaN,NaN,NaN,NaN,,,true,99.0,47.5,NaN,NaN,0.05293283239006996,0.0,,1,3,true,,NaN,NaN,NaN,NaN,NaN,true,,,,,,,,,,NaN,,,,,,NaN,,NaN,NaN,NaN,,NaN,,NaN,NaN,NaN,NaN,NaN,NaN,,,,,,,,,,
aqtkb4mgrz8c6iqfufj6qjbv9,Hillerød,2705194771,96,13,1,6,29,M. Bay,bop31qof3lon7u6rvmb68ktzp,1,92.2,54.0,2024-08-02T17:06:39.485,2024-08-02T17:07:55,1.0,"{""id"": 4611686018466118661, ""qualifierId"": 322, ""value"": ""0.0""}",606n2aj6373t4z6q80ngim590,Hillerød vs Roskilde,2024-08-02,true,true,NaN,,NaN,,true,NaN,NaN,NaN,true,Center,,NaN,NaN,NaN,,NaN,NaN,NaN,NaN,NaN,NaN,true,NaN,,40.7,51.4,NaN,,,NaN,NaN,NaN,true,,,NaN,98.9,50.5,NaN,NaN,0.247120201587677,0.0,,1,1,true,,NaN,NaN,NaN,NaN,NaN,NaN,,,,,,,,,,NaN,,,,,,NaN,,NaN,NaN,NaN,,NaN,,NaN,NaN,NaN,NaN,NaN,NaN,,,,,,,,,,
bd4qakf7j0wwie8wke9km7uj8,Roskilde,2705195871,97,13,1,9,50,S. Baskaya,1el3mu4rgcx8tebrawgfvynf8,1,86.6,54.8,2024-08-02T17:10:00.972,2024-08-02T17:11:11,1.0,"{""id"": 5127850361, ""qualifierId"": 23}",606n2aj6373t4z6q80ngim590,Hillerød vs Roskilde,2024-08-02,NaN,true,NaN,,NaN,,NaN,true,NaN,NaN,true,Center,,NaN,NaN,true,,NaN,NaN,NaN,NaN,NaN,NaN,NaN,NaN,,42.0,6.9,NaN,,,NaN,NaN,NaN,true,,,NaN,98.9,51.4,NaN,NaN,0.12763401865959167,0.0,,3,3,NaN,,NaN,NaN,NaN,NaN,NaN,NaN,,,,,,,,,,NaN,,,,,,NaN,,NaN,NaN,NaN,,NaN,,NaN,NaN,true,NaN,NaN,NaN,,,,,,,,,,
aqtkb4mgrz8c6iqfufj6qjbv9,Hillerød,2705197691,194,13,1,14,47,A. Justinussen,uiyol728wan4mxco2foplknp,1,76.2,81.1,2024-08-02T17:14:58.243,2024-08-02T17:16:21,1.0,"{""id"": 5127853703, ""qualifierId"": 276}",606n2aj6373t4z6q80ngim590,Hillerød vs Roskilde,2024-08-02,NaN,NaN,NaN,,true,,true,NaN,NaN,NaN,true,Left,,NaN,NaN,NaN,,NaN,true,NaN,NaN,NaN,NaN,NaN,NaN,,6.6,13.9,NaN,,,94.9,1.8,true,NaN,,,true,98.5,53.1,NaN,true,0.015353715978562832,0.0,,1,2,NaN,,NaN,NaN,true,NaN,NaN,NaN,,,,,,,,,,NaN,,,,,,NaN,,NaN,NaN,NaN,,NaN,,NaN,true,NaN,NaN,NaN,NaN,,,,,,,,,,
bd4qakf7j0wwie8wke9km7uj8,Roskilde,2705201821,219,13,1,26,42,K. Nyegaard,4rhxehi019n7z1z1m7a39w1sk,1,81.7,31.5,2024-08-02T17:26:53.900,2024-08-02T17:28:04,NaN,"{""id"": 5127876723, ""qualifierId"": 20}",606n2aj6373t4z6q80ngim590,Hillerød vs Roskilde,2024-08-02,NaN,NaN,true,,true,,NaN,NaN,true,NaN,NaN,Center,,NaN,NaN,NaN,,true,NaN,NaN,NaN,NaN,NaN,NaN,NaN,,49.6,70.8,NaN,,,NaN,NaN,NaN,NaN,,,true,98.4,47.7,NaN,NaN,0.037353187799453735,0.0,,1,3,NaN,,NaN,NaN,NaN,NaN,NaN,true,,,,,,,,,,NaN,,,,,,NaN,,NaN,NaN,NaN,,NaN,,NaN,NaN,NaN,NaN,NaN,NaN,,,,,,,,,,
aqtkb4mgrz8c6iqfufj6qjbv9,Hillerød,2705198545,226,13,1,17,33,M. Bay,bop31qof3lon7u6rvmb68ktzp,1,75.0,46.6,2024-08-02T17:17:44.133,2024-08-02T17:18:52,1.0,"{""id"": 5127858639, ""qualifierId"": 231, ""value"": ""47.5""}",606n2aj6373t4z6q80ngim590,Hillerød vs Roskilde,2024-08-02,NaN,NaN,true,,true,,true,NaN,NaN,NaN,true,Center,,NaN,NaN,NaN,,NaN,NaN,NaN,true,NaN,NaN,NaN,NaN,,59.0,83.3,true,,,NaN,NaN,NaN,true,,,NaN,96.4,47.5,NaN,NaN,0.03209056705236435,0.0,,1,2,true,,NaN,NaN,NaN,NaN,NaN,NaN,,,,,,,,,,NaN,,,,,,NaN,,NaN,NaN,NaN,,NaN,,NaN,NaN,NaN,NaN,NaN,NaN,,,,,,,,,,
bd4qakf7j0wwie8wke9km7uj8,Roskilde,2705204165,292,15,1,34,6,A. Maarup,cf6zq49y8v1ekw07e7yi3uac,1,81.6,45.8,2024-08-02T17:34:16.758,2024-08-02T17:35:32,1.0,"{""id"": 5127890631, ""qualifierId"": 103, ""value"": ""19""}",606n2aj6373t4z6q80ngim590,Hillerød vs Roskilde,2024-08-02,NaN,NaN,true,,true,,true,NaN,NaN,NaN,true,Center,,NaN,NaN,NaN,,NaN,NaN,NaN,NaN,true,NaN,NaN,true,,49.3,19,NaN,,,85.6,46.6,NaN,true,,,NaN,97.8,48.9,389,NaN,0.06368281692266464,0.0,,2,3,true,,NaN,NaN,NaN,NaN,NaN,NaN,,,,,,,,,,NaN,,,,,,NaN,,NaN,NaN,NaN,,NaN,,NaN,NaN,NaN,NaN,NaN,NaN,,,,,,,,,,
bd4qakf7j0wwie8wke9km7uj8,Roskilde,2705207647,368,15,1,42,30,R. Arabaci,7h02v4ymnko5fh01iylbh34es,1,86.2,30.9,2024-08-02T17:42:41.106,2024-08-05T17:29:24,1.0,"{""id"": 5127910323, ""qualifierId"": 327, ""value"": ""3""}",606n2aj6373t4z6q80ngim590,Hillerød vs Roskilde,2024-08-02,NaN,NaN,NaN,,NaN,,true,NaN,NaN,NaN,true,Center,,true,NaN,true,,NaN,NaN,NaN,NaN,NaN,NaN,true,NaN,,47.1,34.2,NaN,,,98.6,48.6,NaN,NaN,,,true,NaN,NaN,476,NaN,0.03624577447772026,0.4843760132789612,,2,3,NaN,,NaN,NaN,NaN,NaN,NaN,NaN,,,,,,,,,,NaN,,,,,,true,,NaN,NaN,NaN,,true,,NaN,NaN,NaN,NaN,NaN,NaN,,,,,,,,,,
aqtkb4mgrz8c6iqfufj6qjbv9,Hillerød,2705205069,412,16,1,36,8,A. Justinussen,uiyol728wan4mxco2foplknp,1,87.1,58.5,2024-08-02T17:36:18.892,2024-08-05T17:29:32,NaN,"{""id"": 5127897513, ""qualifierId"": 102, ""value"": ""45.6""}",606n2aj6373t4z6q80ngim590,Hillerød vs Roskilde,2024-08-02,NaN,true,NaN,,true,,NaN,NaN,NaN,true,NaN,Center,,NaN,NaN,NaN,,NaN,NaN,NaN,NaN,NaN,true,NaN,NaN,,45.6,9.5,NaN,,,NaN,NaN,NaN,NaN,,,NaN,98.6,49.8,NaN,NaN,0.057563416659832,0.5231672525405884,,2,3,true,,2024-08-02 18:36:18.008,36:07.528,NaN,1.4,50.2,true,,,,,,,,,,NaN,,,,,,true,,PASS_LOST,429888,6463,,NaN,,411,NaN,NaN,NaN,true,true,,,,,,,,,,
aqtkb4mgrz8c6iqfufj6qjbv9,Hillerød,2705211889,542,15,2,46,46,A. Justinussen,uiyol728wan4mxco2foplknp,1,85.0,40.1,2024-08-02T18:03:35.234,2024-08-05T17:30:05,1.0,"{""id"": 5134254557, ""qualifierId"": 78}",606n2aj6373t4z6q80ngim590,Hillerød vs Roskilde,2024-08-02,NaN,true,NaN,,true,,true,NaN,NaN,NaN,true,Center,,NaN,NaN,NaN,,NaN,NaN,NaN,NaN,true,NaN,NaN,NaN,,48.5,2.5,NaN,,,99.3,49.6,NaN,true,,,NaN,NaN,NaN,431,NaN,0.060279056429862976,0.09394796192646027,,2,2,true,,NaN,NaN,NaN,NaN,NaN,NaN,,,,,,,,,,NaN,,,,,,NaN,,NaN,NaN,NaN,,NaN,,NaN,NaN,NaN,NaN,NaN,NaN,,,,,,,,,,
aqtkb4mgrz8c6iqfufj6qjbv9,Hillerød,2705216061,608,15,2,54,7,A. Justinussen,uiyol728wan4mxco2foplknp,1,88.6,74.4,2024-08-02T18:10:56.583,2024-08-02T18:31:07,1.0,"{""id"": 5127993115, ""qualifierId"": 20}",606n2aj6373t4z6q80ngim590,Hillerød vs Roskilde,2024-08-02,NaN,NaN,NaN,,true,,true,NaN,NaN,NaN,true,Center,,NaN,true,NaN,,NaN,NaN,true,NaN,NaN,NaN,NaN,true,,53.4,19,NaN,,,91.0,70.0,NaN,NaN,,,true,98.9,54.2,486,NaN,0.01460750587284565,0.0,,3,3,NaN,,NaN,NaN,NaN,NaN,NaN,NaN,,,,,,,,,,NaN,,,,,,NaN,,NaN,NaN,NaN,,NaN,,NaN,NaN,NaN,NaN,NaN,NaN,,,,,,,,,,
bd4qakf7j0wwie8wke9km7uj8,Roskilde,2705227293,755,13,2,83,6,A. Maarup,cf6zq49y8v1ekw07e7yi3uac,1,90.5,50.1,2024-08-02T18:39:56.104,2024-08-02T18:41:09,1.0,"{""id"": 5128021781, ""qualifierId"": 22}",606n2aj6373t4z6q80ngim590,Hillerød vs Roskilde,2024-08-02,true,true,NaN,,NaN,,true,NaN,NaN,NaN,true,Center,,NaN,NaN,NaN,,true,NaN,NaN,NaN,NaN,NaN,NaN,NaN,,51.6,69.4,NaN,,,NaN,NaN,NaN,true,,,NaN,98.8,49.5,NaN,NaN,0.06324466317892075,0.0,,3,2,true,,NaN,NaN,NaN,NaN,NaN,NaN,,,,,,,,,,NaN,,,,,,NaN,,NaN,NaN,NaN,,NaN,,NaN,NaN,NaN,NaN,NaN,NaN,,,,,,,,,,
aqtkb4mgrz8c6iqfufj6qjbv9,Hillerød,2705223755,834,16,2,76,33,A. Justinussen,uiyol728wan4mxco2foplknp,1,72.8,76.6,2024-08-02T18:33:22.952,2024-08-02T18:36:39,NaN,"{""id"": 5128001729, ""qualifierId"": 26}",606n2aj6373t4z6q80ngim590,Hillerød vs Roskilde,2024-08-02,NaN,NaN,true,,true,,NaN,NaN,NaN,NaN,NaN,Center,,NaN,NaN,NaN,,NaN,NaN,true,NaN,NaN,NaN,NaN,NaN,,53.3,3.2,NaN,,,NaN,NaN,NaN,NaN,,,NaN,98.4,51.4,NaN,NaN,0.02619759738445282,0.051955126225948334,,1,3,NaN,,2024-08-02 19:33:20.924,76:31.691,NaN,98.8,54.5,true,,,,,,,,,,true,,,,,,NaN,,FREE_KICK_WON,490906,6463,,NaN,,833,NaN,NaN,NaN,NaN,NaN,,,,,,,,,,
aqtkb4mgrz8c6iqfufj6qjbv9,Hillerød,2705226843,861,13,2,82,9,M. Bruhn,8gqvlydur0v4cpmz1ozqkejh0,1,84.4,69.1,2024-08-02T18:38:58.437,2024-08-02T18:40:12,1.0,"{""id"": 5128019413, ""qualifierId"": 102, ""value"": ""55.8""}",606n2aj6373t4z6q80ngim590,Hillerød vs Roskilde,2024-08-02,NaN,NaN,NaN,,true,,NaN,true,NaN,NaN,true,Center,,NaN,true,NaN,,NaN,NaN,NaN,NaN,NaN,NaN,NaN,NaN,,55.8,56.9,NaN,,,NaN,NaN,NaN,NaN,,,true,98.2,52.5,NaN,NaN,0.045235078781843185,0.0,,2,2,NaN,,NaN,NaN,NaN,NaN,NaN,NaN,,,,,,,,,,NaN,,,,,,NaN,,NaN,NaN,NaN,,NaN,,NaN,NaN,NaN,true,NaN,NaN,,,,,,,,,,
b2vft81kyjurzbmekvgrqwr64,Hobro,2707198111,40,16,1,2,55,O. Klitten,e19g5bz7s9wqcvj8mttztxi0a,1,92.6,41.3,2024-08-10T12:03:00.972,2024-08-12T14:29:18,1.0,"{""id"": 5138881125, ""qualifierId"": 22}",61nxt1f2c9lotmvunbocwyplg,Roskilde vs Hobro,2024-08-10,NaN,true,NaN,,true,,true,NaN,NaN,NaN,true,Center,,NaN,NaN,NaN,NaN,NaN,,NaN,,NaN,true,,NaN,,46.8,3.2,NaN,,,NaN,NaN,NaN,true,,true,NaN,95.9,44.0,NaN,,0.2546916902065277,0.3761458694934845,NaN,2,1,true,NaN,2024-08-10 13:03:00.386,02:55.060,,4.9,56.7,NaN,,,,,,,,,NaN,NaN,,,NaN,,,,,,,,,NaN,,,,,,,,NaN,NaN,NaN,NaN,,,,,,
b2vft81kyjurzbmekvgrqwr64,Hobro,2707200735,80,15,1,7,5,M. Kristensen,bp232fgjrfyok2471ec7u1tcl,1,70.0,38.7,2024-08-10T12:07:10.838,2024-08-10T12:11:01,1.0,"{""id"": 5138908243, ""qualifierId"": 147, ""value"": ""41.3""}",61nxt1f2c9lotmvunbocwyplg,Roskilde vs Hobro,2024-08-10,NaN,NaN,true,,true,,true,NaN,NaN,NaN,true,Center,,NaN,NaN,NaN,NaN,NaN,,NaN,,true,NaN,,true,,50.1,19,NaN,,,76.9,41.3,NaN,NaN,,NaN,true,99.3,50,66,,0.011929879896342754,0.0,NaN,2,2,NaN,NaN,NaN,NaN,,NaN,NaN,NaN,,,,,,,,,NaN,NaN,,,NaN,,,,,,,,,NaN,,,,,,,,NaN,NaN,NaN,NaN,,,,,,
b2vft81kyjurzbmekvgrqwr64,Hobro,2707205587,120,13,1,12,40,J. Cornelius,8gdfn7j6xac9p4jh94hk40jdg,1,78.7,44.6,2024-08-10T12:12:45.487,2024-08-10T12:13:57,1.0,"{""id"": 5138920207, ""qualifierId"": 20}",61nxt1f2c9lotmvunbocwyplg,Roskilde vs Hobro,2024-08-10,NaN,NaN,true,,true,,NaN,true,NaN,NaN,true,Center,,NaN,NaN,NaN,NaN,true,,NaN,,NaN,NaN,,NaN,,48.7,68.1,NaN,,,NaN,NaN,NaN,NaN,,NaN,true,97.7,47.8,NaN,,0.0862053856253624,0.0,NaN,2,2,NaN,NaN,NaN,NaN,,NaN,NaN,NaN,,,,,,,,,NaN,NaN,,,NaN,,,,,,,,,NaN,,,,,,,,NaN,NaN,NaN,NaN,,,,,,
b2vft81kyjurzbmekvgrqwr64,Hobro,2707212525,206,15,1,22,45,F. Christensen,9b89pmcjk6re94bjp0ixeatjo,1,92.0,35.4,2024-08-10T12:22:50.752,2024-08-12T15:29:34,1.0,"{""id"": 5139389645, ""qualifierId"": 154}",61nxt1f2c9lotmvunbocwyplg,Roskilde vs Hobro,2024-08-10,NaN,NaN,NaN,,true,,true,NaN,NaN,NaN,true,Center,,true,NaN,NaN,NaN,NaN,,NaN,,true,NaN,,NaN,,51.0,0.6,NaN,,,99.4,46.4,NaN,true,,NaN,NaN,NaN,NaN,260,,0.12881965935230255,0.30132856965065,NaN,2,2,NaN,NaN,NaN,NaN,,NaN,NaN,NaN,,,,,,,,,NaN,NaN,,,NaN,,,,,,,,,NaN,,,,,,,,NaN,NaN,NaN,NaN,,,,,,
b2vft81kyjurzbmekvgrqwr64,Hobro,2707212561,207,13,1,22,48,F. Christensen,9b89pmcjk6re94bjp0ixeatjo,1,94.9,35.0,2024-08-10T12:22:54.207,2024-08-10T12:29:44,NaN,"{""id"": 4611686018466191879, ""qualifierId"": 322, ""value"": ""0.0""}",61nxt1f2c9lotmvunbocwyplg,Roskilde vs Hobro,2024-08-10,NaN,NaN,NaN,,true,,true,NaN,NaN,NaN,NaN,Center,,NaN,NaN,NaN,true,NaN,,NaN,,NaN,NaN,,NaN,,60.5,12.5,NaN,,,NaN,NaN,NaN,NaN,,NaN,NaN,99.1,46.4,NaN,,0.10211438685655594,0.0,true,2,2,NaN,206,NaN,NaN,,NaN,NaN,true,,,,,,,,,NaN,NaN,,,NaN,,,,,,,,,true,,,,,,,,NaN,true,NaN,NaN,,,,,,
bd4qakf7j0wwie8wke9km7uj8,Roskilde,2707211427,238,13,1,20,50,R. Arabaci,7h02v4ymnko5fh01iylbh34es,1,82.5,53.6,2024-08-10T12:20:56.350,2024-08-10T12:22:05,1.0,"{""id"": 5138950259, ""qualifierId"": 22}",61nxt1f2c9lotmvunbocwyplg,Roskilde vs Hobro,2024-08-10,NaN,NaN,true,,true,,true,NaN,NaN,NaN,true,Center,,NaN,NaN,NaN,NaN,true,,NaN,,NaN,NaN,,NaN,,44.7,66.7,NaN,,,NaN,NaN,NaN,true,,NaN,NaN,97.5,49.1,NaN,,0.08193977922201157,0.0,NaN,2,2,true,NaN,NaN,NaN,,NaN,NaN,NaN,,,,,,,,,NaN,NaN,,,NaN,,,,,,,,,NaN,,,,,,,,NaN,NaN,NaN,NaN,,,,,,
bd4qakf7j0wwie8wke9km7uj8,Roskilde,2707221279,394,15,1,38,22,R. Arabaci,7h02v4ymnko5fh01iylbh34es,1,80.0,35.6,2024-08-10T12:38:28.162,2024-08-12T15:29:33,1.0,"{""id"": 5139000917, ""qualifierId"": 233, ""value"": ""346""}",61nxt1f2c9lotmvunbocwyplg,Roskilde vs Hobro,2024-08-10,NaN,NaN,true,,NaN,,true,NaN,NaN,NaN,true,Center,,NaN,NaN,true,NaN,NaN,,NaN,,NaN,true,,NaN,,47.7,19.0,NaN,,,97.8,48.4,NaN,NaN,,NaN,true,NaN,NaN,346,,0.03709595277905464,0.06330445408821106,NaN,2,2,NaN,NaN,NaN,NaN,,NaN,NaN,NaN,,,,,,,,,NaN,NaN,,,NaN,,,,,,,,,NaN,,,,,,,,NaN,NaN,NaN,NaN,,,,,,
bd4qakf7j0wwie8wke9km7uj8,Roskilde,2707223379,411,15,1,40,56,S. Baskaya,1el3mu4rgcx8tebrawgfvynf8,1,80.2,38.7,2024-08-10T12:41:01.688,2024-08-10T12:42:14,NaN,"{""id"": 5139011919, ""qualifierId"": 146, ""value"": ""89.3""}",61nxt1f2c9lotmvunbocwyplg,Roskilde vs Hobro,2024-08-10,NaN,NaN,true,,NaN,,NaN,NaN,NaN,NaN,NaN,Center,,NaN,NaN,true,NaN,NaN,,true,,NaN,NaN,,true,,53.9,19,NaN,,,89.3,45.7,NaN,NaN,,NaN,NaN,99.0,48.0,356,,0.10495954751968384,0.0,NaN,1,3,NaN,NaN,NaN,NaN,,NaN,NaN,true,,,,,,,,,NaN,true,,,NaN,,,,,,,,,NaN,,,,,,,,NaN,NaN,NaN,NaN,,,,,,
b2vft81kyjurzbmekvgrqwr64,Hobro,2707239791,426,13,2,49,50,O. Klitten,e19g5bz7s9wqcvj8mttztxi0a,1,93.1,36.0,2024-08-10T13:06:12.661,2024-08-10T14:30:42,1.0,"{""id"": 5139102097, ""qualifierId"": 326, ""value"": ""2""}",61nxt1f2c9lotmvunbocwyplg,Roskilde vs Hobro,2024-08-10,true,NaN,NaN,,NaN,,NaN,NaN,NaN,true,true,Center,,true,NaN,NaN,true,NaN,,NaN,,NaN,NaN,,NaN,,75.1,2.8,NaN,,,93.6,54.2,true,true,,NaN,NaN,98.4,49.5,NaN,,0.024991273880004883,0.0,NaN,2,2,true,NaN,NaN,NaN,,NaN,NaN,NaN,,,,,,,,,NaN,NaN,,,NaN,,,,,,,,,NaN,,,,,,,,NaN,NaN,NaN,NaN,,,,,,
b2vft81kyjurzbmekvgrqwr64,Hobro,2707240003,432,14,2,50,4,F. Dietz,ebd3uvtt54wkdsahc2127j02c,1,86.9,64.6,2024-08-10T13:06:26.571,2024-08-10T13:14:59,1.0,"{""id"": 4611686018466192711, ""qualifierId"": 322, ""value"": ""0.0""}",61nxt1f2c9lotmvunbocwyplg,Roskilde vs Hobro,2024-08-10,NaN,NaN,NaN,,true,,NaN,NaN,NaN,true,true,Center,,NaN,true,NaN,true,NaN,,NaN,,NaN,NaN,,NaN,,55.3,33.5,true,,,NaN,NaN,NaN,NaN,,NaN,NaN,99.5,53.3,NaN,,0.04607046768069267,0.0,NaN,2,2,NaN,NaN,NaN,NaN,,NaN,NaN,NaN,,,,,,,,,NaN,NaN,,,NaN,,,,,,,,,NaN,,,,,,,,NaN,NaN,NaN,NaN,,,,,,
b2vft81kyjurzbmekvgrqwr64,Hobro,2707240219,442,15,2,50,25,V. Rasmussen,dwuxps3jv2852642q000wep6,1,93.0,35.4,2024-08-10T13:06:48.920,2024-08-10T13:08:35,1.0,"{""id"": 5139105153, ""qualifierId"": 103, ""value"": ""19""}",61nxt1f2c9lotmvunbocwyplg,Roskilde vs Hobro,2024-08-10,NaN,NaN,NaN,,true,,true,NaN,NaN,NaN,true,Center,,true,NaN,NaN,NaN,NaN,,NaN,,NaN,true,,true,,47.2,19,NaN,,,94.0,37.0,NaN,true,,NaN,NaN,98.8,48.0,522,,0.05703210085630417,0.0,NaN,3,2,NaN,NaN,NaN,NaN,,NaN,NaN,NaN,,,,,,,,,NaN,NaN,,,NaN,,,,,,,,,NaN,,,,,,,,NaN,NaN,NaN,NaN,,,,,,
b2vft81kyjurzbmekvgrqwr64,Hobro,2707240725,445,16,2,50,55,F. Dietz,ebd3uvtt54wkdsahc2127j02c,1,94.6,46.0,2024-08-10T13:07:17.484,2024-08-12T16:29:24,1.0,"{""id"": 5139109141, ""qualifierId"": 25}",61nxt1f2c9lotmvunbocwyplg,Roskilde vs Hobro,2024-08-10,true,NaN,NaN,,NaN,,NaN,NaN,NaN,true,true,Center,,NaN,NaN,NaN,NaN,NaN,,true,,NaN,NaN,,NaN,,52.9,5.1,NaN,,,NaN,NaN,NaN,true,,NaN,NaN,99.8,47.8,NaN,,0.1799701452255249,0.8788647651672363,NaN,2,2,true,NaN,2024-08-10 14:07:17.107,50:54.926,,99.5,49.3,NaN,,,,,,,,,NaN,NaN,,,NaN,,,,,,,,,NaN,,,,,,,,true,NaN,NaN,NaN,,,,,,
bd4qakf7j0wwie8wke9km7uj8,Roskilde,2707242579,545,13,2,53,57,O. Juul,aejgqvdw1jftxaa538kaa15w4,1,76.3,62.6,2024-08-10T13:10:19.403,2024-08-10T13:11:30,1.0,"{""id"": 5139118561, ""qualifierId"": 22}",61nxt1f2c9lotmvunbocwyplg,Roskilde vs Hobro,2024-08-10,NaN,NaN,true,,NaN,,true,NaN,NaN,NaN,true,Center,,NaN,NaN,true,NaN,true,,NaN,,NaN,NaN,,NaN,,45.9,88.9,NaN,,,NaN,NaN,NaN,NaN,,NaN,true,97.7,50.7,NaN,,0.03953896835446358,0.0,NaN,1,2,NaN,NaN,NaN,NaN,,NaN,NaN,NaN,,,,,,,,,NaN,NaN,,,NaN,,,,,,,,,NaN,,,,,,,,NaN,NaN,NaN,NaN,,,,,,
b2vft81kyjurzbmekvgrqwr64,Hobro,2707257277,644,15,2,76,18,F. Christensen,9b89pmcjk6re94bjp0ixeatjo,1,90.9,49.9,2024-08-10T13:32:40.399,2024-08-12T18:29:12,1.0,"{""id"": 5139197967, ""qualifierId"": 326, ""value"": ""1""}",61nxt1f2c9lotmvunbocwyplg,Roskilde vs Hobro,2024-08-10,NaN,true,NaN,,NaN,,true,NaN,NaN,NaN,true,Center,,NaN,NaN,true,NaN,NaN,,NaN,,true,NaN,,NaN,,51.4,15.8,NaN,,,98.4,49.6,NaN,true,,true,NaN,NaN,NaN,754,,0.45849689841270447,0.4196690320968628,NaN,1,1,true,NaN,NaN,NaN,,NaN,NaN,NaN,,,,,,,,,NaN,NaN,,,NaN,,,,,,,,,NaN,,,,,,,,NaN,NaN,NaN,NaN,,,,,,
b2vft81kyjurzbmekvgrqwr64,Hobro,2707257957,654,15,2,78,2,J. Sneftrup,6xhxqcmi0g6h61y2pl9v89xjo,1,94.3,32.7,2024-08-10T13:34:24.455,2024-08-10T13:37:06,1.0,"{""id"": 5139207655, ""qualifierId"": 233, ""value"": ""765""}",61nxt1f2c9lotmvunbocwyplg,Roskilde vs Hobro,2024-08-10,NaN,NaN,NaN,,true,,true,NaN,NaN,NaN,true,Center,,NaN,NaN,NaN,NaN,NaN,,NaN,,NaN,true,,true,,47.9,19,NaN,,,95.5,35.9,NaN,NaN,,NaN,true,98.8,46.4,765,,0.04140524938702583,0.0,NaN,3,2,NaN,NaN,NaN,NaN,,NaN,NaN,NaN,,,,,,,,,NaN,NaN,,,NaN,,,,,,,,,true,,,,,,,,NaN,true,NaN,NaN,,,,,,
b2vft81kyjurzbmekvgrqwr64,Hobro,2707259599,672,15,2,81,25,F. Christensen,9b89pmcjk6re94bjp0ixeatjo,1,88.5,50.0,2024-08-10T13:37:47.729,2024-08-10T13:39:09,NaN,"{""id"": 5139211251, ""qualifierId"": 353, ""value"": ""793""}",61nxt1f2c9lotmvunbocwyplg,Roskilde vs Hobro,2024-08-10,NaN,true,NaN,,true,,NaN,NaN,NaN,NaN,NaN,Center,,NaN,NaN,NaN,NaN,NaN,,NaN,,NaN,true,,NaN,,47.2,3.2,NaN,,,99.0,49.3,NaN,NaN,,true,NaN,NaN,NaN,789,,0.7884,0.6328982710838318,NaN,1,1,NaN,NaN,NaN,NaN,,NaN,NaN,true,,,,,,,,,true,NaN,,,NaN,,,,,,,,,NaN,,,,,,,,NaN,NaN,793,553482,,,,,,
b2vft81kyjurzbmekvgrqwr64,Hobro,2707259605,673,15,2,81,29,F. Christensen,9b89pmcjk6re94bjp0ixeatjo,1,91.4,43.8,2024-08-10T13:37:52.480,2024-08-12T18:29:10,NaN,"{""id"": 5139211573, ""qualifierId"": 338, ""value"": ""672""}",61nxt1f2c9lotmvunbocwyplg,Roskilde vs Hobro,2024-08-10,NaN,true,NaN,,true,,NaN,NaN,true,NaN,NaN,Center,,NaN,NaN,NaN,NaN,NaN,,NaN,,true,NaN,,NaN,,50.4,6.3,NaN,,,98.6,48.2,NaN,NaN,,true,NaN,NaN,NaN,790,,0.3254272937774658,0.241255521774292,true,2,1,true,672,NaN,NaN,,NaN,NaN,true,,,,,,,,,NaN,NaN,,,NaN,,,,,,,,,NaN,,,,,,,,NaN,NaN,NaN,NaN,,,,,,
bd4qakf7j0wwie8wke9km7uj8,Roskilde,2707256137,735,15,2,73,28,A. Taranis,m031ocyfq011rual3olkegdm,1,82.2,74.7,2024-08-10T13:29:50.969,2024-08-10T13:31:27,1.0,"{""id"": 5139246461, ""qualifierId"": 233, ""value"": ""628""}",61nxt1f2c9lotmvunbocwyplg,Roskilde vs Hobro,2024-08-10,NaN,NaN,true,,true,,true,NaN,NaN,NaN,true,Center,,NaN,NaN,NaN,NaN,NaN,,NaN,,NaN,NaN,,NaN,,49.9,23.4,NaN,,,98.8,51.4,NaN,NaN,,NaN,true,NaN,NaN,628,,0.019093697890639305,0.008928494527935982,NaN,2,2,NaN,NaN,NaN,NaN,,NaN,NaN,NaN,,,,,,,,,NaN,NaN,,,true,,,,,,,,,true,,,,,,,,NaN,NaN,NaN,NaN,,,,,,
bd4qakf7j0wwie8wke9km7uj8,Roskilde,2707264025,891,15,2,90,49,M. Winkel,6bkuzenpse2kzirt9q7qeisd0,1,75.3,57.3,2024-08-10T13:47:11.605,2024-08-10T13:48:22,1.0,"{""id"": 5139233807, ""qualifierId"": 230, ""value"": ""97.5""}",61nxt1f2c9lotmvunbocwyplg,Roskilde vs Hobro,2024-08-10,NaN,NaN,true,,true,,true,NaN,NaN,NaN,true,Center,,NaN,NaN,NaN,NaN,NaN,,NaN,,true,NaN,,true,,48.9,19,NaN,,,81.4,55.2,NaN,NaN,,NaN,true,97.5,50.4,740,,0.026660066097974777,0.0,NaN,2,2,NaN,NaN,NaN,NaN,,NaN,NaN,NaN,,,,,,,,,NaN,NaN,,,NaN,,,,,,,,,NaN,,,,,,,,NaN,NaN,NaN,NaN,,,,,,
bd4qakf7j0wwie8wke9km7uj8,Roskilde,2709234169,67,14,1,7,6,A. Taranis,m031ocyfq011rual3olkegdm,1,92.7,70.9,2024-08-16T17:07:17.490,2024-08-16T17:09:27,1.0,"{""id"": 5150112309, ""qualifierId"": 22}",64o9dmwumoh7ybeg7hb62m3o4,Fredericia vs Roskilde,2024-08-16,NaN,NaN,NaN,,true,,true,NaN,,NaN,true,Center,NaN,NaN,true,NaN,NaN,true,,NaN,NaN,NaN,NaN,NaN,NaN,,49.0,39.2,,,NaN,NaN,NaN,,true,,NaN,true,99.4,53.8,NaN,,0.03643098473548889,0.0,,2,2,NaN,,NaN,NaN,,NaN,NaN,NaN,,,,,,,,,,,,NaN,NaN,,,NaN,NaN,,,,NaN,NaN,,,,,NaN,,,,,,,NaN,NaN,NaN,NaN,NaN,
bd4qakf7j0wwie8wke9km7uj8,Roskilde,2709234253,70,16,1,7,18,E. Nielsen,7pnxa8wzxx5qxevcckxdd62tx,1,93.6,45.2,2024-08-16T17:07:28.970,2024-08-19T15:31:08,1.0,"{""id"": 5150114679, ""qualifierId"": 102, ""value"": ""46.4""}",64o9dmwumoh7ybeg7hb62m3o4,Fredericia vs Roskilde,2024-08-16,true,true,NaN,,NaN,,true,NaN,,NaN,true,Center,NaN,NaN,NaN,NaN,NaN,NaN,,NaN,NaN,NaN,NaN,true,NaN,,46.4,27.2,,,true,NaN,NaN,,true,,NaN,NaN,99.3,47.8,NaN,,0.14687412977218628,0.488115131855011,,2,2,true,,2024-08-16 18:07:28.522,07:17.877,,1.0,50.2,NaN,,,,,,,,,,,,NaN,NaN,,,NaN,NaN,,,,NaN,NaN,,,,,NaN,,,,,,,NaN,NaN,NaN,NaN,NaN,
bd4qakf7j0wwie8wke9km7uj8,Roskilde,2709237039,104,15,1,12,34,R. Arabaci,7h02v4ymnko5fh01iylbh34es,1,77.4,42.1,2024-08-16T17:12:45.109,2024-08-16T17:32:08,1.0,"{""id"": 4611686018466289753, ""qualifierId"": 322, ""value"": ""0.0""}",64o9dmwumoh7ybeg7hb62m3o4,Fredericia vs Roskilde,2024-08-16,NaN,NaN,true,,true,,NaN,true,,NaN,true,Center,NaN,NaN,NaN,NaN,NaN,NaN,,NaN,NaN,true,NaN,NaN,true,,51.4,19,,,NaN,82.1,44.0,,NaN,,NaN,true,98.6,46.9,128,,0.09399072825908661,0.0,,2,2,NaN,,NaN,NaN,,NaN,NaN,NaN,,,,,,,,,,,,NaN,NaN,,,NaN,NaN,,,,NaN,NaN,,,,,NaN,,,,,,,NaN,NaN,NaN,NaN,NaN,
6wwwud48qahpwrfxs20334qk5,Fredericia,2709236007,113,16,1,10,21,A. Muçolli,289rctmvd5ppy9zqn98jbe4et,1,85.2,60.3,2024-08-16T17:10:32.334,2024-08-16T17:12:18,NaN,"{""id"": 5150122435, ""qualifierId"": 56, ""value"": ""Center""}",64o9dmwumoh7ybeg7hb62m3o4,Fredericia vs Roskilde,2024-08-16,NaN,true,NaN,,true,,NaN,true,,NaN,NaN,Center,NaN,NaN,NaN,NaN,NaN,NaN,,NaN,NaN,NaN,true,NaN,NaN,,47.0,10.8,,,NaN,NaN,NaN,,NaN,,NaN,true,99.0,50.7,NaN,,0.11841746419668198,0.32564154267311096,,2,2,NaN,,2024-08-16 18:10:31.311,10:20.666,,99.0,49.6,true,,,,,,,,,,,,NaN,NaN,,,NaN,true,,,,true,NaN,,,,,NaN,,,,,,,NaN,NaN,NaN,NaN,NaN,
bd4qakf7j0wwie8wke9km7uj8,Roskilde,2709238653,137,13,1,15,21,O. Juul,aejgqvdw1jftxaa538kaa15w4,1,88.3,69.9,2024-08-16T17:15:32.850,2024-08-16T17:16:41,1.0,"{""id"": 5150137697, ""qualifierId"": 29}",64o9dmwumoh7ybeg7hb62m3o4,Fredericia vs Roskilde,2024-08-16,NaN,NaN,NaN,,NaN,,true,NaN,,NaN,true,Center,NaN,NaN,true,true,NaN,NaN,,NaN,NaN,NaN,NaN,NaN,NaN,,56.1,40.3,,,NaN,NaN,NaN,,NaN,,NaN,true,98.1,52.9,NaN,,0.03701072186231613,0.0,,2,2,NaN,,NaN,NaN,,NaN,NaN,NaN,,,,,,,,,,,,NaN,NaN,,,NaN,NaN,,,,NaN,NaN,,,,,NaN,,,,,,,NaN,true,NaN,NaN,NaN,
6wwwud48qahpwrfxs20334qk5,Fredericia,2709237989,145,15,1,14,6,A. Muçolli,289rctmvd5ppy9zqn98jbe4et,1,75.4,58.1,2024-08-16T17:14:16.810,2024-08-16T17:15:33,1.0,"{""id"": 5150134365, ""qualifierId"": 146, ""value"": ""98.6""}",64o9dmwumoh7ybeg7hb62m3o4,Fredericia vs Roskilde,2024-08-16,NaN,NaN,true,,true,,true,NaN,,NaN,true,Center,NaN,NaN,NaN,NaN,NaN,NaN,,NaN,NaN,NaN,true,NaN,NaN,,46.5,11.4,,,NaN,98.6,49.8,,NaN,,NaN,true,NaN,NaN,125,,0.02642401121556759,0.09197386354207993,,2,2,NaN,,NaN,NaN,,NaN,NaN,NaN,,,,,,,,,,,,NaN,NaN,,,NaN,NaN,,,,NaN,NaN,,,,,NaN,,,,,,,NaN,NaN,NaN,NaN,NaN,
bd4qakf7j0wwie8wke9km7uj8,Roskilde,2709239617,146,15,1,17,18,A. Maarup,cf6zq49y8v1ekw07e7yi3uac,1,79.2,54.6,2024-08-16T17:17:29.118,2024-08-16T17:33:10,1.0,"{""id"": 4611686018466289785, ""qualifierId"": 322, ""value"": ""0.0""}",64o9dmwumoh7ybeg7hb62m3o4,Fredericia vs Roskilde,2024-08-16,NaN,NaN,true,,true,,true,NaN,,NaN,true,Center,NaN,NaN,NaN,NaN,NaN,NaN,,true,NaN,NaN,NaN,NaN,true,,51.8,19,,,NaN,82.5,54.2,,NaN,,NaN,true,98.6,49.3,170,,0.05940457060933113,0.0,,2,2,NaN,,NaN,NaN,,NaN,NaN,NaN,,,,,,,,,,,,NaN,NaN,,,NaN,NaN,,,,NaN,NaN,,,,,NaN,,,,,,,NaN,NaN,NaN,NaN,NaN,
bd4qakf7j0wwie8wke9km7uj8,Roskilde,2709239769,150,15,1,17,33,A. Maarup,cf6zq49y8v1ekw07e7yi3uac,1,89.2,53.9,2024-08-16T17:17:44.150,2024-08-16T17:34:04,1.0,"{""id"": 4611686018466289823, ""qualifierId"": 322, ""value"": ""0.0""}",64o9dmwumoh7ybeg7hb62m3o4,Fredericia vs Roskilde,2024-08-16,NaN,true,NaN,,true,,true,NaN,,NaN,true,Center,NaN,NaN,NaN,NaN,NaN,NaN,,NaN,NaN,true,NaN,NaN,true,,50.5,19,,,NaN,92.4,52.9,,true,,NaN,NaN,99.1,50.2,171,,0.0932958647608757,0.0,,3,3,NaN,,NaN,NaN,,NaN,NaN,NaN,,,,,,,,,,,,NaN,NaN,,,NaN,NaN,,,,NaN,NaN,,,,,NaN,,,,,,,NaN,NaN,NaN,NaN,NaN,
6wwwud48qahpwrfxs20334qk5,Fredericia,2709242051,216,13,1,21,51,A. Muçolli,289rctmvd5ppy9zqn98jbe4et,1,88.5,38.3,2024-08-16T17:22:02.280,2024-08-16T17:23:12,1.0,"{""id"": 4611686018466289465, ""qualifierId"": 322, ""value"": ""0.0""}",64o9dmwumoh7ybeg7hb62m3o4,Fredericia vs Roskilde,2024-08-16,NaN,true,NaN,,true,,true,NaN,,NaN,true,Center,NaN,NaN,NaN,NaN,NaN,NaN,,NaN,true,NaN,NaN,NaN,NaN,,62.4,75,,,NaN,NaN,NaN,,true,,NaN,NaN,99.1,51.8,NaN,,0.10835517197847366,0.0,,2,2,true,,NaN,NaN,,NaN,NaN,NaN,,,,,,,,,,,,NaN,NaN,,,NaN,NaN,,,,NaN,NaN,,,,,NaN,,,,,,,NaN,NaN,NaN,NaN,NaN,
6wwwud48qahpwrfxs20334qk5,Fredericia,2709243331,225,16,1,23,57,G. Marcussen,ayxi2m0g0pm6rl1ba5pto66z9,1,85.1,40.3,2024-08-16T17:24:08.330,2024-08-16T17:25:50,1.0,"{""id"": 5150164281, ""qualifierId"": 56, ""value"": ""Center""}",64o9dmwumoh7ybeg7hb62m3o4,Fredericia vs Roskilde,2024-08-16,NaN,true,NaN,,NaN,,NaN,true,,NaN,true,Center,NaN,NaN,NaN,true,NaN,NaN,,NaN,NaN,NaN,true,NaN,NaN,,46.5,5.1,,,NaN,NaN,NaN,,true,,NaN,true,98.6,48.6,NaN,,0.12776410579681396,0.5700942873954773,,2,2,NaN,,2024-08-16 18:24:07.014,23:56.369,,99.7,48.9,NaN,,,,,,,,,,,,NaN,NaN,,,true,NaN,,,,NaN,NaN,,,,,NaN,,,,,,,NaN,NaN,NaN,NaN,NaN,
bd4qakf7j0wwie8wke9km7uj8,Roskilde,2709245289,268,15,1,28,27,E. Nielsen,7pnxa8wzxx5qxevcckxdd62tx,1,96.4,38.3,2024-08-16T17:28:38.626,2024-08-19T15:31:50,1.0,"{""id"": 5159956095, ""qualifierId"": 60}",64o9dmwumoh7ybeg7hb62m3o4,Fredericia vs Roskilde,2024-08-16,NaN,NaN,NaN,,true,,true,NaN,,NaN,true,Center,true,NaN,NaN,NaN,NaN,NaN,,NaN,NaN,NaN,true,NaN,NaN,,47.6,2.5,,,NaN,99.7,46.4,,true,,NaN,NaN,NaN,NaN,248,,0.1075144112110138,0.16898295283317566,,2,2,true,,NaN,NaN,,NaN,NaN,NaN,,,,,,,,,,,,NaN,NaN,,,NaN,NaN,,,,NaN,NaN,,,,,NaN,,,,,,,NaN,NaN,NaN,NaN,NaN,
6wwwud48qahpwrfxs20334qk5,Fredericia,2709247007,288,13,1,31,59,A. Bøndergaard,9jqox80arzpytv1b136jobhpm,1,96.0,71.4,2024-08-16T17:32:09.760,2024-08-19T15:33:10,NaN,"{""id"": 5159960153, ""qualifierId"": 65}",64o9dmwumoh7ybeg7hb62m3o4,Fredericia vs Roskilde,2024-08-16,NaN,NaN,NaN,,NaN,,true,NaN,,NaN,NaN,Center,NaN,NaN,NaN,true,true,NaN,,NaN,NaN,NaN,NaN,NaN,NaN,,61.0,25,,,NaN,NaN,NaN,,NaN,,NaN,true,99.4,54.5,NaN,,0.018117766827344894,0.0,,3,2,NaN,,NaN,NaN,,NaN,NaN,true,,,,,,,,,,,,true,NaN,,,NaN,NaN,,,,NaN,NaN,,,,,NaN,,,,,,,NaN,NaN,NaN,NaN,NaN,
bd4qakf7j0wwie8wke9km7uj8,Roskilde,2709246507,296,13,1,30,57,A. Taranis,m031ocyfq011rual3olkegdm,1,81.0,71.1,2024-08-16T17:31:08.910,2024-08-16T17:32:20,1.0,"{""id"": 5150182873, ""qualifierId"": 231, ""value"": ""52.9""}",64o9dmwumoh7ybeg7hb62m3o4,Fredericia vs Roskilde,2024-08-16,NaN,NaN,true,,true,,true,NaN,,NaN,true,Center,NaN,NaN,NaN,NaN,NaN,NaN,,NaN,NaN,NaN,NaN,true,NaN,,42.7,61.1,,,NaN,NaN,NaN,,NaN,,NaN,true,98.1,52.9,NaN,,0.024036483839154243,0.0,,2,2,NaN,,NaN,NaN,,NaN,NaN,NaN,,,,,,,,,,,,NaN,NaN,,,NaN,NaN,,,,NaN,NaN,,,,,NaN,,,,,,,NaN,NaN,NaN,NaN,NaN,
6wwwud48qahpwrfxs20334qk5,Fredericia,2709247633,298,15,1,33,7,J. Lindekilde,23sc7wc7my7wes6cuaxw1v0no,1,78.7,44.3,2024-08-16T17:33:18.416,2024-08-16T17:35:58,1.0,"{""id"": 5150194339, ""qualifierId"": 146, ""value"": ""98.6""}",64o9dmwumoh7ybeg7hb62m3o4,Fredericia vs Roskilde,2024-08-16,NaN,NaN,true,,true,,true,NaN,,NaN,true,Center,NaN,NaN,NaN,NaN,NaN,NaN,,true,NaN,NaN,NaN,NaN,NaN,,53.6,5.1,,,NaN,98.6,50.9,,NaN,,NaN,true,NaN,NaN,310,,0.05576363205909729,0.1277557611465454,,2,2,NaN,,NaN,NaN,,NaN,NaN,NaN,,,,,,,,,,,,NaN,NaN,,,NaN,NaN,,,,NaN,NaN,,,,,NaN,,,,,,,NaN,NaN,NaN,NaN,NaN,
6wwwud48qahpwrfxs20334qk5,Fredericia,2709248449,309,13,1,34,45,A. Muçolli,289rctmvd5ppy9zqn98jbe4et,1,90.2,69.0,2024-08-16T17:34:56.354,2024-08-16T17:36:06,1.0,"{""id"": 5150193579, ""qualifierId"": 103, ""value"": ""86.1""}",64o9dmwumoh7ybeg7hb62m3o4,Fredericia vs Roskilde,2024-08-16,NaN,NaN,NaN,,true,,true,NaN,,NaN,true,Center,NaN,NaN,true,NaN,NaN,true,,NaN,NaN,NaN,NaN,NaN,NaN,,47.2,86.1,,,NaN,NaN,NaN,,NaN,,NaN,NaN,99.7,53.3,NaN,,0.056894928216934204,0.0,,2,2,NaN,,NaN,NaN,,NaN,NaN,NaN,,,,,,,,,,,,NaN,NaN,,,NaN,NaN,,,,NaN,NaN,,,,,NaN,,,,,,,NaN,NaN,NaN,NaN,NaN,
6wwwud48qahpwrfxs20334qk5,Fredericia,2709250299,346,16,1,38,6,A. Bøndergaard,9jqox80arzpytv1b136jobhpm,1,91.8,50.0,2024-08-16T17:38:17.460,2024-08-19T16:31:30,1.0,"{""id"": 5150206173, ""qualifierId"": 214}",64o9dmwumoh7ybeg7hb62m3o4,Fredericia vs Roskilde,2024-08-16,NaN,true,NaN,,true,,true,NaN,,NaN,true,Center,NaN,NaN,NaN,NaN,NaN,NaN,,NaN,NaN,NaN,true,NaN,NaN,,46.6,10.1,,,NaN,NaN,NaN,,true,,true,NaN,94.0,53.4,NaN,,0.7103602886199951,0.9910051822662354,,2,0,true,,2024-08-16 18:38:16.943,38:06.298,,94.5,50.4,NaN,,,,,,,,,,,,NaN,NaN,,,NaN,NaN,,,,NaN,NaN,,,,,NaN,,,,,,,NaN,NaN,NaN,344,true,
6wwwud48qahpwrfxs20334qk5,Fredericia,2709251623,366,13,1,40,55,J. Lindekilde,23sc7wc7my7wes6cuaxw1v0no,1,74.1,66.6,2024-08-16T17:41:05.896,2024-08-16T17:42:25,1.0,"{""id"": 5150212311, ""qualifierId"": 29}",64o9dmwumoh7ybeg7hb62m3o4,Fredericia vs Roskilde,2024-08-16,NaN,NaN,true,,true,,true,NaN,,NaN,true,Center,NaN,NaN,NaN,NaN,NaN,NaN,,NaN,NaN,NaN,NaN,NaN,NaN,,48.7,48.6,,,NaN,NaN,NaN,,NaN,,NaN,true,98.6,51.8,NaN,,0.01704072393476963,0.0,,2,2,NaN,,NaN,NaN,,NaN,NaN,NaN,,,,,,,,,,,,NaN,NaN,,,NaN,NaN,,,,NaN,NaN,,,,,true,,,,,,,NaN,NaN,NaN,NaN,NaN,
bd4qakf7j0wwie8wke9km7uj8,Roskilde,2709252433,387,13,1,42,27,V. Montell,99tm7b6ux9s4qocz0y4pcahas,1,98.0,55.7,2024-08-16T17:42:38.320,2024-08-16T17:43:48,1.0,"{""id"": 5150216041, ""qualifierId"": 327, ""value"": ""3""}",64o9dmwumoh7ybeg7hb62m3o4,Fredericia vs Roskilde,2024-08-16,true,NaN,NaN,,NaN,,NaN,NaN,,true,true,Center,NaN,NaN,NaN,NaN,NaN,true,,NaN,NaN,NaN,NaN,NaN,NaN,,52.4,68.1,,,NaN,NaN,NaN,,true,,NaN,NaN,99.7,53.8,NaN,,0.17664702236652374,0.0,,3,3,true,,NaN,NaN,,NaN,NaN,NaN,,,,,,,,,,,,NaN,NaN,,,NaN,NaN,,,,NaN,NaN,,,,,NaN,,,,,,,true,NaN,NaN,NaN,NaN,
bd4qakf7j0wwie8wke9km7uj8,Roskilde,2709253709,424,15,1,45,10,O. Juul,aejgqvdw1jftxaa538kaa15w4,1,86.7,60.1,2024-08-16T17:45:20.665,2024-08-16T17:46:33,1.0,"{""id"": 5150223453, ""qualifierId"": 321, ""value"": ""0.10823999345302582""}",64o9dmwumoh7ybeg7hb62m3o4,Fredericia vs Roskilde,2024-08-16,NaN,true,NaN,,NaN,,true,NaN,,NaN,true,Center,NaN,NaN,NaN,true,NaN,NaN,,true,NaN,NaN,NaN,NaN,true,,52.1,19,,,NaN,89.7,58.3,,NaN,,NaN,true,99.0,52.2,407,,0.10823999345302582,0.0,,2,2,NaN,,NaN,NaN,,NaN,NaN,NaN,,,,,,,,,,,,NaN,NaN,,,NaN,NaN,,,,NaN,true,,,,,NaN,,,,,,,NaN,NaN,NaN,NaN,NaN,
bd4qakf7j0wwie8wke9km7uj8,Roskilde,2709265177,513,16,2,51,38,A. Taranis,m031ocyfq011rual3olkegdm,1,87.7,48.1,2024-08-16T18:08:20.299,2024-08-16T20:32:56,1.0,"{""id"": 5150290661, ""qualifierId"": 23}",64o9dmwumoh7ybeg7hb62m3o4,Fredericia vs Roskilde,2024-08-16,NaN,true,NaN,,true,,NaN,true,,NaN,true,Center,NaN,NaN,NaN,NaN,NaN,NaN,,true,NaN,NaN,NaN,NaN,NaN,,54.2,2.5,,,NaN,NaN,NaN,,true,,true,true,93.4,49.5,NaN,,0.5223094820976257,0.6672559380531311,,2,1,true,,2024-08-16 19:08:19.520,51:37.727,,98.9,52.0,NaN,,,,,,,,,,,,NaN,NaN,,,NaN,NaN,,,,NaN,NaN,,,,,NaN,,,,,,,NaN,NaN,true,NaN,NaN,
bd4qakf7j0wwie8wke9km7uj8,Roskilde,2709281411,655,13,2,67,9,R. Arabaci,7h02v4ymnko5fh01iylbh34es,1,85.8,30.9,2024-08-16T18:23:50.906,2024-08-16T18:25,1.0,"{""id"": 5150376417, ""qualifierId"": 215}",64o9dmwumoh7ybeg7hb62m3o4,Fredericia vs Roskilde,2024-08-16,NaN,NaN,NaN,,NaN,,true,NaN,,NaN,true,Center,NaN,true,NaN,true,NaN,true,,NaN,NaN,NaN,NaN,NaN,NaN,,46.9,62.5,,,NaN,NaN,NaN,,NaN,,NaN,true,99.1,47.1,NaN,,0.03934729844331741,0.0,,2,2,NaN,,NaN,NaN,,NaN,NaN,NaN,,,,,,,,,,,,NaN,NaN,,,NaN,NaN,,,,NaN,NaN,,,,,NaN,,,,,,,NaN,NaN,NaN,NaN,NaN,
6wwwud48qahpwrfxs20334qk5,Fredericia,2709284989,678,15,2,70,41,P. Egelund,6lb4k3g75nzgi8bp1y1mzxkru,1,77.6,42.4,2024-08-16T18:27:23.300,2024-08-16T18:29:13,1.0,"{""id"": 5150399879, ""qualifierId"": 102, ""value"": ""46.7""}",64o9dmwumoh7ybeg7hb62m3o4,Fredericia vs Roskilde,2024-08-16,NaN,NaN,true,,true,,true,NaN,,NaN,true,Center,NaN,NaN,NaN,NaN,NaN,NaN,,NaN,NaN,NaN,true,NaN,true,,46.7,19,,,NaN,87.1,44.2,,NaN,,NaN,true,99.1,51.3,683,,0.04698833450675011,0.0,,2,2,NaN,,NaN,NaN,,NaN,NaN,NaN,,,,,,,,,,,,NaN,NaN,,,NaN,NaN,,,,NaN,NaN,,,,,NaN,,,,,,,NaN,NaN,NaN,NaN,NaN,
bd4qakf7j0wwie8wke9km7uj8,Roskilde,2709297905,814,15,2,83,31,M. Juhl,duvhbifjh37mvlm46akiy431m,1,88.6,39.1,2024-08-16T18:40:12.856,2024-08-16T20:32:58,1.0,"{""id"": 5150533703, ""qualifierId"": 321, ""value"": ""0.09641751646995544""}",64o9dmwumoh7ybeg7hb62m3o4,Fredericia vs Roskilde,2024-08-16,NaN,true,NaN,,true,,true,NaN,,NaN,true,Center,NaN,NaN,NaN,NaN,NaN,NaN,,NaN,NaN,true,NaN,NaN,NaN,,49.9,3.8,,,NaN,98.6,49.5,,true,,NaN,NaN,NaN,NaN,773,,0.09641751646995544,0.07751580327749252,,2,2,true,,NaN,NaN,,NaN,NaN,NaN,,,,,,,,,,,,NaN,NaN,,,NaN,NaN,,,,NaN,NaN,,,,,NaN,,,,,,,NaN,NaN,NaN,NaN,NaN,
bd4qakf7j0wwie8wke9km7uj8,Roskilde,2709298189,820,13,2,83,37,M. Winkel,6bkuzenpse2kzirt9q7qeisd0,1,88.1,67.2,2024-08-16T18:40:19.229,2024-08-16T18:41:41,1.0,"{""id"": 5150469605, ""qualifierId"": 231, ""value"": ""51.3""}",64o9dmwumoh7ybeg7hb62m3o4,Fredericia vs Roskilde,2024-08-16,NaN,NaN,NaN,,true,,true,NaN,,NaN,true,Center,NaN,NaN,true,NaN,true,NaN,,NaN,NaN,NaN,NaN,NaN,NaN,,60.5,23.6,,,NaN,NaN,NaN,,true,,NaN,NaN,98.9,51.3,NaN,,0.03464776650071144,0.0,,2,2,true,,NaN,NaN,,NaN,NaN,NaN,,,,,,,,,,,,NaN,NaN,,,NaN,NaN,,,,NaN,NaN,,,,,NaN,,,,,,,NaN,NaN,NaN,NaN,NaN,
6wwwud48qahpwrfxs20334qk5,Fredericia,2709304953,837,15,2,90,13,A. Muçolli,289rctmvd5ppy9zqn98jbe4et,1,77.7,57.5,2024-08-16T18:46:55.178,2024-08-16T18:48:08,1.0,"{""id"": 5150506797, ""qualifierId"": 56, ""value"": ""Center""}",64o9dmwumoh7ybeg7hb62m3o4,Fredericia vs Roskilde,2024-08-16,NaN,NaN,true,,true,,true,NaN,,NaN,true,Center,NaN,NaN,NaN,NaN,NaN,NaN,,NaN,NaN,NaN,NaN,NaN,NaN,,48.4,25.3,,,NaN,98.6,52.3,,NaN,,NaN,NaN,NaN,NaN,876,,0.04879646748304367,0.16916324198246002,,2,2,NaN,,NaN,NaN,,NaN,NaN,NaN,,,,,,,,,,,,NaN,true,,,NaN,NaN,,,,NaN,NaN,,,,,NaN,,,,,,,NaN,NaN,NaN,NaN,NaN,
6wwwud48qahpwrfxs20334qk5,Fredericia,2709305881,846,15,2,91,14,O. Buch,y4dl1rer075c9wz6zhx7skbt,1,92.6,69.3,2024-08-16T18:47:56.180,2024-08-16T18:49:04,1.0,"{""id"": 5150512693, ""qualifierId"": 233, ""value"": ""886""}",64o9dmwumoh7ybeg7hb62m3o4,Fredericia vs Roskilde,2024-08-16,NaN,NaN,NaN,,true,,true,NaN,,NaN,true,Center,NaN,NaN,true,NaN,NaN,NaN,,true,NaN,NaN,NaN,NaN,NaN,,52.6,5.1,,,NaN,100.0,49.5,,NaN,,NaN,true,NaN,NaN,886,,0.058798667043447495,0.16881896555423737,,2,2,NaN,,NaN,NaN,,NaN,NaN,NaN,,,,,,,,,,,,NaN,NaN,,,NaN,NaN,,,,NaN,NaN,,,,,NaN,,,,,,,NaN,NaN,NaN,NaN,NaN,
bd4qakf7j0wwie8wke9km7uj8,Roskilde,2711317317,75,15,1,8,29,K. Nyegaard,4rhxehi019n7z1z1m7a39w1sk,1,79.6,47.0,2024-08-20T16:08:35.196,2024-08-20T16:36:23,1.0,"{""id"": 5161622825, ""qualifierId"": 18}",65t3a478yk7dsm6iulmfhp2j8,Roskilde vs Horsens,2024-08-20,NaN,NaN,true,,true,,NaN,true,NaN,NaN,true,Center,,NaN,NaN,NaN,NaN,NaN,NaN,NaN,,true,NaN,NaN,true,NaN,48.5,19,NaN,,,82.4,47.1,NaN,true,NaN,NaN,NaN,98.5,50.5,95,,0.059351250529289246,0.0,NaN,3,2,NaN,NaN,NaN,NaN,,NaN,NaN,NaN,,,,,,,,,,NaN,,,NaN,NaN,,,,,,,,,,,,NaN,NaN,,,NaN,,,,,NaN,NaN,,,NaN
a9vw7ikerpr4cuweeeka5aneg,Horsens,2711317151,82,15,1,7,42,J. Madsen,eso2tbbpnxu9qvx6zy07m5jx0,1,84.6,47.7,2024-08-20T16:07:48.272,2024-08-20T16:27:34,NaN,"{""id"": 5161637733, ""qualifierId"": 103, ""value"": ""19""}",65t3a478yk7dsm6iulmfhp2j8,Roskilde vs Horsens,2024-08-20,NaN,true,NaN,,NaN,,NaN,NaN,NaN,NaN,NaN,Center,,NaN,NaN,true,NaN,NaN,NaN,NaN,,true,NaN,NaN,true,NaN,48.5,19,NaN,,,94.3,48.2,NaN,NaN,true,NaN,true,99.1,49.5,64,,0.05015501752495766,0.0,NaN,3,3,true,NaN,NaN,NaN,,NaN,NaN,true,,,,,,,,,,NaN,,,NaN,true,,,,,,,,,,,,NaN,NaN,,,NaN,,,,,NaN,NaN,,,NaN
bd4qakf7j0wwie8wke9km7uj8,Roskilde,2711317445,82,13,1,9,30,A. Maarup,cf6zq49y8v1ekw07e7yi3uac,1,84.2,49.7,2024-08-20T16:09:35.470,2024-08-20T16:10:44,1.0,"{""id"": 5161623765, ""qualifierId"": 29}",65t3a478yk7dsm6iulmfhp2j8,Roskilde vs Horsens,2024-08-20,NaN,true,NaN,,true,,NaN,NaN,NaN,true,true,Center,,NaN,NaN,NaN,true,NaN,NaN,NaN,,NaN,NaN,NaN,NaN,NaN,62.5,2.8,NaN,,,NaN,NaN,NaN,NaN,NaN,NaN,true,98.9,50.4,NaN,,0.06543073803186417,0.0,NaN,2,3,NaN,NaN,NaN,NaN,,NaN,NaN,NaN,,,,,,,,,,NaN,,,NaN,NaN,,,,,,,,,,,,NaN,NaN,,,NaN,,,,,NaN,NaN,,,NaN
a9vw7ikerpr4cuweeeka5aneg,Horsens,2711317197,87,15,1,7,56,M. Hyseni,a48bpdpt0siemxqtr3rubwbu,1,97.0,54.0,2024-08-20T16:08:01.400,2024-08-20T16:32:03,1.0,"{""id"": 5161640817, ""qualifierId"": 102, ""value"": ""52.0""}",65t3a478yk7dsm6iulmfhp2j8,Roskilde vs Horsens,2024-08-20,NaN,NaN,NaN,,NaN,,true,NaN,NaN,NaN,true,Center,,NaN,NaN,true,NaN,NaN,NaN,true,,NaN,NaN,NaN,true,NaN,52.0,19,NaN,,,98.1,53.3,NaN,true,NaN,true,NaN,99.7,52.3,67,,0.2709328830242157,0.0,NaN,3,2,NaN,NaN,NaN,NaN,,NaN,NaN,NaN,,,,,,,,,,NaN,,,NaN,true,,,,,,,,,,,,NaN,NaN,,,true,,,,,NaN,NaN,,,NaN
bd4qakf7j0wwie8wke9km7uj8,Roskilde,2711319049,164,15,1,20,4,R. Arabaci,7h02v4ymnko5fh01iylbh34es,1,82.3,46.0,2024-08-20T16:20:09.517,2024-08-20T16:50:23,1.0,"{""id"": 5161654659, ""qualifierId"": 321, ""value"": ""0.4356214106082916""}",65t3a478yk7dsm6iulmfhp2j8,Roskilde vs Horsens,2024-08-20,NaN,NaN,true,,true,,NaN,true,NaN,NaN,true,Center,,NaN,NaN,NaN,NaN,NaN,NaN,NaN,,true,NaN,NaN,true,NaN,48.9,19,NaN,,,96.9,48.4,NaN,true,NaN,true,true,87.1,47.1,212,,0.4356214106082916,0.0,NaN,2,1,NaN,NaN,NaN,NaN,,NaN,NaN,NaN,,,,,,,,,,NaN,,,NaN,true,,,,,,,,,,,,NaN,NaN,,,NaN,,,,,NaN,true,,,true
a9vw7ikerpr4cuweeeka5aneg,Horsens,2711318339,171,13,1,15,47,O. Kjærgaard,cl4xl80n4gew1ox03r3ooshrd,1,87.7,37.4,2024-08-20T16:15:52.558,2024-08-20T16:17:43,1.0,"{""id"": 5161629789, ""qualifierId"": 230, ""value"": ""98.0""}",65t3a478yk7dsm6iulmfhp2j8,Roskilde vs Horsens,2024-08-20,NaN,true,NaN,,true,,true,NaN,NaN,NaN,true,Center,,NaN,NaN,NaN,NaN,NaN,NaN,NaN,,NaN,NaN,NaN,NaN,true,58.3,33.3,NaN,,,NaN,NaN,NaN,true,NaN,NaN,NaN,98.0,47.5,NaN,,0.11070463061332703,0.0,NaN,1,2,true,NaN,NaN,NaN,,NaN,NaN,NaN,,,,,,,,,,NaN,,,NaN,NaN,,,,,,,,,,,,NaN,NaN,,,NaN,,,,,NaN,NaN,,,NaN
bd4qakf7j0wwie8wke9km7uj8,Roskilde,2711319453,186,15,1,22,36,R. Arabaci,7h02v4ymnko5fh01iylbh34es,1,89.0,66.5,2024-08-20T16:22:41.496,2024-08-22T11:29:14,1.0,"{""id"": 5163709615, ""qualifierId"": 76}",65t3a478yk7dsm6iulmfhp2j8,Roskilde vs Horsens,2024-08-20,NaN,NaN,NaN,,true,,true,NaN,NaN,NaN,true,Center,,NaN,true,NaN,NaN,NaN,NaN,true,,NaN,NaN,NaN,NaN,NaN,53.2,3.8,NaN,,,99.1,52.3,NaN,true,NaN,NaN,NaN,NaN,NaN,232,,0.06165814772248268,0.1542917788028717,NaN,2,2,NaN,NaN,NaN,NaN,,NaN,NaN,NaN,,,,,,,,,,NaN,,,NaN,NaN,,,,,,,,,,,,NaN,NaN,,,NaN,,,,,NaN,NaN,,,NaN
bd4qakf7j0wwie8wke9km7uj8,Roskilde,2711321241,282,15,1,38,19,K. Nyegaard,4rhxehi019n7z1z1m7a39w1sk,1,74.7,63.5,2024-08-20T16:38:24.843,2024-08-20T19:36,1.0,"{""id"": 5161655723, ""qualifierId"": 24}",65t3a478yk7dsm6iulmfhp2j8,Roskilde vs Horsens,2024-08-20,NaN,NaN,true,,true,,NaN,NaN,true,NaN,true,Center,,NaN,NaN,NaN,NaN,NaN,NaN,NaN,,NaN,true,NaN,NaN,NaN,48.1,9.5,NaN,,,98.9,49.3,NaN,NaN,NaN,NaN,true,NaN,NaN,368,,0.009501639753580093,0.02966129407286644,NaN,2,2,true,NaN,NaN,NaN,,NaN,NaN,NaN,,,,,,,,,,NaN,,,NaN,NaN,,,,,,,,,,,,NaN,NaN,,,NaN,,,,,NaN,NaN,,,NaN
bd4qakf7j0wwie8wke9km7uj8,Roskilde,2711321249,283,15,1,38,23,R. Arabaci,7h02v4ymnko5fh01iylbh34es,1,88.1,30.1,2024-08-20T16:38:28.411,2024-08-20T16:40:23,NaN,"{""id"": 5161655807, ""qualifierId"": 24}",65t3a478yk7dsm6iulmfhp2j8,Roskilde vs Horsens,2024-08-20,NaN,NaN,NaN,,true,,NaN,NaN,true,NaN,NaN,Center,,true,NaN,NaN,NaN,NaN,NaN,NaN,,NaN,true,NaN,true,NaN,48.0,19,NaN,,,93.2,37.7,NaN,NaN,NaN,NaN,NaN,98.0,46.2,369,,0.023746633902192116,0.0,true,2,2,true,282,NaN,NaN,,NaN,NaN,true,,,,,,,,,,NaN,,,NaN,NaN,,,,,,,,,,,,NaN,NaN,,,NaN,,,,,NaN,NaN,,,NaN
bd4qakf7j0wwie8wke9km7uj8,Roskilde,2711324181,398,15,2,52,23,V. Montell,99tm7b6ux9s4qocz0y4pcahas,1,83.1,33.1,2024-08-20T17:08:28.474,2024-08-20T17:24:47,1.0,"{""id"": 5161674353, ""qualifierId"": 215}",65t3a478yk7dsm6iulmfhp2j8,Roskilde vs Horsens,2024-08-20,NaN,NaN,NaN,,NaN,,NaN,NaN,NaN,true,true,Center,,true,NaN,true,NaN,NaN,NaN,true,,NaN,NaN,NaN,true,NaN,52.2,19,NaN,,,86.6,37.0,NaN,NaN,NaN,NaN,true,99.4,47.7,517,,0.031171148642897606,0.0,NaN,2,3,NaN,NaN,NaN,NaN,,NaN,NaN,NaN,,,,,,,,,,NaN,,,NaN,NaN,,,,,,,,,,,,NaN,NaN,,,NaN,,,,,NaN,NaN,,,NaN
bd4qakf7j0wwie8wke9km7uj8,Roskilde,2711324295,403,16,2,52,52,A. Taranis,m031ocyfq011rual3olkegdm,1,76.7,61.2,2024-08-20T17:08:58.243,2024-08-22T15:29:52,1.0,"{""id"": 5161665973, ""qualifierId"": 80}",65t3a478yk7dsm6iulmfhp2j8,Roskilde vs Horsens,2024-08-20,NaN,NaN,true,,true,,true,NaN,NaN,NaN,true,Center,,NaN,NaN,NaN,NaN,NaN,NaN,NaN,,NaN,true,NaN,NaN,NaN,45.7,14.6,NaN,,,NaN,NaN,NaN,NaN,NaN,NaN,true,98.4,50.2,NaN,,0.02660209685564041,0.3566053807735443,NaN,2,2,NaN,NaN,2024-08-20 18:08:56.706,52:51.461,,1.6,51.6,NaN,,,,,,,,,,NaN,,,NaN,NaN,,,,,,,,,,,,NaN,NaN,,,NaN,,,,,NaN,NaN,,,NaN
bd4qakf7j0wwie8wke9km7uj8,Roskilde,2711325305,456,13,2,62,21,N. Halse,bwozpgcm48s08t1glxfgjajmd,1,82.7,31.9,2024-08-20T17:18:26.634,2024-08-20T17:32:01,1.0,"{""id"": 5161677805, ""qualifierId"": 73}",65t3a478yk7dsm6iulmfhp2j8,Roskilde vs Horsens,2024-08-20,NaN,NaN,true,,NaN,,NaN,NaN,NaN,NaN,true,Center,,NaN,NaN,true,true,NaN,NaN,NaN,,NaN,NaN,NaN,NaN,NaN,67.6,4.2,true,,,98.1,57.9,true,NaN,true,NaN,true,98.9,54.3,NaN,,0.05611521005630493,0.0,NaN,2,3,true,NaN,NaN,NaN,,NaN,NaN,NaN,,,,,,,,,,NaN,,,NaN,NaN,,,,,,,,,,,,NaN,NaN,,,NaN,,,,,NaN,NaN,,,NaN
a9vw7ikerpr4cuweeeka5aneg,Horsens,2711323533,466,13,2,46,58,S. Hausner,5lu7bn7uec3zjqpoi1x81gbu1,1,75.7,49.1,2024-08-20T17:03:03.278,2024-08-20T17:10:36,1.0,"{""id"": 5161661249, ""qualifierId"": 22}",65t3a478yk7dsm6iulmfhp2j8,Roskilde vs Horsens,2024-08-20,NaN,NaN,true,,true,,true,NaN,NaN,NaN,true,Center,,NaN,NaN,NaN,NaN,NaN,NaN,NaN,,NaN,NaN,NaN,NaN,NaN,50.8,56.9,NaN,,,NaN,NaN,NaN,NaN,NaN,NaN,true,98.9,50.2,NaN,,0.03574969619512558,0.0,NaN,1,2,true,NaN,NaN,NaN,,NaN,NaN,NaN,,,,,,,,,,NaN,,,NaN,NaN,,,,,,,,,,,,NaN,true,,,NaN,,,,,NaN,NaN,,,NaN
a9vw7ikerpr4cuweeeka5aneg,Horsens,2711324743,570,13,2,57,16,O. Kjærgaard,cl4xl80n4gew1ox03r3ooshrd,1,80.5,31.9,2024-08-20T17:13:21.646,2024-08-20T17:14:32,1.0,"{""id"": 5161668715, ""qualifierId"": 231, ""value"": ""47.8""}",65t3a478yk7dsm6iulmfhp2j8,Roskilde vs Horsens,2024-08-20,NaN,NaN,true,,NaN,,true,NaN,NaN,NaN,true,Center,,NaN,NaN,true,NaN,NaN,true,NaN,,NaN,NaN,NaN,NaN,NaN,37.8,18.1,NaN,,,NaN,NaN,NaN,NaN,NaN,NaN,true,96.4,47.8,NaN,,0.029887758195400238,0.0,NaN,2,2,NaN,NaN,NaN,NaN,,NaN,NaN,NaN,,,,,,,,,,NaN,,,NaN,NaN,,,,,,,,,,,,NaN,NaN,,,NaN,,,,,NaN,NaN,,,NaN
a9vw7ikerpr4cuweeeka5aneg,Horsens,2711324989,584,16,2,59,11,M. Kallesøe,a6ymx4wkrn260rtpb360nsiqd,1,78.5,44.8,2024-08-20T17:15:16.647,2024-08-22T15:29:41,NaN,"{""id"": 5161670107, ""qualifierId"": 326, ""value"": ""1""}",65t3a478yk7dsm6iulmfhp2j8,Roskilde vs Horsens,2024-08-20,NaN,NaN,true,,true,,NaN,NaN,NaN,true,NaN,Center,,NaN,NaN,NaN,NaN,NaN,NaN,true,,NaN,NaN,NaN,NaN,NaN,53.9,7.0,true,,,NaN,NaN,NaN,NaN,NaN,NaN,NaN,98.5,49.8,NaN,,0.0266219824552536,0.20856425166130066,NaN,1,3,true,NaN,2024-08-20 18:15:15.276,59:10.031,,98.1,51.4,true,,,,,,,,,,NaN,,,NaN,NaN,,,,,,,,,,,,NaN,NaN,,,NaN,,,,,NaN,NaN,,,NaN
bd4qakf7j0wwie8wke9km7uj8,Roskilde,2711327015,613,15,2,81,2,S. Baskaya,1el3mu4rgcx8tebrawgfvynf8,1,85.3,49.7,2024-08-20T17:37:08.400,2024-08-20T17:39:11,1.0,"{""id"": 5161683395, ""qualifierId"": 29}",65t3a478yk7dsm6iulmfhp2j8,Roskilde vs Horsens,2024-08-20,NaN,true,NaN,,NaN,,true,NaN,NaN,NaN,true,Center,,NaN,NaN,true,NaN,NaN,NaN,NaN,,true,NaN,NaN,true,NaN,49.2,19,NaN,,,87.2,49.6,NaN,true,NaN,NaN,NaN,98.4,47.8,764,,0.08124761283397675,0.0,NaN,3,2,NaN,NaN,NaN,NaN,,NaN,NaN,NaN,,,,,,,,,,NaN,,,NaN,NaN,,,,,,,,,,,,NaN,NaN,,,NaN,,,,,NaN,NaN,,,NaN
bd4qakf7j0wwie8wke9km7uj8,Roskilde,2711327185,623,13,2,82,46,O. Skolnik,81c40rn7lrb39qu0sam8kv6dw,1,81.5,28.6,2024-08-20T17:38:51.713,2024-08-20T17:39:58,NaN,"{""id"": 5161683751, ""qualifierId"": 326, ""value"": ""1""}",65t3a478yk7dsm6iulmfhp2j8,Roskilde vs Horsens,2024-08-20,NaN,NaN,true,,NaN,,NaN,NaN,NaN,NaN,NaN,Center,,NaN,NaN,true,NaN,true,NaN,NaN,,NaN,NaN,NaN,NaN,NaN,49.1,65.3,NaN,,,NaN,NaN,NaN,NaN,NaN,NaN,NaN,98.9,48.7,NaN,,0.04760165140032768,0.0,NaN,1,3,NaN,NaN,NaN,NaN,,NaN,NaN,true,,,,,,,,,,true,,,NaN,NaN,,,,,,,,,,,,NaN,NaN,,,NaN,,,,,NaN,NaN,,,NaN
a9vw7ikerpr4cuweeeka5aneg,Horsens,2711325683,633,16,2,66,29,O. Kjærgaard,cl4xl80n4gew1ox03r3ooshrd,1,93.4,60.6,2024-08-20T17:22:34.611,2024-08-22T15:29:37,1.0,"{""id"": 5163860893, ""qualifierId"": 396, ""value"": ""53.1""}",65t3a478yk7dsm6iulmfhp2j8,Roskilde vs Horsens,2024-08-20,NaN,true,NaN,,true,,NaN,NaN,NaN,true,true,Center,,NaN,NaN,NaN,NaN,NaN,NaN,NaN,,NaN,NaN,true,NaN,NaN,47.0,32.9,true,,,NaN,NaN,NaN,true,NaN,NaN,NaN,99.5,53.6,NaN,,0.08408652245998383,0.815934956073761,NaN,2,2,true,NaN,2024-08-20 18:22:34.011,66:28.766,,99.4,53.1,NaN,,,,,,,,,,NaN,,,NaN,NaN,,,,,,,,,,,,NaN,NaN,,,NaN,,,,,NaN,NaN,,,NaN
bd4qakf7j0wwie8wke9km7uj8,Roskilde,2711328067,687,13,2,91,40,H. Askham,4brcvdxviy9f03iwcavxll80l,1,98.0,46.4,2024-08-20T17:47:45.768,2024-08-20T17:48:54,NaN,"{""id"": 4611686018466454147, ""qualifierId"": 322, ""value"": ""0.0""}",65t3a478yk7dsm6iulmfhp2j8,Roskilde vs Horsens,2024-08-20,NaN,NaN,NaN,,true,,true,NaN,NaN,NaN,NaN,Center,,NaN,NaN,NaN,NaN,NaN,NaN,NaN,,NaN,NaN,NaN,NaN,NaN,40.8,19.4,NaN,,,NaN,NaN,NaN,NaN,NaN,true,NaN,99.4,48.7,NaN,,0.761756420135498,0.0,NaN,1,1,true,NaN,NaN,NaN,,NaN,NaN,true,,,,,,,,,,NaN,,,NaN,NaN,,,,,,,,,,,,true,NaN,,,true,,,,,NaN,NaN,,,NaN
a9vw7ikerpr4cuweeeka5aneg,Horsens,2711326367,700,15,2,76,1,J. Ankersen,4mxciw9jsj9l437fd7bv78p91,1,73.4,51.5,2024-08-20T17:32:07.280,2024-08-20T17:37:41,NaN,"{""id"": 4611686018466454083, ""qualifierId"": 322, ""value"": ""0.0""}",65t3a478yk7dsm6iulmfhp2j8,Roskilde vs Horsens,2024-08-20,NaN,NaN,true,,true,,NaN,NaN,NaN,NaN,NaN,Center,,NaN,NaN,NaN,NaN,NaN,NaN,NaN,,NaN,NaN,NaN,true,NaN,50.6,20.8,NaN,,,82.8,52.3,NaN,NaN,NaN,NaN,NaN,97.8,50,556,,0.05113023519515991,0.0,NaN,1,3,NaN,NaN,NaN,NaN,,NaN,NaN,true,,,,,,,,,,true,,,true,NaN,,,,,,,,,,,,NaN,NaN,,,NaN,,,,,NaN,NaN,,,NaN
a9vw7ikerpr4cuweeeka5aneg,Horsens,2711326539,720,13,2,78,9,M. Egho,4m9sp9mxlsjk6fv7v218yqfv9,1,81.8,36.0,2024-08-20T17:34:14.786,2024-08-20T17:35:25,1.0,"{""id"": 4611686018466454079, ""qualifierId"": 322, ""value"": ""0.0""}",65t3a478yk7dsm6iulmfhp2j8,Roskilde vs Horsens,2024-08-20,NaN,NaN,true,,NaN,,true,NaN,NaN,NaN,true,Center,,NaN,NaN,true,NaN,NaN,NaN,NaN,,NaN,NaN,NaN,NaN,NaN,58.8,54.2,NaN,,,NaN,NaN,NaN,NaN,NaN,NaN,true,98.2,51.4,NaN,,0.06859371066093445,0.0,NaN,2,2,NaN,NaN,NaN,NaN,,NaN,NaN,NaN,,,,,,,,,,NaN,,,NaN,NaN,,,,,,,,,,,,NaN,NaN,,,NaN,,,,,true,NaN,,,NaN
bd4qakf7j0wwie8wke9km7uj8,Roskilde,2711328341,724,15,2,94,54,H. Askham,4brcvdxviy9f03iwcavxll80l,1,74.7,37.0,2024-08-20T17:50:59.566,2024-08-20T19:19:35,NaN,"{""id"": 4611686018466455023, ""qualifierId"": 322, ""value"": ""0.0""}",65t3a478yk7dsm6iulmfhp2j8,Roskilde vs Horsens,2024-08-20,NaN,NaN,true,,true,,true,NaN,NaN,NaN,NaN,Center,,NaN,NaN,NaN,NaN,NaN,NaN,NaN,,NaN,true,NaN,true,NaN,47.1,19,true,,,77.9,38.3,NaN,NaN,NaN,NaN,true,98.8,47.8,876,,0.006548651959747076,0.0,NaN,3,2,true,NaN,NaN,NaN,,NaN,NaN,true,,,,,,,,,,NaN,,,NaN,NaN,,,,,,,,,,,,NaN,NaN,,,NaN,,,,,NaN,NaN,,,NaN
a9vw7ikerpr4cuweeeka5aneg,Horsens,2711326649,732,15,2,79,9,J. Ankersen,4mxciw9jsj9l437fd7bv78p91,1,74.4,55.2,2024-08-20T17:35:14.482,2024-08-20T17:39:10,1.0,"{""id"": 5161680707, ""qualifierId"": 18}",65t3a478yk7dsm6iulmfhp2j8,Roskilde vs Horsens,2024-08-20,NaN,NaN,true,,true,,true,NaN,NaN,NaN,true,Center,,NaN,NaN,NaN,NaN,NaN,NaN,NaN,,true,NaN,NaN,true,NaN,50.4,19,NaN,,,79.9,54.2,NaN,NaN,NaN,NaN,true,97.8,52.0,587,,0.04756446182727814,0.0,NaN,1,3,NaN,NaN,NaN,NaN,,NaN,NaN,NaN,,,,,,,,,,NaN,,,NaN,NaN,,,,,,,,,,,,NaN,NaN,,,NaN,,,,,NaN,NaN,,,NaN
a9vw7ikerpr4cuweeeka5aneg,Horsens,2711326681,737,15,2,79,20,O. Kjærgaard,cl4xl80n4gew1ox03r3ooshrd,1,87.0,31.7,2024-08-20T17:35:26.240,2024-08-20T17:46:07,1.0,"{""id"": 5161687695, ""qualifierId"": 82}",65t3a478yk7dsm6iulmfhp2j8,Roskilde vs Horsens,2024-08-20,NaN,NaN,NaN,,true,,true,NaN,NaN,NaN,true,Center,,true,NaN,NaN,NaN,NaN,NaN,NaN,,true,NaN,NaN,true,NaN,49.5,19,NaN,,,88.6,33.9,NaN,true,NaN,NaN,NaN,99.5,47.3,588,,0.025036156177520752,0.0,NaN,3,2,NaN,NaN,NaN,NaN,,NaN,NaN,NaN,,,,,,,,,,NaN,,,NaN,NaN,,,,,,,,,,,,NaN,NaN,,,NaN,,,,,NaN,NaN,,,NaN
a9vw7ikerpr4cuweeeka5aneg,Horsens,2711327843,824,15,2,89,8,K. Karikari,cqsc3mj8klukkgutdrpegybdg,1,97.1,54.8,2024-08-20T17:45:13.803,2024-08-20T17:49:59,1.0,"{""id"": 5161690385, ""qualifierId"": 146, ""value"": ""95.8""}",65t3a478yk7dsm6iulmfhp2j8,Roskilde vs Horsens,2024-08-20,true,NaN,NaN,,NaN,,NaN,NaN,NaN,true,true,Center,,NaN,NaN,NaN,NaN,NaN,NaN,true,,NaN,NaN,NaN,true,NaN,52.6,19,NaN,,,95.8,56.0,NaN,true,NaN,NaN,NaN,99.1,51.8,662,,0.20116183161735535,0.0,NaN,3,2,true,NaN,NaN,NaN,,NaN,NaN,NaN,,,,,,,,,,NaN,,,NaN,true,,,,,,,,,,,,NaN,NaN,,,true,,,,,NaN,NaN,,,NaN
a9vw7ikerpr4cuweeeka5aneg,Horsens,2711328321,873,13,2,94,31,M. Egho,4m9sp9mxlsjk6fv7v218yqfv9,1,91.2,63.6,2024-08-20T17:50:36.310,2024-08-22T16:06:21,1.0,"{""id"": 5163875439, ""qualifierId"": 103, ""value"": ""8.3""}",65t3a478yk7dsm6iulmfhp2j8,Roskilde vs Horsens,2024-08-20,NaN,NaN,NaN,,NaN,,true,NaN,NaN,NaN,true,Center,,NaN,true,true,NaN,NaN,true,NaN,,NaN,NaN,NaN,NaN,NaN,5.0,8.3,NaN,,,95.3,53.6,true,true,NaN,NaN,NaN,98.1,53.3,NaN,,0.10355664044618607,0.0,NaN,2,2,true,NaN,NaN,NaN,,NaN,NaN,NaN,,,,,,,,,,NaN,,,NaN,NaN,,,,,,,,,,,,NaN,NaN,,,NaN,,,,,NaN,NaN,,,NaN
a9vw7ikerpr4cuweeeka5aneg,Horsens,2711711589,909,15,2,60,46,M. Egho,4m9sp9mxlsjk6fv7v218yqfv9,1,93.6,35.0,2024-08-20T17:16:51.621,2024-08-22T14:59:45,1.0,"{""id"": 5163858101, ""qualifierId"": 22}",65t3a478yk7dsm6iulmfhp2j8,Roskilde vs Horsens,2024-08-20,NaN,NaN,NaN,,NaN,,true,NaN,NaN,NaN,true,Center,,true,NaN,true,NaN,NaN,NaN,true,,NaN,NaN,NaN,true,NaN,54.6,11.1,NaN,,,95.1,39.3,NaN,true,NaN,NaN,NaN,99.7,46.2,444,,0.10016237944364548,0.0,NaN,2,2,true,NaN,NaN,NaN,,NaN,NaN,NaN,,,,,,,,,,NaN,,,NaN,true,,,,,,,,,,,,NaN,NaN,,,NaN,,,,,NaN,NaN,,,NaN
b8oqgvx1ijeyn6y1cn6929ix4,Kolding,2712617433,38,13,1,3,43,P. Ngongo,1nn1wc14k9zd3wtu73loj7kes,1,93.4,36.2,2024-08-24T17:04:18.952,2024-08-24T17:08:22,1.0,"{""id"": 5168752969, ""qualifierId"": 56, ""value"": ""Center""}",697sdgo5t9e7lo8ano2xyxvys,Kolding vs Roskilde,2024-08-24,true,NaN,NaN,,NaN,,NaN,NaN,,true,true,Center,NaN,true,,NaN,NaN,NaN,true,NaN,NaN,NaN,NaN,NaN,NaN,,40.5,23.6,NaN,,,NaN,NaN,NaN,true,,NaN,NaN,99.1,46.9,NaN,,0.012765849940478802,0.0,NaN,3,2,true,NaN,,,,,,NaN,,,,,,,,,,,,NaN,NaN,NaN,,,,,,,,,,,,NaN,,,,,NaN,,,,,,,,
bd4qakf7j0wwie8wke9km7uj8,Roskilde,2712625609,116,15,1,11,55,A. Taranis,m031ocyfq011rual3olkegdm,1,78.1,36.9,2024-08-24T17:12:30.691,2024-08-27T18:29:39,1.0,"{""id"": 5168799079, ""qualifierId"": 233, ""value"": ""110""}",697sdgo5t9e7lo8ano2xyxvys,Kolding vs Roskilde,2024-08-24,NaN,NaN,true,,true,,NaN,true,,NaN,true,Center,NaN,NaN,,NaN,NaN,NaN,NaN,NaN,NaN,NaN,NaN,NaN,NaN,,49.7,26.6,NaN,,,97.7,48.7,NaN,NaN,,NaN,true,NaN,NaN,110,,0.06897740811109543,0.04047314077615738,NaN,1,2,NaN,NaN,,,,,,NaN,,,,,,,,,,,,NaN,true,NaN,,,,,,,,,,,,NaN,,,,,NaN,,,,,,,,
bd4qakf7j0wwie8wke9km7uj8,Roskilde,2712644991,269,13,1,32,58,A. Taranis,m031ocyfq011rual3olkegdm,1,71.0,41.7,2024-08-24T17:33:33.732,2024-08-24T17:34:45,1.0,"{""id"": 4611686018466532717, ""qualifierId"": 322, ""value"": ""0.0""}",697sdgo5t9e7lo8ano2xyxvys,Kolding vs Roskilde,2024-08-24,NaN,NaN,true,,true,,true,NaN,,NaN,true,Center,NaN,NaN,,NaN,NaN,NaN,NaN,NaN,NaN,NaN,NaN,true,NaN,,43.7,93.1,NaN,,,NaN,NaN,NaN,NaN,,NaN,true,96.0,47.7,NaN,,0.01601576618850231,0.0,NaN,2,2,NaN,NaN,,,,,,NaN,,,,,,,,,,,,NaN,NaN,NaN,,,,,,,,,,,,NaN,,,,,NaN,,,,,,,,
b8oqgvx1ijeyn6y1cn6929ix4,Kolding,2712640533,293,15,1,28,7,P. Ngongo,1nn1wc14k9zd3wtu73loj7kes,1,83.4,49.4,2024-08-24T17:28:43.200,2024-08-24T17:30:16,1.0,"{""id"": 5168882503, ""qualifierId"": 56, ""value"": ""Center""}",697sdgo5t9e7lo8ano2xyxvys,Kolding vs Roskilde,2024-08-24,NaN,true,NaN,,true,,NaN,true,,NaN,true,Center,NaN,NaN,,NaN,NaN,NaN,NaN,NaN,NaN,true,NaN,NaN,true,,49.6,19,NaN,,,89.0,49.5,NaN,NaN,,NaN,NaN,98.2,50.4,239,,0.11310069262981415,0.0,NaN,2,2,true,NaN,,,,,,NaN,,,,,,,,,,,,NaN,NaN,NaN,,,,,,,,,,,,NaN,,,,,NaN,,,,,,,,
b8oqgvx1ijeyn6y1cn6929ix4,Kolding,2712645769,337,15,1,33,46,A. Njai,f1ba9g771s0zeel0titcj3omi,1,72.6,51.2,2024-08-24T17:34:22.420,2024-08-24T17:35:33,1.0,"{""id"": 5168912563, ""qualifierId"": 102, ""value"": ""50.4""}",697sdgo5t9e7lo8ano2xyxvys,Kolding vs Roskilde,2024-08-24,NaN,NaN,true,,true,,true,NaN,,NaN,true,Center,NaN,NaN,,NaN,NaN,NaN,NaN,NaN,NaN,true,NaN,NaN,NaN,,50.4,5.1,NaN,,,98.9,50.0,NaN,NaN,,NaN,true,NaN,NaN,278,,0.019468136131763458,0.010035276412963867,NaN,2,2,NaN,NaN,,,,,,NaN,,,,,,,,,,,,NaN,NaN,NaN,,,,,,,,,,,,NaN,,,,,NaN,,,,,,,,
b8oqgvx1ijeyn6y1cn6929ix4,Kolding,2712653915,406,15,1,41,38,F. Møller,e3546n3qj447qgmizao50zx1w,1,82.8,44.2,2024-08-24T17:42:14.341,2024-08-24T17:43:29,1.0,"{""id"": 5168957789, ""qualifierId"": 326, ""value"": ""2""}",697sdgo5t9e7lo8ano2xyxvys,Kolding vs Roskilde,2024-08-24,NaN,NaN,true,,true,,true,NaN,,NaN,true,Center,NaN,NaN,,NaN,NaN,NaN,NaN,NaN,NaN,true,NaN,NaN,true,,50.6,19,NaN,,,87.2,45.8,NaN,NaN,,NaN,true,99.3,50.9,389,,0.08776579797267914,0.0,NaN,2,2,NaN,NaN,,,,,,NaN,,,,,,,,,,,,NaN,NaN,NaN,,,,,,,,,,,,NaN,,,,,NaN,,,,,,,,
b8oqgvx1ijeyn6y1cn6929ix4,Kolding,2712658351,441,15,1,45,34,S. Yatéké,9ircna8pbskreztmy1wiqwx9m,1,92.7,54.6,2024-08-24T17:46:10.393,2024-08-27T18:29:42,1.0,"{""id"": 5168981903, ""qualifierId"": 22}",697sdgo5t9e7lo8ano2xyxvys,Kolding vs Roskilde,2024-08-24,NaN,true,NaN,,true,,true,NaN,,NaN,true,Center,NaN,NaN,,NaN,NaN,NaN,NaN,NaN,NaN,true,NaN,NaN,NaN,,51.7,2.5,NaN,,,99.4,49.8,NaN,true,,true,NaN,NaN,NaN,429,,0.16970697045326233,0.4485391676425934,NaN,3,2,NaN,NaN,,,,,,NaN,,,,,,,,,,,,NaN,NaN,NaN,,,,,,,,,,,,NaN,,,,,NaN,,,,,,,,
b8oqgvx1ijeyn6y1cn6929ix4,Kolding,2712658453,442,15,1,45,35,S. Jalal,ekx0wotp433tuaw4g93nybjmc,1,96.8,38.5,2024-08-24T17:46:11.506,2024-08-27T18:29:19,NaN,"{""id"": 5169012199, ""qualifierId"": 321, ""value"": ""0.18533100187778473""}",697sdgo5t9e7lo8ano2xyxvys,Kolding vs Roskilde,2024-08-24,NaN,NaN,NaN,,true,,true,NaN,,NaN,NaN,Center,true,NaN,,NaN,NaN,NaN,NaN,NaN,NaN,NaN,true,NaN,NaN,,46.4,1.3,NaN,,,98.9,44.6,NaN,NaN,,NaN,true,NaN,NaN,428,,0.18533100187778473,0.3768998980522156,true,2,1,true,441,,,,,,true,,,,,,,,,,,,NaN,NaN,NaN,,,,,,,,,,,,NaN,,,,,NaN,,,,,,,,
bd4qakf7j0wwie8wke9km7uj8,Roskilde,2712680471,509,13,2,53,9,E. Nielsen,7pnxa8wzxx5qxevcckxdd62tx,1,85.9,60.6,2024-08-24T18:08:55.664,2024-08-24T18:11:42,1.0,"{""id"": 5169105373, ""qualifierId"": 102, ""value"": ""42.4""}",697sdgo5t9e7lo8ano2xyxvys,Kolding vs Roskilde,2024-08-24,NaN,true,NaN,,true,,true,NaN,,NaN,true,Center,NaN,NaN,,NaN,NaN,NaN,NaN,NaN,NaN,NaN,NaN,NaN,NaN,,42.4,2.8,NaN,,,NaN,NaN,NaN,true,,NaN,NaN,98.2,51.3,NaN,,0.044729143381118774,0.0,NaN,3,2,NaN,NaN,,,,,,NaN,,,,,,,,,,,,NaN,NaN,NaN,,,,,,,,,,,,true,,,,,NaN,,,,,,,,
b8oqgvx1ijeyn6y1cn6929ix4,Kolding,2712679213,544,13,2,52,5,S. Jalal,ekx0wotp433tuaw4g93nybjmc,1,88.5,45.9,2024-08-24T18:07:52.574,2024-08-24T18:36:34,1.0,"{""id"": 5169259163, ""qualifierId"": 15}",697sdgo5t9e7lo8ano2xyxvys,Kolding vs Roskilde,2024-08-24,true,true,NaN,,NaN,,true,NaN,,NaN,true,Center,NaN,NaN,,NaN,true,NaN,NaN,NaN,NaN,NaN,NaN,NaN,NaN,,63.7,8.3,NaN,,,93.4,58.3,true,NaN,,NaN,NaN,99.3,50.4,NaN,,0.038804080337285995,0.0,NaN,2,2,true,NaN,,,,,,NaN,,,,,,,,,,,,NaN,NaN,NaN,,,,,,,,,,,,NaN,,,,,NaN,,,,,,,,
bd4qakf7j0wwie8wke9km7uj8,Roskilde,2712691279,554,15,2,62,19,A. Maarup,cf6zq49y8v1ekw07e7yi3uac,1,80.0,69.7,2024-08-24T18:18:06.578,2024-08-24T18:25:54,1.0,"{""id"": 5169163995, ""qualifierId"": 327, ""value"": ""2""}",697sdgo5t9e7lo8ano2xyxvys,Kolding vs Roskilde,2024-08-24,NaN,NaN,true,,true,,true,NaN,,NaN,true,Center,NaN,NaN,,NaN,NaN,NaN,NaN,true,NaN,NaN,NaN,NaN,true,,53.8,19,NaN,,,82.5,67.7,NaN,NaN,,NaN,true,98.8,50.2,611,,0.015457607805728912,0.0,NaN,3,2,NaN,NaN,,,,,,NaN,,,,,,,,,,,,NaN,NaN,NaN,,,,,,,,,,,,NaN,,,,,NaN,,,,,,,,
b8oqgvx1ijeyn6y1cn6929ix4,Kolding,2712681495,560,15,2,53,57,F. Møller,e3546n3qj447qgmizao50zx1w,1,96.5,34.6,2024-08-24T18:09:44.309,2024-08-24T18:14:41,NaN,"{""id"": 5169128927, ""qualifierId"": 146, ""value"": ""97.2""}",697sdgo5t9e7lo8ano2xyxvys,Kolding vs Roskilde,2024-08-24,NaN,NaN,NaN,,true,,true,NaN,,NaN,NaN,Center,NaN,NaN,,NaN,NaN,NaN,NaN,NaN,NaN,true,NaN,NaN,true,,48.5,19,NaN,,,97.2,37.4,NaN,NaN,,NaN,NaN,99.1,46.4,513,,0.03871159255504608,0.0,NaN,3,2,NaN,NaN,,,,,,true,,,,,,,,,,,,NaN,NaN,true,,,,,,,,,,,,NaN,,,,,true,,,,,,,,
b8oqgvx1ijeyn6y1cn6929ix4,Kolding,2712682033,565,13,2,54,30,F. Møller,e3546n3qj447qgmizao50zx1w,1,86.5,42.3,2024-08-24T18:10:17.356,2024-08-24T18:13:34,1.0,"{""id"": 5169116161, ""qualifierId"": 231, ""value"": ""48.9""}",697sdgo5t9e7lo8ano2xyxvys,Kolding vs Roskilde,2024-08-24,NaN,true,NaN,,true,,NaN,NaN,,true,true,Center,NaN,NaN,,NaN,NaN,NaN,NaN,NaN,NaN,NaN,NaN,true,NaN,,43.7,76.4,true,,,NaN,NaN,NaN,NaN,,NaN,true,98.8,48.9,NaN,,0.05960482731461525,0.0,NaN,2,3,NaN,NaN,,,,,,NaN,,,,,,,,,,,,NaN,NaN,NaN,,,,,,,,,,,,NaN,,,,,NaN,,,,,,,,
b8oqgvx1ijeyn6y1cn6929ix4,Kolding,2712700303,667,15,2,70,27,A. Nørager,8ewvm6ux4yvpwgrzjkc1chqwa,1,71.6,59.9,2024-08-24T18:26:14.109,2024-08-28T01:29:11,1.0,"{""id"": 5169861251, ""qualifierId"": 77}",697sdgo5t9e7lo8ano2xyxvys,Kolding vs Roskilde,2024-08-24,NaN,NaN,true,,NaN,,true,NaN,,NaN,true,Center,NaN,NaN,,true,NaN,NaN,NaN,NaN,true,NaN,NaN,NaN,NaN,,53.2,20.9,NaN,,,99.0,50.2,NaN,NaN,,NaN,true,NaN,NaN,629,,0.020299743860960007,0.0803954228758812,NaN,1,2,NaN,NaN,,,,,,NaN,,,,,,,,,,,,NaN,NaN,NaN,,,,,,,,,,,,NaN,,,,,NaN,,,,,,,,
b8oqgvx1ijeyn6y1cn6929ix4,Kolding,2712700973,672,15,2,71,12,M. Vestergård,f58yr2jmfp8kpgprfxbokt1t6,1,78.8,42.6,2024-08-24T18:26:59.429,2024-08-24T18:29:49,NaN,"{""id"": 5169234917, ""qualifierId"": 215}",697sdgo5t9e7lo8ano2xyxvys,Kolding vs Roskilde,2024-08-24,NaN,NaN,true,,NaN,,NaN,NaN,,true,NaN,Center,NaN,NaN,,true,NaN,NaN,NaN,NaN,NaN,true,NaN,NaN,true,,51.1,19,NaN,,,86.0,45.5,NaN,NaN,,NaN,true,86.0,45.5,641,,0.0730721652507782,0.0,NaN,2,3,NaN,NaN,,,,,,true,,,,,,,,,,,,NaN,NaN,NaN,,,,,,,,,,,,NaN,,,,,NaN,,,,,,,,
b8oqgvx1ijeyn6y1cn6929ix4,Kolding,2712703191,685,13,2,73,22,M. Vestergård,f58yr2jmfp8kpgprfxbokt1t6,1,81.7,64.2,2024-08-24T18:29:09.579,2024-08-27T18:29:29,NaN,"{""id"": 5169381193, ""qualifierId"": 146, ""value"": ""92.3""}",697sdgo5t9e7lo8ano2xyxvys,Kolding vs Roskilde,2024-08-24,NaN,NaN,true,,NaN,,NaN,NaN,,true,NaN,Center,NaN,NaN,,true,NaN,NaN,true,NaN,NaN,NaN,NaN,NaN,NaN,,32.4,8.3,NaN,,,92.3,49.6,true,NaN,,NaN,true,98.2,50.7,NaN,,0.02391340397298336,0.0,NaN,2,3,true,NaN,,,,,,true,,,,,,,,,,,,NaN,NaN,NaN,,,,,,,,,,,,NaN,,,,,NaN,,,,,,,,
b8oqgvx1ijeyn6y1cn6929ix4,Kolding,2712719387,804,13,2,85,59,P. Ngongo,1nn1wc14k9zd3wtu73loj7kes,1,75.6,50.5,2024-08-24T18:41:46.137,2024-08-24T18:43:44,1.0,"{""id"": 5169319225, ""qualifierId"": 22}",697sdgo5t9e7lo8ano2xyxvys,Kolding vs Roskilde,2024-08-24,NaN,NaN,true,,true,,true,NaN,,NaN,true,Center,NaN,NaN,,NaN,NaN,true,NaN,NaN,NaN,NaN,NaN,NaN,NaN,,48.7,93.1,true,,,NaN,NaN,NaN,NaN,,NaN,true,97.3,50.7,NaN,,0.01818629913032055,0.0,NaN,2,2,true,NaN,,,,,,NaN,,,,,,,,,,,,NaN,NaN,NaN,,,,,,,,,,,,NaN,,,,,NaN,,,,,,,,
b8oqgvx1ijeyn6y1cn6929ix4,Kolding,2712735675,919,15,2,97,53,A. Njai,f1ba9g771s0zeel0titcj3omi,1,95.4,64.6,2024-08-24T18:53:40.557,2024-08-27T18:29:21,NaN,"{""id"": 5169425421, ""qualifierId"": 233, ""value"": ""843""}",697sdgo5t9e7lo8ano2xyxvys,Kolding vs Roskilde,2024-08-24,NaN,NaN,NaN,,NaN,,true,NaN,,NaN,NaN,Center,NaN,NaN,,true,NaN,NaN,NaN,true,NaN,NaN,NaN,NaN,NaN,,52.9,13.9,NaN,,,99.1,53.8,NaN,NaN,,NaN,NaN,NaN,NaN,843,,0.10847780853509903,0.1871761530637741,NaN,2,2,NaN,NaN,,,,,,true,,,,,,,,,,,,true,NaN,NaN,,,,,,,,,,,,NaN,,,,,NaN,,,,,,,,
b8oqgvx1ijeyn6y1cn6929ix4,Kolding,2712735709,920,13,2,97,55,C. Enemark,2qedb8t85t1ieeed9613c9crt,1,91.2,41.3,2024-08-24T18:53:41.877,2024-08-24T18:55:50,NaN,"{""id"": 5169410967, ""qualifierId"": 103, ""value"": ""66.7""}",697sdgo5t9e7lo8ano2xyxvys,Kolding vs Roskilde,2024-08-24,NaN,true,NaN,,true,,true,NaN,,NaN,NaN,Center,NaN,NaN,,NaN,NaN,true,NaN,NaN,NaN,NaN,NaN,NaN,NaN,,50.1,66.7,NaN,,,NaN,NaN,NaN,NaN,,true,NaN,99.7,49.3,NaN,,0.22313806414604187,0.0,true,1,2,true,919,,,,,,true,,,,,,,,,,,,NaN,NaN,NaN,,,,,,,,,,,,NaN,,,,,NaN,,,,,,,,
